ISO-10303-21;
HEADER;
FILE_DESCRIPTION((''),'2;1');
FILE_NAME('RZP0014A_ASM','2022-03-02T08:24:47',('a0412086'),(''),
'CREO PARAMETRIC BY PTC INC, 2018500','CREO PARAMETRIC BY PTC INC, 2018500','');
FILE_SCHEMA(('CONFIG_CONTROL_DESIGN','SHAPE_APPEARANCE_LAYERS_GROUPS'));
ENDSEC;
DATA;
#30=DIRECTION('',(0.E0,0.E0,-1.E0));
#31=VECTOR('',#30,2.5E-1);
#32=CARTESIAN_POINT('',(-1.25E0,0.E0,-5.849999999991E-1));
#33=LINE('',#32,#31);
#34=DRAUGHTING_PRE_DEFINED_CURVE_FONT('continuous');
#35=CURVE_STYLE('',#34,POSITIVE_LENGTH_MEASURE(2.E-2),#22);
#36=PRESENTATION_STYLE_ASSIGNMENT((#35));
#37=STYLED_ITEM('',(#36),#33);
#38=DIRECTION('',(1.E0,0.E0,0.E0));
#39=VECTOR('',#38,3.999999999991E-1);
#40=CARTESIAN_POINT('',(-1.25E0,0.E0,-5.849999999991E-1));
#41=LINE('',#40,#39);
#42=CURVE_STYLE('',#34,POSITIVE_LENGTH_MEASURE(2.E-2),#22);
#43=PRESENTATION_STYLE_ASSIGNMENT((#42));
#44=STYLED_ITEM('',(#43),#41);
#45=DIRECTION('',(0.E0,0.E0,-1.E0));
#46=VECTOR('',#45,1.5E-1);
#47=CARTESIAN_POINT('',(-8.500000000008E-1,0.E0,-5.849999999991E-1));
#48=LINE('',#47,#46);
#49=CURVE_STYLE('',#34,POSITIVE_LENGTH_MEASURE(2.E-2),#22);
#50=PRESENTATION_STYLE_ASSIGNMENT((#49));
#51=STYLED_ITEM('',(#50),#48);
#52=DIRECTION('',(-7.071067811865E-1,0.E0,-7.071067811865E-1));
#53=VECTOR('',#52,1.414213562373E-1);
#54=CARTESIAN_POINT('',(-8.500000000008E-1,0.E0,-7.349999999991E-1));
#55=LINE('',#54,#53);
#56=CURVE_STYLE('',#34,POSITIVE_LENGTH_MEASURE(2.E-2),#22);
#57=PRESENTATION_STYLE_ASSIGNMENT((#56));
#58=STYLED_ITEM('',(#57),#55);
#59=DIRECTION('',(-1.E0,0.E0,0.E0));
#60=VECTOR('',#59,2.999999999991E-1);
#61=CARTESIAN_POINT('',(-9.500000000008E-1,0.E0,-8.349999999991E-1));
#62=LINE('',#61,#60);
#63=CURVE_STYLE('',#34,POSITIVE_LENGTH_MEASURE(2.E-2),#22);
#64=PRESENTATION_STYLE_ASSIGNMENT((#63));
#65=STYLED_ITEM('',(#64),#62);
#66=DIRECTION('',(0.E0,1.E0,0.E0));
#67=VECTOR('',#66,1.E-1);
#68=CARTESIAN_POINT('',(-1.25E0,0.E0,-8.349999999991E-1));
#69=LINE('',#68,#67);
#70=CURVE_STYLE('',#34,POSITIVE_LENGTH_MEASURE(2.E-2),#22);
#71=PRESENTATION_STYLE_ASSIGNMENT((#70));
#72=STYLED_ITEM('',(#71),#69);
#73=DIRECTION('',(0.E0,1.E0,0.E0));
#74=VECTOR('',#73,1.E-1);
#75=CARTESIAN_POINT('',(-9.500000000008E-1,0.E0,-8.349999999991E-1));
#76=LINE('',#75,#74);
#77=CURVE_STYLE('',#34,POSITIVE_LENGTH_MEASURE(2.E-2),#22);
#78=PRESENTATION_STYLE_ASSIGNMENT((#77));
#79=STYLED_ITEM('',(#78),#76);
#80=DIRECTION('',(0.E0,1.E0,0.E0));
#81=VECTOR('',#80,1.E-1);
#82=CARTESIAN_POINT('',(-8.500000000008E-1,0.E0,-7.349999999991E-1));
#83=LINE('',#82,#81);
#84=CURVE_STYLE('',#34,POSITIVE_LENGTH_MEASURE(2.E-2),#22);
#85=PRESENTATION_STYLE_ASSIGNMENT((#84));
#86=STYLED_ITEM('',(#85),#83);
#87=DIRECTION('',(0.E0,1.E0,0.E0));
#88=VECTOR('',#87,1.E-1);
#89=CARTESIAN_POINT('',(-8.500000000008E-1,0.E0,-5.849999999991E-1));
#90=LINE('',#89,#88);
#91=CURVE_STYLE('',#34,POSITIVE_LENGTH_MEASURE(2.E-2),#22);
#92=PRESENTATION_STYLE_ASSIGNMENT((#91));
#93=STYLED_ITEM('',(#92),#90);
#94=DIRECTION('',(0.E0,1.E0,0.E0));
#95=VECTOR('',#94,1.E-1);
#96=CARTESIAN_POINT('',(-1.25E0,0.E0,-5.849999999991E-1));
#97=LINE('',#96,#95);
#98=CURVE_STYLE('',#34,POSITIVE_LENGTH_MEASURE(2.E-2),#22);
#99=PRESENTATION_STYLE_ASSIGNMENT((#98));
#100=STYLED_ITEM('',(#99),#97);
#101=DIRECTION('',(0.E0,0.E0,-1.E0));
#102=VECTOR('',#101,2.5E-1);
#103=CARTESIAN_POINT('',(-1.25E0,1.E-1,-5.849999999991E-1));
#104=LINE('',#103,#102);
#105=CURVE_STYLE('',#34,POSITIVE_LENGTH_MEASURE(2.E-2),#22);
#106=PRESENTATION_STYLE_ASSIGNMENT((#105));
#107=STYLED_ITEM('',(#106),#104);
#108=DIRECTION('',(-1.E0,0.E0,0.E0));
#109=VECTOR('',#108,2.999999999991E-1);
#110=CARTESIAN_POINT('',(-9.500000000008E-1,1.E-1,-8.349999999991E-1));
#111=LINE('',#110,#109);
#112=CURVE_STYLE('',#34,POSITIVE_LENGTH_MEASURE(2.E-2),#22);
#113=PRESENTATION_STYLE_ASSIGNMENT((#112));
#114=STYLED_ITEM('',(#113),#111);
#115=DIRECTION('',(-7.071067811865E-1,0.E0,-7.071067811865E-1));
#116=VECTOR('',#115,1.414213562373E-1);
#117=CARTESIAN_POINT('',(-8.500000000008E-1,1.E-1,-7.349999999991E-1));
#118=LINE('',#117,#116);
#119=CURVE_STYLE('',#34,POSITIVE_LENGTH_MEASURE(2.E-2),#22);
#120=PRESENTATION_STYLE_ASSIGNMENT((#119));
#121=STYLED_ITEM('',(#120),#118);
#122=DIRECTION('',(0.E0,0.E0,-1.E0));
#123=VECTOR('',#122,1.5E-1);
#124=CARTESIAN_POINT('',(-8.500000000008E-1,1.E-1,-5.849999999991E-1));
#125=LINE('',#124,#123);
#126=CURVE_STYLE('',#34,POSITIVE_LENGTH_MEASURE(2.E-2),#22);
#127=PRESENTATION_STYLE_ASSIGNMENT((#126));
#128=STYLED_ITEM('',(#127),#125);
#129=DIRECTION('',(1.E0,0.E0,0.E0));
#130=VECTOR('',#129,3.999999999991E-1);
#131=CARTESIAN_POINT('',(-1.25E0,1.E-1,-5.849999999991E-1));
#132=LINE('',#131,#130);
#133=CURVE_STYLE('',#34,POSITIVE_LENGTH_MEASURE(2.E-2),#22);
#134=PRESENTATION_STYLE_ASSIGNMENT((#133));
#135=STYLED_ITEM('',(#134),#132);
#136=CARTESIAN_POINT('',(-8.500000000008E-1,0.E0,-5.849999999991E-1));
#137=CARTESIAN_POINT('',(-8.500000000008E-1,0.E0,-7.349999999991E-1));
#138=VERTEX_POINT('',#136);
#139=VERTEX_POINT('',#137);
#140=CARTESIAN_POINT('',(-9.500000000008E-1,0.E0,-8.349999999991E-1));
#141=VERTEX_POINT('',#140);
#142=CARTESIAN_POINT('',(-8.500000000008E-1,1.E-1,-5.849999999991E-1));
#143=CARTESIAN_POINT('',(-8.500000000008E-1,1.E-1,-7.349999999991E-1));
#144=VERTEX_POINT('',#142);
#145=VERTEX_POINT('',#143);
#146=CARTESIAN_POINT('',(-9.500000000008E-1,1.E-1,-8.349999999991E-1));
#147=VERTEX_POINT('',#146);
#148=CARTESIAN_POINT('',(-1.25E0,0.E0,-5.849999999991E-1));
#149=CARTESIAN_POINT('',(-1.25E0,0.E0,-8.349999999991E-1));
#150=VERTEX_POINT('',#148);
#151=VERTEX_POINT('',#149);
#152=CARTESIAN_POINT('',(-1.25E0,1.E-1,-5.849999999991E-1));
#153=CARTESIAN_POINT('',(-1.25E0,1.E-1,-8.349999999991E-1));
#154=VERTEX_POINT('',#152);
#155=VERTEX_POINT('',#153);
#156=CARTESIAN_POINT('',(0.E0,0.E0,0.E0));
#157=DIRECTION('',(0.E0,1.E0,0.E0));
#158=DIRECTION('',(1.E0,0.E0,0.E0));
#159=AXIS2_PLACEMENT_3D('',#156,#157,#158);
#160=PLANE('',#159);
#162=ORIENTED_EDGE('',*,*,#161,.F.);
#164=ORIENTED_EDGE('',*,*,#163,.T.);
#166=ORIENTED_EDGE('',*,*,#165,.T.);
#168=ORIENTED_EDGE('',*,*,#167,.T.);
#170=ORIENTED_EDGE('',*,*,#169,.T.);
#171=EDGE_LOOP('',(#162,#164,#166,#168,#170));
#172=FACE_OUTER_BOUND('',#171,.F.);
#173=ADVANCED_FACE('',(#172),#160,.F.);
#174=CARTESIAN_POINT('',(-1.25E0,0.E0,1.5E0));
#175=DIRECTION('',(1.E0,0.E0,0.E0));
#176=DIRECTION('',(0.E0,0.E0,-1.E0));
#177=AXIS2_PLACEMENT_3D('',#174,#175,#176);
#178=PLANE('',#177);
#179=ORIENTED_EDGE('',*,*,#161,.T.);
#181=ORIENTED_EDGE('',*,*,#180,.T.);
#183=ORIENTED_EDGE('',*,*,#182,.F.);
#185=ORIENTED_EDGE('',*,*,#184,.F.);
#186=EDGE_LOOP('',(#179,#181,#183,#185));
#187=FACE_OUTER_BOUND('',#186,.F.);
#188=ADVANCED_FACE('',(#187),#178,.F.);
#189=FILL_AREA_STYLE_COLOUR('',#20);
#190=FILL_AREA_STYLE('',(#189));
#191=SURFACE_STYLE_FILL_AREA(#190);
#192=SURFACE_SIDE_STYLE('',(#191));
#193=SURFACE_STYLE_USAGE(.POSITIVE.,#192);
#194=FILL_AREA_STYLE_COLOUR('',#22);
#195=FILL_AREA_STYLE('',(#194));
#196=SURFACE_STYLE_FILL_AREA(#195);
#197=SURFACE_SIDE_STYLE('',(#196));
#198=SURFACE_STYLE_USAGE(.NEGATIVE.,#197);
#199=PRESENTATION_STYLE_ASSIGNMENT((#193,#198));
#200=OVER_RIDING_STYLED_ITEM('',(#199),#188,#29);
#201=CARTESIAN_POINT('',(-9.500000000008E-1,0.E0,-8.349999999991E-1));
#202=DIRECTION('',(0.E0,0.E0,-1.E0));
#203=DIRECTION('',(-1.E0,0.E0,0.E0));
#204=AXIS2_PLACEMENT_3D('',#201,#202,#203);
#205=PLANE('',#204);
#206=ORIENTED_EDGE('',*,*,#180,.F.);
#207=ORIENTED_EDGE('',*,*,#169,.F.);
#209=ORIENTED_EDGE('',*,*,#208,.T.);
#211=ORIENTED_EDGE('',*,*,#210,.T.);
#212=EDGE_LOOP('',(#206,#207,#209,#211));
#213=FACE_OUTER_BOUND('',#212,.F.);
#214=ADVANCED_FACE('',(#213),#205,.T.);
#215=CARTESIAN_POINT('',(-8.500000000008E-1,0.E0,-7.349999999991E-1));
#216=DIRECTION('',(7.071067811865E-1,0.E0,-7.071067811865E-1));
#217=DIRECTION('',(-7.071067811865E-1,0.E0,-7.071067811865E-1));
#218=AXIS2_PLACEMENT_3D('',#215,#216,#217);
#219=PLANE('',#218);
#220=ORIENTED_EDGE('',*,*,#167,.F.);
#222=ORIENTED_EDGE('',*,*,#221,.T.);
#224=ORIENTED_EDGE('',*,*,#223,.T.);
#225=ORIENTED_EDGE('',*,*,#208,.F.);
#226=EDGE_LOOP('',(#220,#222,#224,#225));
#227=FACE_OUTER_BOUND('',#226,.F.);
#228=ADVANCED_FACE('',(#227),#219,.T.);
#229=CARTESIAN_POINT('',(-8.500000000008E-1,0.E0,-5.849999999991E-1));
#230=DIRECTION('',(1.E0,0.E0,0.E0));
#231=DIRECTION('',(0.E0,0.E0,-1.E0));
#232=AXIS2_PLACEMENT_3D('',#229,#230,#231);
#233=PLANE('',#232);
#234=ORIENTED_EDGE('',*,*,#165,.F.);
#236=ORIENTED_EDGE('',*,*,#235,.T.);
#238=ORIENTED_EDGE('',*,*,#237,.T.);
#239=ORIENTED_EDGE('',*,*,#221,.F.);
#240=EDGE_LOOP('',(#234,#236,#238,#239));
#241=FACE_OUTER_BOUND('',#240,.F.);
#242=ADVANCED_FACE('',(#241),#233,.T.);
#243=CARTESIAN_POINT('',(-1.280000000001E0,0.E0,-5.849999999991E-1));
#244=DIRECTION('',(0.E0,0.E0,1.E0));
#245=DIRECTION('',(1.E0,0.E0,0.E0));
#246=AXIS2_PLACEMENT_3D('',#243,#244,#245);
#247=PLANE('',#246);
#248=ORIENTED_EDGE('',*,*,#184,.T.);
#250=ORIENTED_EDGE('',*,*,#249,.T.);
#251=ORIENTED_EDGE('',*,*,#235,.F.);
#252=ORIENTED_EDGE('',*,*,#163,.F.);
#253=EDGE_LOOP('',(#248,#250,#251,#252));
#254=FACE_OUTER_BOUND('',#253,.F.);
#255=ADVANCED_FACE('',(#254),#247,.T.);
#256=CARTESIAN_POINT('',(0.E0,1.E-1,0.E0));
#257=DIRECTION('',(0.E0,1.E0,0.E0));
#258=DIRECTION('',(1.E0,0.E0,0.E0));
#259=AXIS2_PLACEMENT_3D('',#256,#257,#258);
#260=PLANE('',#259);
#261=ORIENTED_EDGE('',*,*,#182,.T.);
#262=ORIENTED_EDGE('',*,*,#210,.F.);
#263=ORIENTED_EDGE('',*,*,#223,.F.);
#264=ORIENTED_EDGE('',*,*,#237,.F.);
#265=ORIENTED_EDGE('',*,*,#249,.F.);
#266=EDGE_LOOP('',(#261,#262,#263,#264,#265));
#267=FACE_OUTER_BOUND('',#266,.F.);
#268=ADVANCED_FACE('',(#267),#260,.T.);
#269=CLOSED_SHELL('',(#173,#188,#214,#228,#242,#255,#268));
#270=MANIFOLD_SOLID_BREP('',#269);
#271=FILL_AREA_STYLE_COLOUR('',#22);
#272=FILL_AREA_STYLE('',(#271));
#273=SURFACE_STYLE_FILL_AREA(#272);
#274=SURFACE_SIDE_STYLE('',(#273));
#275=SURFACE_STYLE_USAGE(.BOTH.,#274);
#276=PRESENTATION_STYLE_ASSIGNMENT((#275));
#29=STYLED_ITEM('',(#276),#270);
#278=DIRECTION('',(0.E0,0.E0,-1.E0));
#279=VECTOR('',#278,2.5E-1);
#280=CARTESIAN_POINT('',(-1.25E0,0.E0,-8.499999999914E-2));
#281=LINE('',#280,#279);
#282=CURVE_STYLE('',#34,POSITIVE_LENGTH_MEASURE(2.E-2),#22);
#283=PRESENTATION_STYLE_ASSIGNMENT((#282));
#284=STYLED_ITEM('',(#283),#281);
#285=DIRECTION('',(1.E0,0.E0,0.E0));
#286=VECTOR('',#285,2.749999999991E-1);
#287=CARTESIAN_POINT('',(-1.25E0,0.E0,-8.499999999914E-2));
#288=LINE('',#287,#286);
#289=CURVE_STYLE('',#34,POSITIVE_LENGTH_MEASURE(2.E-2),#22);
#290=PRESENTATION_STYLE_ASSIGNMENT((#289));
#291=STYLED_ITEM('',(#290),#288);
#292=CARTESIAN_POINT('',(-9.750000000008E-1,0.E0,-2.099999999991E-1));
#293=DIRECTION('',(0.E0,1.E0,0.E0));
#294=DIRECTION('',(0.E0,0.E0,1.E0));
#295=AXIS2_PLACEMENT_3D('',#292,#293,#294);
#297=CURVE_STYLE('',#34,POSITIVE_LENGTH_MEASURE(2.E-2),#22);
#298=PRESENTATION_STYLE_ASSIGNMENT((#297));
#299=STYLED_ITEM('',(#298),#296);
#300=DIRECTION('',(-1.E0,0.E0,0.E0));
#301=VECTOR('',#300,2.749999999991E-1);
#302=CARTESIAN_POINT('',(-9.750000000008E-1,0.E0,-3.349999999991E-1));
#303=LINE('',#302,#301);
#304=CURVE_STYLE('',#34,POSITIVE_LENGTH_MEASURE(2.E-2),#22);
#305=PRESENTATION_STYLE_ASSIGNMENT((#304));
#306=STYLED_ITEM('',(#305),#303);
#307=DIRECTION('',(0.E0,1.E0,0.E0));
#308=VECTOR('',#307,1.E-1);
#309=CARTESIAN_POINT('',(-1.25E0,0.E0,-3.349999999991E-1));
#310=LINE('',#309,#308);
#311=CURVE_STYLE('',#34,POSITIVE_LENGTH_MEASURE(2.E-2),#22);
#312=PRESENTATION_STYLE_ASSIGNMENT((#311));
#313=STYLED_ITEM('',(#312),#310);
#314=DIRECTION('',(0.E0,1.E0,0.E0));
#315=VECTOR('',#314,1.E-1);
#316=CARTESIAN_POINT('',(-9.750000000008E-1,0.E0,-3.349999999991E-1));
#317=LINE('',#316,#315);
#318=CURVE_STYLE('',#34,POSITIVE_LENGTH_MEASURE(2.E-2),#22);
#319=PRESENTATION_STYLE_ASSIGNMENT((#318));
#320=STYLED_ITEM('',(#319),#317);
#321=DIRECTION('',(0.E0,1.E0,0.E0));
#322=VECTOR('',#321,1.E-1);
#323=CARTESIAN_POINT('',(-9.750000000008E-1,0.E0,-8.499999999914E-2));
#324=LINE('',#323,#322);
#325=CURVE_STYLE('',#34,POSITIVE_LENGTH_MEASURE(2.E-2),#22);
#326=PRESENTATION_STYLE_ASSIGNMENT((#325));
#327=STYLED_ITEM('',(#326),#324);
#328=DIRECTION('',(0.E0,1.E0,0.E0));
#329=VECTOR('',#328,1.E-1);
#330=CARTESIAN_POINT('',(-1.25E0,0.E0,-8.499999999914E-2));
#331=LINE('',#330,#329);
#332=CURVE_STYLE('',#34,POSITIVE_LENGTH_MEASURE(2.E-2),#22);
#333=PRESENTATION_STYLE_ASSIGNMENT((#332));
#334=STYLED_ITEM('',(#333),#331);
#335=DIRECTION('',(0.E0,0.E0,-1.E0));
#336=VECTOR('',#335,2.5E-1);
#337=CARTESIAN_POINT('',(-1.25E0,1.E-1,-8.499999999914E-2));
#338=LINE('',#337,#336);
#339=CURVE_STYLE('',#34,POSITIVE_LENGTH_MEASURE(2.E-2),#22);
#340=PRESENTATION_STYLE_ASSIGNMENT((#339));
#341=STYLED_ITEM('',(#340),#338);
#342=DIRECTION('',(-1.E0,0.E0,0.E0));
#343=VECTOR('',#342,2.749999999991E-1);
#344=CARTESIAN_POINT('',(-9.750000000008E-1,1.E-1,-3.349999999991E-1));
#345=LINE('',#344,#343);
#346=CURVE_STYLE('',#34,POSITIVE_LENGTH_MEASURE(2.E-2),#22);
#347=PRESENTATION_STYLE_ASSIGNMENT((#346));
#348=STYLED_ITEM('',(#347),#345);
#349=CARTESIAN_POINT('',(-9.750000000008E-1,1.E-1,-2.099999999991E-1));
#350=DIRECTION('',(0.E0,1.E0,0.E0));
#351=DIRECTION('',(0.E0,0.E0,1.E0));
#352=AXIS2_PLACEMENT_3D('',#349,#350,#351);
#354=CURVE_STYLE('',#34,POSITIVE_LENGTH_MEASURE(2.E-2),#22);
#355=PRESENTATION_STYLE_ASSIGNMENT((#354));
#356=STYLED_ITEM('',(#355),#353);
#357=DIRECTION('',(1.E0,0.E0,0.E0));
#358=VECTOR('',#357,2.749999999991E-1);
#359=CARTESIAN_POINT('',(-1.25E0,1.E-1,-8.499999999914E-2));
#360=LINE('',#359,#358);
#361=CURVE_STYLE('',#34,POSITIVE_LENGTH_MEASURE(2.E-2),#22);
#362=PRESENTATION_STYLE_ASSIGNMENT((#361));
#363=STYLED_ITEM('',(#362),#360);
#364=CARTESIAN_POINT('',(-9.750000000008E-1,0.E0,-8.499999999914E-2));
#365=CARTESIAN_POINT('',(-9.750000000008E-1,0.E0,-3.349999999991E-1));
#366=VERTEX_POINT('',#364);
#367=VERTEX_POINT('',#365);
#368=CARTESIAN_POINT('',(-9.750000000008E-1,1.E-1,-8.499999999914E-2));
#369=CARTESIAN_POINT('',(-9.750000000008E-1,1.E-1,-3.349999999991E-1));
#370=VERTEX_POINT('',#368);
#371=VERTEX_POINT('',#369);
#372=CARTESIAN_POINT('',(-1.25E0,0.E0,-8.499999999914E-2));
#373=CARTESIAN_POINT('',(-1.25E0,0.E0,-3.349999999991E-1));
#374=VERTEX_POINT('',#372);
#375=VERTEX_POINT('',#373);
#376=CARTESIAN_POINT('',(-1.25E0,1.E-1,-8.499999999914E-2));
#377=CARTESIAN_POINT('',(-1.25E0,1.E-1,-3.349999999991E-1));
#378=VERTEX_POINT('',#376);
#379=VERTEX_POINT('',#377);
#380=CARTESIAN_POINT('',(0.E0,0.E0,0.E0));
#381=DIRECTION('',(0.E0,1.E0,0.E0));
#382=DIRECTION('',(1.E0,0.E0,0.E0));
#383=AXIS2_PLACEMENT_3D('',#380,#381,#382);
#384=PLANE('',#383);
#386=ORIENTED_EDGE('',*,*,#385,.F.);
#388=ORIENTED_EDGE('',*,*,#387,.T.);
#390=ORIENTED_EDGE('',*,*,#389,.T.);
#392=ORIENTED_EDGE('',*,*,#391,.T.);
#393=EDGE_LOOP('',(#386,#388,#390,#392));
#394=FACE_OUTER_BOUND('',#393,.F.);
#395=ADVANCED_FACE('',(#394),#384,.F.);
#396=CARTESIAN_POINT('',(-1.25E0,0.E0,1.5E0));
#397=DIRECTION('',(1.E0,0.E0,0.E0));
#398=DIRECTION('',(0.E0,0.E0,-1.E0));
#399=AXIS2_PLACEMENT_3D('',#396,#397,#398);
#400=PLANE('',#399);
#401=ORIENTED_EDGE('',*,*,#385,.T.);
#403=ORIENTED_EDGE('',*,*,#402,.T.);
#405=ORIENTED_EDGE('',*,*,#404,.F.);
#407=ORIENTED_EDGE('',*,*,#406,.F.);
#408=EDGE_LOOP('',(#401,#403,#405,#407));
#409=FACE_OUTER_BOUND('',#408,.F.);
#410=ADVANCED_FACE('',(#409),#400,.F.);
#411=FILL_AREA_STYLE_COLOUR('',#20);
#412=FILL_AREA_STYLE('',(#411));
#413=SURFACE_STYLE_FILL_AREA(#412);
#414=SURFACE_SIDE_STYLE('',(#413));
#415=SURFACE_STYLE_USAGE(.POSITIVE.,#414);
#416=PRESENTATION_STYLE_ASSIGNMENT((#415));
#417=OVER_RIDING_STYLED_ITEM('',(#416),#410,#277);
#418=CARTESIAN_POINT('',(-9.750000000008E-1,0.E0,-3.349999999991E-1));
#419=DIRECTION('',(0.E0,0.E0,-1.E0));
#420=DIRECTION('',(-1.E0,0.E0,0.E0));
#421=AXIS2_PLACEMENT_3D('',#418,#419,#420);
#422=PLANE('',#421);
#423=ORIENTED_EDGE('',*,*,#402,.F.);
#424=ORIENTED_EDGE('',*,*,#391,.F.);
#426=ORIENTED_EDGE('',*,*,#425,.T.);
#428=ORIENTED_EDGE('',*,*,#427,.T.);
#429=EDGE_LOOP('',(#423,#424,#426,#428));
#430=FACE_OUTER_BOUND('',#429,.F.);
#431=ADVANCED_FACE('',(#430),#422,.T.);
#432=CARTESIAN_POINT('',(-9.750000000008E-1,0.E0,-2.099999999991E-1));
#433=DIRECTION('',(0.E0,1.E0,0.E0));
#434=DIRECTION('',(1.E0,0.E0,0.E0));
#435=AXIS2_PLACEMENT_3D('',#432,#433,#434);
#436=CYLINDRICAL_SURFACE('',#435,1.25E-1);
#437=ORIENTED_EDGE('',*,*,#389,.F.);
#439=ORIENTED_EDGE('',*,*,#438,.T.);
#441=ORIENTED_EDGE('',*,*,#440,.T.);
#442=ORIENTED_EDGE('',*,*,#425,.F.);
#443=EDGE_LOOP('',(#437,#439,#441,#442));
#444=FACE_OUTER_BOUND('',#443,.F.);
#445=ADVANCED_FACE('',(#444),#436,.T.);
#446=CARTESIAN_POINT('',(-1.280000000001E0,0.E0,-8.499999999914E-2));
#447=DIRECTION('',(0.E0,0.E0,1.E0));
#448=DIRECTION('',(1.E0,0.E0,0.E0));
#449=AXIS2_PLACEMENT_3D('',#446,#447,#448);
#450=PLANE('',#449);
#451=ORIENTED_EDGE('',*,*,#406,.T.);
#453=ORIENTED_EDGE('',*,*,#452,.T.);
#454=ORIENTED_EDGE('',*,*,#438,.F.);
#455=ORIENTED_EDGE('',*,*,#387,.F.);
#456=EDGE_LOOP('',(#451,#453,#454,#455));
#457=FACE_OUTER_BOUND('',#456,.F.);
#458=ADVANCED_FACE('',(#457),#450,.T.);
#459=CARTESIAN_POINT('',(0.E0,1.E-1,0.E0));
#460=DIRECTION('',(0.E0,1.E0,0.E0));
#461=DIRECTION('',(1.E0,0.E0,0.E0));
#462=AXIS2_PLACEMENT_3D('',#459,#460,#461);
#463=PLANE('',#462);
#464=ORIENTED_EDGE('',*,*,#404,.T.);
#465=ORIENTED_EDGE('',*,*,#427,.F.);
#466=ORIENTED_EDGE('',*,*,#440,.F.);
#467=ORIENTED_EDGE('',*,*,#452,.F.);
#468=EDGE_LOOP('',(#464,#465,#466,#467));
#469=FACE_OUTER_BOUND('',#468,.F.);
#470=ADVANCED_FACE('',(#469),#463,.T.);
#471=CLOSED_SHELL('',(#395,#410,#431,#445,#458,#470));
#472=MANIFOLD_SOLID_BREP('',#471);
#473=FILL_AREA_STYLE_COLOUR('',#22);
#474=FILL_AREA_STYLE('',(#473));
#475=SURFACE_STYLE_FILL_AREA(#474);
#476=SURFACE_SIDE_STYLE('',(#475));
#477=SURFACE_STYLE_USAGE(.POSITIVE.,#476);
#478=PRESENTATION_STYLE_ASSIGNMENT((#477));
#277=STYLED_ITEM('',(#478),#472);
#480=DIRECTION('',(0.E0,0.E0,-1.E0));
#481=VECTOR('',#480,2.5E-1);
#482=CARTESIAN_POINT('',(-1.25E0,0.E0,4.150000000009E-1));
#483=LINE('',#482,#481);
#484=CURVE_STYLE('',#34,POSITIVE_LENGTH_MEASURE(2.E-2),#22);
#485=PRESENTATION_STYLE_ASSIGNMENT((#484));
#486=STYLED_ITEM('',(#485),#483);
#487=DIRECTION('',(1.E0,0.E0,0.E0));
#488=VECTOR('',#487,2.749999999991E-1);
#489=CARTESIAN_POINT('',(-1.25E0,0.E0,4.150000000009E-1));
#490=LINE('',#489,#488);
#491=CURVE_STYLE('',#34,POSITIVE_LENGTH_MEASURE(2.E-2),#22);
#492=PRESENTATION_STYLE_ASSIGNMENT((#491));
#493=STYLED_ITEM('',(#492),#490);
#494=CARTESIAN_POINT('',(-9.750000000008E-1,0.E0,2.900000000009E-1));
#495=DIRECTION('',(0.E0,1.E0,0.E0));
#496=DIRECTION('',(0.E0,0.E0,1.E0));
#497=AXIS2_PLACEMENT_3D('',#494,#495,#496);
#499=CURVE_STYLE('',#34,POSITIVE_LENGTH_MEASURE(2.E-2),#22);
#500=PRESENTATION_STYLE_ASSIGNMENT((#499));
#501=STYLED_ITEM('',(#500),#498);
#502=DIRECTION('',(-1.E0,0.E0,0.E0));
#503=VECTOR('',#502,2.749999999991E-1);
#504=CARTESIAN_POINT('',(-9.750000000008E-1,0.E0,1.650000000009E-1));
#505=LINE('',#504,#503);
#506=CURVE_STYLE('',#34,POSITIVE_LENGTH_MEASURE(2.E-2),#22);
#507=PRESENTATION_STYLE_ASSIGNMENT((#506));
#508=STYLED_ITEM('',(#507),#505);
#509=DIRECTION('',(0.E0,1.E0,0.E0));
#510=VECTOR('',#509,1.E-1);
#511=CARTESIAN_POINT('',(-1.25E0,0.E0,1.650000000009E-1));
#512=LINE('',#511,#510);
#513=CURVE_STYLE('',#34,POSITIVE_LENGTH_MEASURE(2.E-2),#22);
#514=PRESENTATION_STYLE_ASSIGNMENT((#513));
#515=STYLED_ITEM('',(#514),#512);
#516=DIRECTION('',(0.E0,1.E0,0.E0));
#517=VECTOR('',#516,1.E-1);
#518=CARTESIAN_POINT('',(-9.750000000008E-1,0.E0,1.650000000009E-1));
#519=LINE('',#518,#517);
#520=CURVE_STYLE('',#34,POSITIVE_LENGTH_MEASURE(2.E-2),#22);
#521=PRESENTATION_STYLE_ASSIGNMENT((#520));
#522=STYLED_ITEM('',(#521),#519);
#523=DIRECTION('',(0.E0,1.E0,0.E0));
#524=VECTOR('',#523,1.E-1);
#525=CARTESIAN_POINT('',(-9.750000000008E-1,0.E0,4.150000000009E-1));
#526=LINE('',#525,#524);
#527=CURVE_STYLE('',#34,POSITIVE_LENGTH_MEASURE(2.E-2),#22);
#528=PRESENTATION_STYLE_ASSIGNMENT((#527));
#529=STYLED_ITEM('',(#528),#526);
#530=DIRECTION('',(0.E0,1.E0,0.E0));
#531=VECTOR('',#530,1.E-1);
#532=CARTESIAN_POINT('',(-1.25E0,0.E0,4.150000000009E-1));
#533=LINE('',#532,#531);
#534=CURVE_STYLE('',#34,POSITIVE_LENGTH_MEASURE(2.E-2),#22);
#535=PRESENTATION_STYLE_ASSIGNMENT((#534));
#536=STYLED_ITEM('',(#535),#533);
#537=DIRECTION('',(0.E0,0.E0,-1.E0));
#538=VECTOR('',#537,2.5E-1);
#539=CARTESIAN_POINT('',(-1.25E0,1.E-1,4.150000000009E-1));
#540=LINE('',#539,#538);
#541=CURVE_STYLE('',#34,POSITIVE_LENGTH_MEASURE(2.E-2),#22);
#542=PRESENTATION_STYLE_ASSIGNMENT((#541));
#543=STYLED_ITEM('',(#542),#540);
#544=DIRECTION('',(-1.E0,0.E0,0.E0));
#545=VECTOR('',#544,2.749999999991E-1);
#546=CARTESIAN_POINT('',(-9.750000000008E-1,1.E-1,1.650000000009E-1));
#547=LINE('',#546,#545);
#548=CURVE_STYLE('',#34,POSITIVE_LENGTH_MEASURE(2.E-2),#22);
#549=PRESENTATION_STYLE_ASSIGNMENT((#548));
#550=STYLED_ITEM('',(#549),#547);
#551=CARTESIAN_POINT('',(-9.750000000008E-1,1.E-1,2.900000000009E-1));
#552=DIRECTION('',(0.E0,1.E0,0.E0));
#553=DIRECTION('',(0.E0,0.E0,1.E0));
#554=AXIS2_PLACEMENT_3D('',#551,#552,#553);
#556=CURVE_STYLE('',#34,POSITIVE_LENGTH_MEASURE(2.E-2),#22);
#557=PRESENTATION_STYLE_ASSIGNMENT((#556));
#558=STYLED_ITEM('',(#557),#555);
#559=DIRECTION('',(1.E0,0.E0,0.E0));
#560=VECTOR('',#559,2.749999999991E-1);
#561=CARTESIAN_POINT('',(-1.25E0,1.E-1,4.150000000009E-1));
#562=LINE('',#561,#560);
#563=CURVE_STYLE('',#34,POSITIVE_LENGTH_MEASURE(2.E-2),#22);
#564=PRESENTATION_STYLE_ASSIGNMENT((#563));
#565=STYLED_ITEM('',(#564),#562);
#566=CARTESIAN_POINT('',(-9.750000000008E-1,0.E0,4.150000000009E-1));
#567=CARTESIAN_POINT('',(-9.750000000008E-1,0.E0,1.650000000009E-1));
#568=VERTEX_POINT('',#566);
#569=VERTEX_POINT('',#567);
#570=CARTESIAN_POINT('',(-9.750000000008E-1,1.E-1,4.150000000009E-1));
#571=CARTESIAN_POINT('',(-9.750000000008E-1,1.E-1,1.650000000009E-1));
#572=VERTEX_POINT('',#570);
#573=VERTEX_POINT('',#571);
#574=CARTESIAN_POINT('',(-1.25E0,0.E0,4.150000000009E-1));
#575=CARTESIAN_POINT('',(-1.25E0,0.E0,1.650000000009E-1));
#576=VERTEX_POINT('',#574);
#577=VERTEX_POINT('',#575);
#578=CARTESIAN_POINT('',(-1.25E0,1.E-1,4.150000000009E-1));
#579=CARTESIAN_POINT('',(-1.25E0,1.E-1,1.650000000009E-1));
#580=VERTEX_POINT('',#578);
#581=VERTEX_POINT('',#579);
#582=CARTESIAN_POINT('',(0.E0,0.E0,0.E0));
#583=DIRECTION('',(0.E0,1.E0,0.E0));
#584=DIRECTION('',(1.E0,0.E0,0.E0));
#585=AXIS2_PLACEMENT_3D('',#582,#583,#584);
#586=PLANE('',#585);
#588=ORIENTED_EDGE('',*,*,#587,.F.);
#590=ORIENTED_EDGE('',*,*,#589,.T.);
#592=ORIENTED_EDGE('',*,*,#591,.T.);
#594=ORIENTED_EDGE('',*,*,#593,.T.);
#595=EDGE_LOOP('',(#588,#590,#592,#594));
#596=FACE_OUTER_BOUND('',#595,.F.);
#597=ADVANCED_FACE('',(#596),#586,.F.);
#598=CARTESIAN_POINT('',(-1.25E0,0.E0,1.5E0));
#599=DIRECTION('',(1.E0,0.E0,0.E0));
#600=DIRECTION('',(0.E0,0.E0,-1.E0));
#601=AXIS2_PLACEMENT_3D('',#598,#599,#600);
#602=PLANE('',#601);
#603=ORIENTED_EDGE('',*,*,#587,.T.);
#605=ORIENTED_EDGE('',*,*,#604,.T.);
#607=ORIENTED_EDGE('',*,*,#606,.F.);
#609=ORIENTED_EDGE('',*,*,#608,.F.);
#610=EDGE_LOOP('',(#603,#605,#607,#609));
#611=FACE_OUTER_BOUND('',#610,.F.);
#612=ADVANCED_FACE('',(#611),#602,.F.);
#613=FILL_AREA_STYLE_COLOUR('',#20);
#614=FILL_AREA_STYLE('',(#613));
#615=SURFACE_STYLE_FILL_AREA(#614);
#616=SURFACE_SIDE_STYLE('',(#615));
#617=SURFACE_STYLE_USAGE(.POSITIVE.,#616);
#618=PRESENTATION_STYLE_ASSIGNMENT((#617));
#619=OVER_RIDING_STYLED_ITEM('',(#618),#612,#479);
#620=CARTESIAN_POINT('',(-9.750000000008E-1,0.E0,1.650000000009E-1));
#621=DIRECTION('',(0.E0,0.E0,-1.E0));
#622=DIRECTION('',(-1.E0,0.E0,0.E0));
#623=AXIS2_PLACEMENT_3D('',#620,#621,#622);
#624=PLANE('',#623);
#625=ORIENTED_EDGE('',*,*,#604,.F.);
#626=ORIENTED_EDGE('',*,*,#593,.F.);
#628=ORIENTED_EDGE('',*,*,#627,.T.);
#630=ORIENTED_EDGE('',*,*,#629,.T.);
#631=EDGE_LOOP('',(#625,#626,#628,#630));
#632=FACE_OUTER_BOUND('',#631,.F.);
#633=ADVANCED_FACE('',(#632),#624,.T.);
#634=CARTESIAN_POINT('',(-9.750000000008E-1,0.E0,2.900000000009E-1));
#635=DIRECTION('',(0.E0,1.E0,0.E0));
#636=DIRECTION('',(1.E0,0.E0,0.E0));
#637=AXIS2_PLACEMENT_3D('',#634,#635,#636);
#638=CYLINDRICAL_SURFACE('',#637,1.25E-1);
#639=ORIENTED_EDGE('',*,*,#591,.F.);
#641=ORIENTED_EDGE('',*,*,#640,.T.);
#643=ORIENTED_EDGE('',*,*,#642,.T.);
#644=ORIENTED_EDGE('',*,*,#627,.F.);
#645=EDGE_LOOP('',(#639,#641,#643,#644));
#646=FACE_OUTER_BOUND('',#645,.F.);
#647=ADVANCED_FACE('',(#646),#638,.T.);
#648=CARTESIAN_POINT('',(-1.280000000001E0,0.E0,4.150000000009E-1));
#649=DIRECTION('',(0.E0,0.E0,1.E0));
#650=DIRECTION('',(1.E0,0.E0,0.E0));
#651=AXIS2_PLACEMENT_3D('',#648,#649,#650);
#652=PLANE('',#651);
#653=ORIENTED_EDGE('',*,*,#608,.T.);
#655=ORIENTED_EDGE('',*,*,#654,.T.);
#656=ORIENTED_EDGE('',*,*,#640,.F.);
#657=ORIENTED_EDGE('',*,*,#589,.F.);
#658=EDGE_LOOP('',(#653,#655,#656,#657));
#659=FACE_OUTER_BOUND('',#658,.F.);
#660=ADVANCED_FACE('',(#659),#652,.T.);
#661=CARTESIAN_POINT('',(0.E0,1.E-1,0.E0));
#662=DIRECTION('',(0.E0,1.E0,0.E0));
#663=DIRECTION('',(1.E0,0.E0,0.E0));
#664=AXIS2_PLACEMENT_3D('',#661,#662,#663);
#665=PLANE('',#664);
#666=ORIENTED_EDGE('',*,*,#606,.T.);
#667=ORIENTED_EDGE('',*,*,#629,.F.);
#668=ORIENTED_EDGE('',*,*,#642,.F.);
#669=ORIENTED_EDGE('',*,*,#654,.F.);
#670=EDGE_LOOP('',(#666,#667,#668,#669));
#671=FACE_OUTER_BOUND('',#670,.F.);
#672=ADVANCED_FACE('',(#671),#665,.T.);
#673=CLOSED_SHELL('',(#597,#612,#633,#647,#660,#672));
#674=MANIFOLD_SOLID_BREP('',#673);
#675=FILL_AREA_STYLE_COLOUR('',#22);
#676=FILL_AREA_STYLE('',(#675));
#677=SURFACE_STYLE_FILL_AREA(#676);
#678=SURFACE_SIDE_STYLE('',(#677));
#679=SURFACE_STYLE_USAGE(.POSITIVE.,#678);
#680=PRESENTATION_STYLE_ASSIGNMENT((#679));
#479=STYLED_ITEM('',(#680),#674);
#682=DIRECTION('',(0.E0,0.E0,-1.E0));
#683=VECTOR('',#682,4.E-1);
#684=CARTESIAN_POINT('',(-1.25E0,0.E0,1.065000000001E0));
#685=LINE('',#684,#683);
#686=CURVE_STYLE('',#34,POSITIVE_LENGTH_MEASURE(2.E-2),#22);
#687=PRESENTATION_STYLE_ASSIGNMENT((#686));
#688=STYLED_ITEM('',(#687),#685);
#689=DIRECTION('',(1.E0,0.E0,0.E0));
#690=VECTOR('',#689,1.999999999992E-1);
#691=CARTESIAN_POINT('',(-1.25E0,0.E0,1.065000000001E0));
#692=LINE('',#691,#690);
#693=CURVE_STYLE('',#34,POSITIVE_LENGTH_MEASURE(2.E-2),#22);
#694=PRESENTATION_STYLE_ASSIGNMENT((#693));
#695=STYLED_ITEM('',(#694),#692);
#696=CARTESIAN_POINT('',(-1.050000000001E0,0.E0,8.650000000009E-1));
#697=DIRECTION('',(0.E0,1.E0,0.E0));
#698=DIRECTION('',(0.E0,0.E0,1.E0));
#699=AXIS2_PLACEMENT_3D('',#696,#697,#698);
#701=CURVE_STYLE('',#34,POSITIVE_LENGTH_MEASURE(2.E-2),#22);
#702=PRESENTATION_STYLE_ASSIGNMENT((#701));
#703=STYLED_ITEM('',(#702),#700);
#704=DIRECTION('',(-1.E0,0.E0,0.E0));
#705=VECTOR('',#704,1.999999999992E-1);
#706=CARTESIAN_POINT('',(-1.050000000001E0,0.E0,6.650000000009E-1));
#707=LINE('',#706,#705);
#708=CURVE_STYLE('',#34,POSITIVE_LENGTH_MEASURE(2.E-2),#22);
#709=PRESENTATION_STYLE_ASSIGNMENT((#708));
#710=STYLED_ITEM('',(#709),#707);
#711=DIRECTION('',(0.E0,1.E0,0.E0));
#712=VECTOR('',#711,1.E-1);
#713=CARTESIAN_POINT('',(-1.25E0,0.E0,6.650000000009E-1));
#714=LINE('',#713,#712);
#715=CURVE_STYLE('',#34,POSITIVE_LENGTH_MEASURE(2.E-2),#22);
#716=PRESENTATION_STYLE_ASSIGNMENT((#715));
#717=STYLED_ITEM('',(#716),#714);
#718=DIRECTION('',(0.E0,1.E0,0.E0));
#719=VECTOR('',#718,1.E-1);
#720=CARTESIAN_POINT('',(-1.050000000001E0,0.E0,6.650000000009E-1));
#721=LINE('',#720,#719);
#722=CURVE_STYLE('',#34,POSITIVE_LENGTH_MEASURE(2.E-2),#22);
#723=PRESENTATION_STYLE_ASSIGNMENT((#722));
#724=STYLED_ITEM('',(#723),#721);
#725=DIRECTION('',(0.E0,1.E0,0.E0));
#726=VECTOR('',#725,1.E-1);
#727=CARTESIAN_POINT('',(-1.050000000001E0,0.E0,1.065000000001E0));
#728=LINE('',#727,#726);
#729=CURVE_STYLE('',#34,POSITIVE_LENGTH_MEASURE(2.E-2),#22);
#730=PRESENTATION_STYLE_ASSIGNMENT((#729));
#731=STYLED_ITEM('',(#730),#728);
#732=DIRECTION('',(0.E0,1.E0,0.E0));
#733=VECTOR('',#732,1.E-1);
#734=CARTESIAN_POINT('',(-1.25E0,0.E0,1.065000000001E0));
#735=LINE('',#734,#733);
#736=CURVE_STYLE('',#34,POSITIVE_LENGTH_MEASURE(2.E-2),#22);
#737=PRESENTATION_STYLE_ASSIGNMENT((#736));
#738=STYLED_ITEM('',(#737),#735);
#739=DIRECTION('',(0.E0,0.E0,-1.E0));
#740=VECTOR('',#739,4.E-1);
#741=CARTESIAN_POINT('',(-1.25E0,1.E-1,1.065000000001E0));
#742=LINE('',#741,#740);
#743=CURVE_STYLE('',#34,POSITIVE_LENGTH_MEASURE(2.E-2),#22);
#744=PRESENTATION_STYLE_ASSIGNMENT((#743));
#745=STYLED_ITEM('',(#744),#742);
#746=DIRECTION('',(-1.E0,0.E0,0.E0));
#747=VECTOR('',#746,1.999999999992E-1);
#748=CARTESIAN_POINT('',(-1.050000000001E0,1.E-1,6.650000000009E-1));
#749=LINE('',#748,#747);
#750=CURVE_STYLE('',#34,POSITIVE_LENGTH_MEASURE(2.E-2),#22);
#751=PRESENTATION_STYLE_ASSIGNMENT((#750));
#752=STYLED_ITEM('',(#751),#749);
#753=CARTESIAN_POINT('',(-1.050000000001E0,1.E-1,8.650000000009E-1));
#754=DIRECTION('',(0.E0,1.E0,0.E0));
#755=DIRECTION('',(0.E0,0.E0,1.E0));
#756=AXIS2_PLACEMENT_3D('',#753,#754,#755);
#758=CURVE_STYLE('',#34,POSITIVE_LENGTH_MEASURE(2.E-2),#22);
#759=PRESENTATION_STYLE_ASSIGNMENT((#758));
#760=STYLED_ITEM('',(#759),#757);
#761=DIRECTION('',(1.E0,0.E0,0.E0));
#762=VECTOR('',#761,1.999999999992E-1);
#763=CARTESIAN_POINT('',(-1.25E0,1.E-1,1.065000000001E0));
#764=LINE('',#763,#762);
#765=CURVE_STYLE('',#34,POSITIVE_LENGTH_MEASURE(2.E-2),#22);
#766=PRESENTATION_STYLE_ASSIGNMENT((#765));
#767=STYLED_ITEM('',(#766),#764);
#768=CARTESIAN_POINT('',(-1.050000000001E0,0.E0,1.065000000001E0));
#769=CARTESIAN_POINT('',(-1.050000000001E0,0.E0,6.650000000009E-1));
#770=VERTEX_POINT('',#768);
#771=VERTEX_POINT('',#769);
#772=CARTESIAN_POINT('',(-1.050000000001E0,1.E-1,1.065000000001E0));
#773=CARTESIAN_POINT('',(-1.050000000001E0,1.E-1,6.650000000009E-1));
#774=VERTEX_POINT('',#772);
#775=VERTEX_POINT('',#773);
#776=CARTESIAN_POINT('',(-1.25E0,0.E0,1.065000000001E0));
#777=CARTESIAN_POINT('',(-1.25E0,0.E0,6.650000000009E-1));
#778=VERTEX_POINT('',#776);
#779=VERTEX_POINT('',#777);
#780=CARTESIAN_POINT('',(-1.25E0,1.E-1,1.065000000001E0));
#781=CARTESIAN_POINT('',(-1.25E0,1.E-1,6.650000000009E-1));
#782=VERTEX_POINT('',#780);
#783=VERTEX_POINT('',#781);
#784=CARTESIAN_POINT('',(0.E0,0.E0,0.E0));
#785=DIRECTION('',(0.E0,1.E0,0.E0));
#786=DIRECTION('',(1.E0,0.E0,0.E0));
#787=AXIS2_PLACEMENT_3D('',#784,#785,#786);
#788=PLANE('',#787);
#790=ORIENTED_EDGE('',*,*,#789,.F.);
#792=ORIENTED_EDGE('',*,*,#791,.T.);
#794=ORIENTED_EDGE('',*,*,#793,.T.);
#796=ORIENTED_EDGE('',*,*,#795,.T.);
#797=EDGE_LOOP('',(#790,#792,#794,#796));
#798=FACE_OUTER_BOUND('',#797,.F.);
#799=ADVANCED_FACE('',(#798),#788,.F.);
#800=CARTESIAN_POINT('',(-1.25E0,0.E0,1.5E0));
#801=DIRECTION('',(1.E0,0.E0,0.E0));
#802=DIRECTION('',(0.E0,0.E0,-1.E0));
#803=AXIS2_PLACEMENT_3D('',#800,#801,#802);
#804=PLANE('',#803);
#805=ORIENTED_EDGE('',*,*,#789,.T.);
#807=ORIENTED_EDGE('',*,*,#806,.T.);
#809=ORIENTED_EDGE('',*,*,#808,.F.);
#811=ORIENTED_EDGE('',*,*,#810,.F.);
#812=EDGE_LOOP('',(#805,#807,#809,#811));
#813=FACE_OUTER_BOUND('',#812,.F.);
#814=ADVANCED_FACE('',(#813),#804,.F.);
#815=FILL_AREA_STYLE_COLOUR('',#20);
#816=FILL_AREA_STYLE('',(#815));
#817=SURFACE_STYLE_FILL_AREA(#816);
#818=SURFACE_SIDE_STYLE('',(#817));
#819=SURFACE_STYLE_USAGE(.POSITIVE.,#818);
#820=PRESENTATION_STYLE_ASSIGNMENT((#819));
#821=OVER_RIDING_STYLED_ITEM('',(#820),#814,#681);
#822=CARTESIAN_POINT('',(-1.050000000001E0,0.E0,6.650000000009E-1));
#823=DIRECTION('',(0.E0,0.E0,-1.E0));
#824=DIRECTION('',(-1.E0,0.E0,0.E0));
#825=AXIS2_PLACEMENT_3D('',#822,#823,#824);
#826=PLANE('',#825);
#827=ORIENTED_EDGE('',*,*,#806,.F.);
#828=ORIENTED_EDGE('',*,*,#795,.F.);
#830=ORIENTED_EDGE('',*,*,#829,.T.);
#832=ORIENTED_EDGE('',*,*,#831,.T.);
#833=EDGE_LOOP('',(#827,#828,#830,#832));
#834=FACE_OUTER_BOUND('',#833,.F.);
#835=ADVANCED_FACE('',(#834),#826,.T.);
#836=CARTESIAN_POINT('',(-1.050000000001E0,0.E0,8.650000000009E-1));
#837=DIRECTION('',(0.E0,1.E0,0.E0));
#838=DIRECTION('',(1.E0,0.E0,0.E0));
#839=AXIS2_PLACEMENT_3D('',#836,#837,#838);
#840=CYLINDRICAL_SURFACE('',#839,2.E-1);
#841=ORIENTED_EDGE('',*,*,#793,.F.);
#843=ORIENTED_EDGE('',*,*,#842,.T.);
#845=ORIENTED_EDGE('',*,*,#844,.T.);
#846=ORIENTED_EDGE('',*,*,#829,.F.);
#847=EDGE_LOOP('',(#841,#843,#845,#846));
#848=FACE_OUTER_BOUND('',#847,.F.);
#849=ADVANCED_FACE('',(#848),#840,.T.);
#850=CARTESIAN_POINT('',(-1.280000000001E0,0.E0,1.065000000001E0));
#851=DIRECTION('',(0.E0,0.E0,1.E0));
#852=DIRECTION('',(1.E0,0.E0,0.E0));
#853=AXIS2_PLACEMENT_3D('',#850,#851,#852);
#854=PLANE('',#853);
#855=ORIENTED_EDGE('',*,*,#810,.T.);
#857=ORIENTED_EDGE('',*,*,#856,.T.);
#858=ORIENTED_EDGE('',*,*,#842,.F.);
#859=ORIENTED_EDGE('',*,*,#791,.F.);
#860=EDGE_LOOP('',(#855,#857,#858,#859));
#861=FACE_OUTER_BOUND('',#860,.F.);
#862=ADVANCED_FACE('',(#861),#854,.T.);
#863=CARTESIAN_POINT('',(0.E0,1.E-1,0.E0));
#864=DIRECTION('',(0.E0,1.E0,0.E0));
#865=DIRECTION('',(1.E0,0.E0,0.E0));
#866=AXIS2_PLACEMENT_3D('',#863,#864,#865);
#867=PLANE('',#866);
#868=ORIENTED_EDGE('',*,*,#808,.T.);
#869=ORIENTED_EDGE('',*,*,#831,.F.);
#870=ORIENTED_EDGE('',*,*,#844,.F.);
#871=ORIENTED_EDGE('',*,*,#856,.F.);
#872=EDGE_LOOP('',(#868,#869,#870,#871));
#873=FACE_OUTER_BOUND('',#872,.F.);
#874=ADVANCED_FACE('',(#873),#867,.T.);
#875=CLOSED_SHELL('',(#799,#814,#835,#849,#862,#874));
#876=MANIFOLD_SOLID_BREP('',#875);
#877=FILL_AREA_STYLE_COLOUR('',#22);
#878=FILL_AREA_STYLE('',(#877));
#879=SURFACE_STYLE_FILL_AREA(#878);
#880=SURFACE_SIDE_STYLE('',(#879));
#881=SURFACE_STYLE_USAGE(.POSITIVE.,#880);
#882=PRESENTATION_STYLE_ASSIGNMENT((#881));
#681=STYLED_ITEM('',(#882),#876);
#884=DIRECTION('',(-1.E0,0.E0,0.E0));
#885=VECTOR('',#884,2.3E-1);
#886=CARTESIAN_POINT('',(-1.350000000008E-1,0.E0,1.5E0));
#887=LINE('',#886,#885);
#888=CURVE_STYLE('',#34,POSITIVE_LENGTH_MEASURE(2.E-2),#22);
#889=PRESENTATION_STYLE_ASSIGNMENT((#888));
#890=STYLED_ITEM('',(#889),#887);
#891=DIRECTION('',(0.E0,0.E0,-1.E0));
#892=VECTOR('',#891,7.999999999914E-2);
#893=CARTESIAN_POINT('',(-1.350000000008E-1,0.E0,1.5E0));
#894=LINE('',#893,#892);
#895=CURVE_STYLE('',#34,POSITIVE_LENGTH_MEASURE(2.E-2),#22);
#896=PRESENTATION_STYLE_ASSIGNMENT((#895));
#897=STYLED_ITEM('',(#896),#894);
#898=DIRECTION('',(4.472135954999E-1,0.E0,-8.944271909999E-1));
#899=VECTOR('',#898,2.236067977498E-2);
#900=CARTESIAN_POINT('',(-1.350000000008E-1,0.E0,1.420000000001E0));
#901=LINE('',#900,#899);
#902=CURVE_STYLE('',#34,POSITIVE_LENGTH_MEASURE(2.E-2),#22);
#903=PRESENTATION_STYLE_ASSIGNMENT((#902));
#904=STYLED_ITEM('',(#903),#901);
#905=DIRECTION('',(0.E0,0.E0,-1.E0));
#906=VECTOR('',#905,1.6E0);
#907=CARTESIAN_POINT('',(-1.250000000008E-1,0.E0,1.400000000001E0));
#908=LINE('',#907,#906);
#909=CURVE_STYLE('',#34,POSITIVE_LENGTH_MEASURE(2.E-2),#22);
#910=PRESENTATION_STYLE_ASSIGNMENT((#909));
#911=STYLED_ITEM('',(#910),#908);
#912=DIRECTION('',(-1.E0,0.E0,0.E0));
#913=VECTOR('',#912,2.5E-1);
#914=CARTESIAN_POINT('',(-1.250000000008E-1,0.E0,-1.999999999991E-1));
#915=LINE('',#914,#913);
#916=CURVE_STYLE('',#34,POSITIVE_LENGTH_MEASURE(2.E-2),#22);
#917=PRESENTATION_STYLE_ASSIGNMENT((#916));
#918=STYLED_ITEM('',(#917),#915);
#919=DIRECTION('',(0.E0,0.E0,1.E0));
#920=VECTOR('',#919,1.6E0);
#921=CARTESIAN_POINT('',(-3.750000000008E-1,0.E0,-1.999999999991E-1));
#922=LINE('',#921,#920);
#923=CURVE_STYLE('',#34,POSITIVE_LENGTH_MEASURE(2.E-2),#22);
#924=PRESENTATION_STYLE_ASSIGNMENT((#923));
#925=STYLED_ITEM('',(#924),#922);
#926=DIRECTION('',(4.472135954999E-1,0.E0,8.944271909999E-1));
#927=VECTOR('',#926,2.236067977498E-2);
#928=CARTESIAN_POINT('',(-3.750000000008E-1,0.E0,1.400000000001E0));
#929=LINE('',#928,#927);
#930=CURVE_STYLE('',#34,POSITIVE_LENGTH_MEASURE(2.E-2),#22);
#931=PRESENTATION_STYLE_ASSIGNMENT((#930));
#932=STYLED_ITEM('',(#931),#929);
#933=DIRECTION('',(0.E0,0.E0,1.E0));
#934=VECTOR('',#933,7.999999999914E-2);
#935=CARTESIAN_POINT('',(-3.650000000008E-1,0.E0,1.420000000001E0));
#936=LINE('',#935,#934);
#937=CURVE_STYLE('',#34,POSITIVE_LENGTH_MEASURE(2.E-2),#22);
#938=PRESENTATION_STYLE_ASSIGNMENT((#937));
#939=STYLED_ITEM('',(#938),#936);
#940=DIRECTION('',(0.E0,1.E0,0.E0));
#941=VECTOR('',#940,1.E-1);
#942=CARTESIAN_POINT('',(-1.350000000008E-1,0.E0,1.5E0));
#943=LINE('',#942,#941);
#944=CURVE_STYLE('',#34,POSITIVE_LENGTH_MEASURE(2.E-2),#22);
#945=PRESENTATION_STYLE_ASSIGNMENT((#944));
#946=STYLED_ITEM('',(#945),#943);
#947=DIRECTION('',(-1.E0,0.E0,0.E0));
#948=VECTOR('',#947,2.3E-1);
#949=CARTESIAN_POINT('',(-1.350000000008E-1,1.E-1,1.5E0));
#950=LINE('',#949,#948);
#951=CURVE_STYLE('',#34,POSITIVE_LENGTH_MEASURE(2.E-2),#22);
#952=PRESENTATION_STYLE_ASSIGNMENT((#951));
#953=STYLED_ITEM('',(#952),#950);
#954=DIRECTION('',(0.E0,0.E0,1.E0));
#955=VECTOR('',#954,7.999999999914E-2);
#956=CARTESIAN_POINT('',(-3.650000000008E-1,1.E-1,1.420000000001E0));
#957=LINE('',#956,#955);
#958=CURVE_STYLE('',#34,POSITIVE_LENGTH_MEASURE(2.E-2),#22);
#959=PRESENTATION_STYLE_ASSIGNMENT((#958));
#960=STYLED_ITEM('',(#959),#957);
#961=DIRECTION('',(4.472135954999E-1,0.E0,8.944271909999E-1));
#962=VECTOR('',#961,2.236067977498E-2);
#963=CARTESIAN_POINT('',(-3.750000000008E-1,1.E-1,1.400000000001E0));
#964=LINE('',#963,#962);
#965=CURVE_STYLE('',#34,POSITIVE_LENGTH_MEASURE(2.E-2),#22);
#966=PRESENTATION_STYLE_ASSIGNMENT((#965));
#967=STYLED_ITEM('',(#966),#964);
#968=DIRECTION('',(0.E0,0.E0,1.E0));
#969=VECTOR('',#968,1.6E0);
#970=CARTESIAN_POINT('',(-3.750000000008E-1,1.E-1,-1.999999999991E-1));
#971=LINE('',#970,#969);
#972=CURVE_STYLE('',#34,POSITIVE_LENGTH_MEASURE(2.E-2),#22);
#973=PRESENTATION_STYLE_ASSIGNMENT((#972));
#974=STYLED_ITEM('',(#973),#971);
#975=DIRECTION('',(-1.E0,0.E0,0.E0));
#976=VECTOR('',#975,2.5E-1);
#977=CARTESIAN_POINT('',(-1.250000000008E-1,1.E-1,-1.999999999991E-1));
#978=LINE('',#977,#976);
#979=CURVE_STYLE('',#34,POSITIVE_LENGTH_MEASURE(2.E-2),#22);
#980=PRESENTATION_STYLE_ASSIGNMENT((#979));
#981=STYLED_ITEM('',(#980),#978);
#982=DIRECTION('',(0.E0,0.E0,-1.E0));
#983=VECTOR('',#982,1.6E0);
#984=CARTESIAN_POINT('',(-1.250000000008E-1,1.E-1,1.400000000001E0));
#985=LINE('',#984,#983);
#986=CURVE_STYLE('',#34,POSITIVE_LENGTH_MEASURE(2.E-2),#22);
#987=PRESENTATION_STYLE_ASSIGNMENT((#986));
#988=STYLED_ITEM('',(#987),#985);
#989=DIRECTION('',(4.472135954999E-1,0.E0,-8.944271909999E-1));
#990=VECTOR('',#989,2.236067977498E-2);
#991=CARTESIAN_POINT('',(-1.350000000008E-1,1.E-1,1.420000000001E0));
#992=LINE('',#991,#990);
#993=CURVE_STYLE('',#34,POSITIVE_LENGTH_MEASURE(2.E-2),#22);
#994=PRESENTATION_STYLE_ASSIGNMENT((#993));
#995=STYLED_ITEM('',(#994),#992);
#996=DIRECTION('',(0.E0,0.E0,-1.E0));
#997=VECTOR('',#996,7.999999999914E-2);
#998=CARTESIAN_POINT('',(-1.350000000008E-1,1.E-1,1.5E0));
#999=LINE('',#998,#997);
#1000=CURVE_STYLE('',#34,POSITIVE_LENGTH_MEASURE(2.E-2),#22);
#1001=PRESENTATION_STYLE_ASSIGNMENT((#1000));
#1002=STYLED_ITEM('',(#1001),#999);
#1003=DIRECTION('',(0.E0,1.E0,0.E0));
#1004=VECTOR('',#1003,1.E-1);
#1005=CARTESIAN_POINT('',(-3.650000000008E-1,0.E0,1.5E0));
#1006=LINE('',#1005,#1004);
#1007=CURVE_STYLE('',#34,POSITIVE_LENGTH_MEASURE(2.E-2),#22);
#1008=PRESENTATION_STYLE_ASSIGNMENT((#1007));
#1009=STYLED_ITEM('',(#1008),#1006);
#1010=DIRECTION('',(0.E0,1.E0,0.E0));
#1011=VECTOR('',#1010,1.E-1);
#1012=CARTESIAN_POINT('',(-3.650000000008E-1,0.E0,1.420000000001E0));
#1013=LINE('',#1012,#1011);
#1014=CURVE_STYLE('',#34,POSITIVE_LENGTH_MEASURE(2.E-2),#22);
#1015=PRESENTATION_STYLE_ASSIGNMENT((#1014));
#1016=STYLED_ITEM('',(#1015),#1013);
#1017=DIRECTION('',(0.E0,1.E0,0.E0));
#1018=VECTOR('',#1017,1.E-1);
#1019=CARTESIAN_POINT('',(-3.750000000008E-1,0.E0,1.400000000001E0));
#1020=LINE('',#1019,#1018);
#1021=CURVE_STYLE('',#34,POSITIVE_LENGTH_MEASURE(2.E-2),#22);
#1022=PRESENTATION_STYLE_ASSIGNMENT((#1021));
#1023=STYLED_ITEM('',(#1022),#1020);
#1024=DIRECTION('',(0.E0,1.E0,0.E0));
#1025=VECTOR('',#1024,1.E-1);
#1026=CARTESIAN_POINT('',(-3.750000000008E-1,0.E0,-1.999999999991E-1));
#1027=LINE('',#1026,#1025);
#1028=CURVE_STYLE('',#34,POSITIVE_LENGTH_MEASURE(2.E-2),#22);
#1029=PRESENTATION_STYLE_ASSIGNMENT((#1028));
#1030=STYLED_ITEM('',(#1029),#1027);
#1031=DIRECTION('',(0.E0,1.E0,0.E0));
#1032=VECTOR('',#1031,1.E-1);
#1033=CARTESIAN_POINT('',(-1.250000000008E-1,0.E0,-1.999999999991E-1));
#1034=LINE('',#1033,#1032);
#1035=CURVE_STYLE('',#34,POSITIVE_LENGTH_MEASURE(2.E-2),#22);
#1036=PRESENTATION_STYLE_ASSIGNMENT((#1035));
#1037=STYLED_ITEM('',(#1036),#1034);
#1038=DIRECTION('',(0.E0,1.E0,0.E0));
#1039=VECTOR('',#1038,1.E-1);
#1040=CARTESIAN_POINT('',(-1.250000000008E-1,0.E0,1.400000000001E0));
#1041=LINE('',#1040,#1039);
#1042=CURVE_STYLE('',#34,POSITIVE_LENGTH_MEASURE(2.E-2),#22);
#1043=PRESENTATION_STYLE_ASSIGNMENT((#1042));
#1044=STYLED_ITEM('',(#1043),#1041);
#1045=DIRECTION('',(0.E0,1.E0,0.E0));
#1046=VECTOR('',#1045,1.E-1);
#1047=CARTESIAN_POINT('',(-1.350000000008E-1,0.E0,1.420000000001E0));
#1048=LINE('',#1047,#1046);
#1049=CURVE_STYLE('',#34,POSITIVE_LENGTH_MEASURE(2.E-2),#22);
#1050=PRESENTATION_STYLE_ASSIGNMENT((#1049));
#1051=STYLED_ITEM('',(#1050),#1048);
#1052=CARTESIAN_POINT('',(-3.750000000008E-1,0.E0,1.400000000001E0));
#1053=CARTESIAN_POINT('',(-3.650000000008E-1,0.E0,1.420000000001E0));
#1054=VERTEX_POINT('',#1052);
#1055=VERTEX_POINT('',#1053);
#1056=CARTESIAN_POINT('',(-1.350000000008E-1,0.E0,1.420000000001E0));
#1057=CARTESIAN_POINT('',(-1.250000000008E-1,0.E0,1.400000000001E0));
#1058=VERTEX_POINT('',#1056);
#1059=VERTEX_POINT('',#1057);
#1060=CARTESIAN_POINT('',(-1.250000000008E-1,0.E0,-1.999999999991E-1));
#1061=VERTEX_POINT('',#1060);
#1062=CARTESIAN_POINT('',(-3.750000000008E-1,0.E0,-1.999999999991E-1));
#1063=VERTEX_POINT('',#1062);
#1064=CARTESIAN_POINT('',(-3.750000000008E-1,1.E-1,1.400000000001E0));
#1065=CARTESIAN_POINT('',(-3.650000000008E-1,1.E-1,1.420000000001E0));
#1066=VERTEX_POINT('',#1064);
#1067=VERTEX_POINT('',#1065);
#1068=CARTESIAN_POINT('',(-1.350000000008E-1,1.E-1,1.420000000001E0));
#1069=CARTESIAN_POINT('',(-1.250000000008E-1,1.E-1,1.400000000001E0));
#1070=VERTEX_POINT('',#1068);
#1071=VERTEX_POINT('',#1069);
#1072=CARTESIAN_POINT('',(-1.250000000008E-1,1.E-1,-1.999999999991E-1));
#1073=VERTEX_POINT('',#1072);
#1074=CARTESIAN_POINT('',(-3.750000000008E-1,1.E-1,-1.999999999991E-1));
#1075=VERTEX_POINT('',#1074);
#1076=CARTESIAN_POINT('',(-1.350000000008E-1,0.E0,1.5E0));
#1077=CARTESIAN_POINT('',(-3.650000000008E-1,0.E0,1.5E0));
#1078=VERTEX_POINT('',#1076);
#1079=VERTEX_POINT('',#1077);
#1080=CARTESIAN_POINT('',(-1.350000000008E-1,1.E-1,1.5E0));
#1081=CARTESIAN_POINT('',(-3.650000000008E-1,1.E-1,1.5E0));
#1082=VERTEX_POINT('',#1080);
#1083=VERTEX_POINT('',#1081);
#1084=CARTESIAN_POINT('',(1.25E0,0.E0,1.5E0));
#1085=DIRECTION('',(0.E0,0.E0,-1.E0));
#1086=DIRECTION('',(-1.E0,0.E0,0.E0));
#1087=AXIS2_PLACEMENT_3D('',#1084,#1085,#1086);
#1088=PLANE('',#1087);
#1090=ORIENTED_EDGE('',*,*,#1089,.T.);
#1092=ORIENTED_EDGE('',*,*,#1091,.T.);
#1094=ORIENTED_EDGE('',*,*,#1093,.F.);
#1096=ORIENTED_EDGE('',*,*,#1095,.F.);
#1097=EDGE_LOOP('',(#1090,#1092,#1094,#1096));
#1098=FACE_OUTER_BOUND('',#1097,.F.);
#1099=ADVANCED_FACE('',(#1098),#1088,.F.);
#1100=FILL_AREA_STYLE_COLOUR('',#20);
#1101=FILL_AREA_STYLE('',(#1100));
#1102=SURFACE_STYLE_FILL_AREA(#1101);
#1103=SURFACE_SIDE_STYLE('',(#1102));
#1104=SURFACE_STYLE_USAGE(.POSITIVE.,#1103);
#1105=PRESENTATION_STYLE_ASSIGNMENT((#1104));
#1106=OVER_RIDING_STYLED_ITEM('',(#1105),#1099,#883);
#1107=CARTESIAN_POINT('',(0.E0,0.E0,0.E0));
#1108=DIRECTION('',(0.E0,1.E0,0.E0));
#1109=DIRECTION('',(1.E0,0.E0,0.E0));
#1110=AXIS2_PLACEMENT_3D('',#1107,#1108,#1109);
#1111=PLANE('',#1110);
#1112=ORIENTED_EDGE('',*,*,#1089,.F.);
#1114=ORIENTED_EDGE('',*,*,#1113,.T.);
#1116=ORIENTED_EDGE('',*,*,#1115,.T.);
#1118=ORIENTED_EDGE('',*,*,#1117,.T.);
#1120=ORIENTED_EDGE('',*,*,#1119,.T.);
#1122=ORIENTED_EDGE('',*,*,#1121,.T.);
#1124=ORIENTED_EDGE('',*,*,#1123,.T.);
#1126=ORIENTED_EDGE('',*,*,#1125,.T.);
#1127=EDGE_LOOP('',(#1112,#1114,#1116,#1118,#1120,#1122,#1124,#1126));
#1128=FACE_OUTER_BOUND('',#1127,.F.);
#1129=ADVANCED_FACE('',(#1128),#1111,.F.);
#1130=CARTESIAN_POINT('',(-1.350000000008E-1,0.E0,1.675000000001E0));
#1131=DIRECTION('',(1.E0,0.E0,0.E0));
#1132=DIRECTION('',(0.E0,0.E0,-1.E0));
#1133=AXIS2_PLACEMENT_3D('',#1130,#1131,#1132);
#1134=PLANE('',#1133);
#1135=ORIENTED_EDGE('',*,*,#1095,.T.);
#1137=ORIENTED_EDGE('',*,*,#1136,.T.);
#1139=ORIENTED_EDGE('',*,*,#1138,.F.);
#1140=ORIENTED_EDGE('',*,*,#1113,.F.);
#1141=EDGE_LOOP('',(#1135,#1137,#1139,#1140));
#1142=FACE_OUTER_BOUND('',#1141,.F.);
#1143=ADVANCED_FACE('',(#1142),#1134,.T.);
#1144=CARTESIAN_POINT('',(0.E0,1.E-1,0.E0));
#1145=DIRECTION('',(0.E0,1.E0,0.E0));
#1146=DIRECTION('',(1.E0,0.E0,0.E0));
#1147=AXIS2_PLACEMENT_3D('',#1144,#1145,#1146);
#1148=PLANE('',#1147);
#1149=ORIENTED_EDGE('',*,*,#1093,.T.);
#1151=ORIENTED_EDGE('',*,*,#1150,.F.);
#1153=ORIENTED_EDGE('',*,*,#1152,.F.);
#1155=ORIENTED_EDGE('',*,*,#1154,.F.);
#1157=ORIENTED_EDGE('',*,*,#1156,.F.);
#1159=ORIENTED_EDGE('',*,*,#1158,.F.);
#1161=ORIENTED_EDGE('',*,*,#1160,.F.);
#1162=ORIENTED_EDGE('',*,*,#1136,.F.);
#1163=EDGE_LOOP('',(#1149,#1151,#1153,#1155,#1157,#1159,#1161,#1162));
#1164=FACE_OUTER_BOUND('',#1163,.F.);
#1165=ADVANCED_FACE('',(#1164),#1148,.T.);
#1166=CARTESIAN_POINT('',(-3.650000000008E-1,0.E0,1.420000000001E0));
#1167=DIRECTION('',(-1.E0,0.E0,0.E0));
#1168=DIRECTION('',(0.E0,0.E0,1.E0));
#1169=AXIS2_PLACEMENT_3D('',#1166,#1167,#1168);
#1170=PLANE('',#1169);
#1171=ORIENTED_EDGE('',*,*,#1091,.F.);
#1172=ORIENTED_EDGE('',*,*,#1125,.F.);
#1174=ORIENTED_EDGE('',*,*,#1173,.T.);
#1175=ORIENTED_EDGE('',*,*,#1150,.T.);
#1176=EDGE_LOOP('',(#1171,#1172,#1174,#1175));
#1177=FACE_OUTER_BOUND('',#1176,.F.);
#1178=ADVANCED_FACE('',(#1177),#1170,.T.);
#1179=CARTESIAN_POINT('',(-3.750000000008E-1,0.E0,1.400000000001E0));
#1180=DIRECTION('',(-8.944271909999E-1,0.E0,4.472135954999E-1));
#1181=DIRECTION('',(4.472135954999E-1,0.E0,8.944271909999E-1));
#1182=AXIS2_PLACEMENT_3D('',#1179,#1180,#1181);
#1183=PLANE('',#1182);
#1184=ORIENTED_EDGE('',*,*,#1123,.F.);
#1186=ORIENTED_EDGE('',*,*,#1185,.T.);
#1187=ORIENTED_EDGE('',*,*,#1152,.T.);
#1188=ORIENTED_EDGE('',*,*,#1173,.F.);
#1189=EDGE_LOOP('',(#1184,#1186,#1187,#1188));
#1190=FACE_OUTER_BOUND('',#1189,.F.);
#1191=ADVANCED_FACE('',(#1190),#1183,.T.);
#1192=CARTESIAN_POINT('',(-3.750000000008E-1,0.E0,-1.999999999991E-1));
#1193=DIRECTION('',(-1.E0,0.E0,0.E0));
#1194=DIRECTION('',(0.E0,0.E0,1.E0));
#1195=AXIS2_PLACEMENT_3D('',#1192,#1193,#1194);
#1196=PLANE('',#1195);
#1197=ORIENTED_EDGE('',*,*,#1121,.F.);
#1199=ORIENTED_EDGE('',*,*,#1198,.T.);
#1200=ORIENTED_EDGE('',*,*,#1154,.T.);
#1201=ORIENTED_EDGE('',*,*,#1185,.F.);
#1202=EDGE_LOOP('',(#1197,#1199,#1200,#1201));
#1203=FACE_OUTER_BOUND('',#1202,.F.);
#1204=ADVANCED_FACE('',(#1203),#1196,.T.);
#1205=CARTESIAN_POINT('',(-1.250000000008E-1,0.E0,-1.999999999991E-1));
#1206=DIRECTION('',(0.E0,0.E0,-1.E0));
#1207=DIRECTION('',(-1.E0,0.E0,0.E0));
#1208=AXIS2_PLACEMENT_3D('',#1205,#1206,#1207);
#1209=PLANE('',#1208);
#1210=ORIENTED_EDGE('',*,*,#1119,.F.);
#1212=ORIENTED_EDGE('',*,*,#1211,.T.);
#1213=ORIENTED_EDGE('',*,*,#1156,.T.);
#1214=ORIENTED_EDGE('',*,*,#1198,.F.);
#1215=EDGE_LOOP('',(#1210,#1212,#1213,#1214));
#1216=FACE_OUTER_BOUND('',#1215,.F.);
#1217=ADVANCED_FACE('',(#1216),#1209,.T.);
#1218=CARTESIAN_POINT('',(-1.250000000008E-1,0.E0,1.400000000001E0));
#1219=DIRECTION('',(1.E0,0.E0,0.E0));
#1220=DIRECTION('',(0.E0,0.E0,-1.E0));
#1221=AXIS2_PLACEMENT_3D('',#1218,#1219,#1220);
#1222=PLANE('',#1221);
#1223=ORIENTED_EDGE('',*,*,#1117,.F.);
#1225=ORIENTED_EDGE('',*,*,#1224,.T.);
#1226=ORIENTED_EDGE('',*,*,#1158,.T.);
#1227=ORIENTED_EDGE('',*,*,#1211,.F.);
#1228=EDGE_LOOP('',(#1223,#1225,#1226,#1227));
#1229=FACE_OUTER_BOUND('',#1228,.F.);
#1230=ADVANCED_FACE('',(#1229),#1222,.T.);
#1231=CARTESIAN_POINT('',(-1.350000000008E-1,0.E0,1.420000000001E0));
#1232=DIRECTION('',(8.944271909999E-1,0.E0,4.472135955E-1));
#1233=DIRECTION('',(4.472135955E-1,0.E0,-8.944271909999E-1));
#1234=AXIS2_PLACEMENT_3D('',#1231,#1232,#1233);
#1235=PLANE('',#1234);
#1236=ORIENTED_EDGE('',*,*,#1115,.F.);
#1237=ORIENTED_EDGE('',*,*,#1138,.T.);
#1238=ORIENTED_EDGE('',*,*,#1160,.T.);
#1239=ORIENTED_EDGE('',*,*,#1224,.F.);
#1240=EDGE_LOOP('',(#1236,#1237,#1238,#1239));
#1241=FACE_OUTER_BOUND('',#1240,.F.);
#1242=ADVANCED_FACE('',(#1241),#1235,.T.);
#1243=CLOSED_SHELL('',(#1099,#1129,#1143,#1165,#1178,#1191,#1204,#1217,#1230,
#1242));
#1244=MANIFOLD_SOLID_BREP('',#1243);
#1245=FILL_AREA_STYLE_COLOUR('',#22);
#1246=FILL_AREA_STYLE('',(#1245));
#1247=SURFACE_STYLE_FILL_AREA(#1246);
#1248=SURFACE_SIDE_STYLE('',(#1247));
#1249=SURFACE_STYLE_USAGE(.POSITIVE.,#1248);
#1250=PRESENTATION_STYLE_ASSIGNMENT((#1249));
#883=STYLED_ITEM('',(#1250),#1244);
#1252=DIRECTION('',(-1.E0,0.E0,0.E0));
#1253=VECTOR('',#1252,2.3E-1);
#1254=CARTESIAN_POINT('',(3.649999999992E-1,0.E0,1.5E0));
#1255=LINE('',#1254,#1253);
#1256=CURVE_STYLE('',#34,POSITIVE_LENGTH_MEASURE(2.E-2),#22);
#1257=PRESENTATION_STYLE_ASSIGNMENT((#1256));
#1258=STYLED_ITEM('',(#1257),#1255);
#1259=DIRECTION('',(0.E0,0.E0,-1.E0));
#1260=VECTOR('',#1259,7.999999999914E-2);
#1261=CARTESIAN_POINT('',(3.649999999992E-1,0.E0,1.5E0));
#1262=LINE('',#1261,#1260);
#1263=CURVE_STYLE('',#34,POSITIVE_LENGTH_MEASURE(2.E-2),#22);
#1264=PRESENTATION_STYLE_ASSIGNMENT((#1263));
#1265=STYLED_ITEM('',(#1264),#1262);
#1266=DIRECTION('',(4.472135955016E-1,0.E0,-8.944271909991E-1));
#1267=VECTOR('',#1266,2.236067977500E-2);
#1268=CARTESIAN_POINT('',(3.649999999992E-1,0.E0,1.420000000001E0));
#1269=LINE('',#1268,#1267);
#1270=CURVE_STYLE('',#34,POSITIVE_LENGTH_MEASURE(2.E-2),#22);
#1271=PRESENTATION_STYLE_ASSIGNMENT((#1270));
#1272=STYLED_ITEM('',(#1271),#1269);
#1273=DIRECTION('',(0.E0,0.E0,-1.E0));
#1274=VECTOR('',#1273,1.6E0);
#1275=CARTESIAN_POINT('',(3.749999999992E-1,0.E0,1.400000000001E0));
#1276=LINE('',#1275,#1274);
#1277=CURVE_STYLE('',#34,POSITIVE_LENGTH_MEASURE(2.E-2),#22);
#1278=PRESENTATION_STYLE_ASSIGNMENT((#1277));
#1279=STYLED_ITEM('',(#1278),#1276);
#1280=DIRECTION('',(-1.E0,0.E0,0.E0));
#1281=VECTOR('',#1280,2.5E-1);
#1282=CARTESIAN_POINT('',(3.749999999992E-1,0.E0,-1.999999999991E-1));
#1283=LINE('',#1282,#1281);
#1284=CURVE_STYLE('',#34,POSITIVE_LENGTH_MEASURE(2.E-2),#22);
#1285=PRESENTATION_STYLE_ASSIGNMENT((#1284));
#1286=STYLED_ITEM('',(#1285),#1283);
#1287=DIRECTION('',(0.E0,0.E0,1.E0));
#1288=VECTOR('',#1287,1.6E0);
#1289=CARTESIAN_POINT('',(1.249999999992E-1,0.E0,-1.999999999991E-1));
#1290=LINE('',#1289,#1288);
#1291=CURVE_STYLE('',#34,POSITIVE_LENGTH_MEASURE(2.E-2),#22);
#1292=PRESENTATION_STYLE_ASSIGNMENT((#1291));
#1293=STYLED_ITEM('',(#1292),#1290);
#1294=DIRECTION('',(4.472135954999E-1,0.E0,8.944271909999E-1));
#1295=VECTOR('',#1294,2.236067977498E-2);
#1296=CARTESIAN_POINT('',(1.249999999992E-1,0.E0,1.400000000001E0));
#1297=LINE('',#1296,#1295);
#1298=CURVE_STYLE('',#34,POSITIVE_LENGTH_MEASURE(2.E-2),#22);
#1299=PRESENTATION_STYLE_ASSIGNMENT((#1298));
#1300=STYLED_ITEM('',(#1299),#1297);
#1301=DIRECTION('',(0.E0,0.E0,1.E0));
#1302=VECTOR('',#1301,7.999999999914E-2);
#1303=CARTESIAN_POINT('',(1.349999999992E-1,0.E0,1.420000000001E0));
#1304=LINE('',#1303,#1302);
#1305=CURVE_STYLE('',#34,POSITIVE_LENGTH_MEASURE(2.E-2),#22);
#1306=PRESENTATION_STYLE_ASSIGNMENT((#1305));
#1307=STYLED_ITEM('',(#1306),#1304);
#1308=DIRECTION('',(0.E0,1.E0,0.E0));
#1309=VECTOR('',#1308,1.E-1);
#1310=CARTESIAN_POINT('',(3.649999999992E-1,0.E0,1.5E0));
#1311=LINE('',#1310,#1309);
#1312=CURVE_STYLE('',#34,POSITIVE_LENGTH_MEASURE(2.E-2),#22);
#1313=PRESENTATION_STYLE_ASSIGNMENT((#1312));
#1314=STYLED_ITEM('',(#1313),#1311);
#1315=DIRECTION('',(-1.E0,0.E0,0.E0));
#1316=VECTOR('',#1315,2.3E-1);
#1317=CARTESIAN_POINT('',(3.649999999992E-1,1.E-1,1.5E0));
#1318=LINE('',#1317,#1316);
#1319=CURVE_STYLE('',#34,POSITIVE_LENGTH_MEASURE(2.E-2),#22);
#1320=PRESENTATION_STYLE_ASSIGNMENT((#1319));
#1321=STYLED_ITEM('',(#1320),#1318);
#1322=DIRECTION('',(0.E0,0.E0,1.E0));
#1323=VECTOR('',#1322,7.999999999914E-2);
#1324=CARTESIAN_POINT('',(1.349999999992E-1,1.E-1,1.420000000001E0));
#1325=LINE('',#1324,#1323);
#1326=CURVE_STYLE('',#34,POSITIVE_LENGTH_MEASURE(2.E-2),#22);
#1327=PRESENTATION_STYLE_ASSIGNMENT((#1326));
#1328=STYLED_ITEM('',(#1327),#1325);
#1329=DIRECTION('',(4.472135954999E-1,0.E0,8.944271909999E-1));
#1330=VECTOR('',#1329,2.236067977498E-2);
#1331=CARTESIAN_POINT('',(1.249999999992E-1,1.E-1,1.400000000001E0));
#1332=LINE('',#1331,#1330);
#1333=CURVE_STYLE('',#34,POSITIVE_LENGTH_MEASURE(2.E-2),#22);
#1334=PRESENTATION_STYLE_ASSIGNMENT((#1333));
#1335=STYLED_ITEM('',(#1334),#1332);
#1336=DIRECTION('',(0.E0,0.E0,1.E0));
#1337=VECTOR('',#1336,1.6E0);
#1338=CARTESIAN_POINT('',(1.249999999992E-1,1.E-1,-1.999999999991E-1));
#1339=LINE('',#1338,#1337);
#1340=CURVE_STYLE('',#34,POSITIVE_LENGTH_MEASURE(2.E-2),#22);
#1341=PRESENTATION_STYLE_ASSIGNMENT((#1340));
#1342=STYLED_ITEM('',(#1341),#1339);
#1343=DIRECTION('',(-1.E0,0.E0,0.E0));
#1344=VECTOR('',#1343,2.5E-1);
#1345=CARTESIAN_POINT('',(3.749999999992E-1,1.E-1,-1.999999999991E-1));
#1346=LINE('',#1345,#1344);
#1347=CURVE_STYLE('',#34,POSITIVE_LENGTH_MEASURE(2.E-2),#22);
#1348=PRESENTATION_STYLE_ASSIGNMENT((#1347));
#1349=STYLED_ITEM('',(#1348),#1346);
#1350=DIRECTION('',(0.E0,0.E0,-1.E0));
#1351=VECTOR('',#1350,1.6E0);
#1352=CARTESIAN_POINT('',(3.749999999992E-1,1.E-1,1.400000000001E0));
#1353=LINE('',#1352,#1351);
#1354=CURVE_STYLE('',#34,POSITIVE_LENGTH_MEASURE(2.E-2),#22);
#1355=PRESENTATION_STYLE_ASSIGNMENT((#1354));
#1356=STYLED_ITEM('',(#1355),#1353);
#1357=DIRECTION('',(4.472135955016E-1,0.E0,-8.944271909991E-1));
#1358=VECTOR('',#1357,2.236067977500E-2);
#1359=CARTESIAN_POINT('',(3.649999999992E-1,1.E-1,1.420000000001E0));
#1360=LINE('',#1359,#1358);
#1361=CURVE_STYLE('',#34,POSITIVE_LENGTH_MEASURE(2.E-2),#22);
#1362=PRESENTATION_STYLE_ASSIGNMENT((#1361));
#1363=STYLED_ITEM('',(#1362),#1360);
#1364=DIRECTION('',(0.E0,0.E0,-1.E0));
#1365=VECTOR('',#1364,7.999999999914E-2);
#1366=CARTESIAN_POINT('',(3.649999999992E-1,1.E-1,1.5E0));
#1367=LINE('',#1366,#1365);
#1368=CURVE_STYLE('',#34,POSITIVE_LENGTH_MEASURE(2.E-2),#22);
#1369=PRESENTATION_STYLE_ASSIGNMENT((#1368));
#1370=STYLED_ITEM('',(#1369),#1367);
#1371=DIRECTION('',(0.E0,1.E0,0.E0));
#1372=VECTOR('',#1371,1.E-1);
#1373=CARTESIAN_POINT('',(1.349999999992E-1,0.E0,1.5E0));
#1374=LINE('',#1373,#1372);
#1375=CURVE_STYLE('',#34,POSITIVE_LENGTH_MEASURE(2.E-2),#22);
#1376=PRESENTATION_STYLE_ASSIGNMENT((#1375));
#1377=STYLED_ITEM('',(#1376),#1374);
#1378=DIRECTION('',(0.E0,1.E0,0.E0));
#1379=VECTOR('',#1378,1.E-1);
#1380=CARTESIAN_POINT('',(1.349999999992E-1,0.E0,1.420000000001E0));
#1381=LINE('',#1380,#1379);
#1382=CURVE_STYLE('',#34,POSITIVE_LENGTH_MEASURE(2.E-2),#22);
#1383=PRESENTATION_STYLE_ASSIGNMENT((#1382));
#1384=STYLED_ITEM('',(#1383),#1381);
#1385=DIRECTION('',(0.E0,1.E0,0.E0));
#1386=VECTOR('',#1385,1.E-1);
#1387=CARTESIAN_POINT('',(1.249999999992E-1,0.E0,1.400000000001E0));
#1388=LINE('',#1387,#1386);
#1389=CURVE_STYLE('',#34,POSITIVE_LENGTH_MEASURE(2.E-2),#22);
#1390=PRESENTATION_STYLE_ASSIGNMENT((#1389));
#1391=STYLED_ITEM('',(#1390),#1388);
#1392=DIRECTION('',(0.E0,1.E0,0.E0));
#1393=VECTOR('',#1392,1.E-1);
#1394=CARTESIAN_POINT('',(1.249999999992E-1,0.E0,-1.999999999991E-1));
#1395=LINE('',#1394,#1393);
#1396=CURVE_STYLE('',#34,POSITIVE_LENGTH_MEASURE(2.E-2),#22);
#1397=PRESENTATION_STYLE_ASSIGNMENT((#1396));
#1398=STYLED_ITEM('',(#1397),#1395);
#1399=DIRECTION('',(0.E0,1.E0,0.E0));
#1400=VECTOR('',#1399,1.E-1);
#1401=CARTESIAN_POINT('',(3.749999999992E-1,0.E0,-1.999999999991E-1));
#1402=LINE('',#1401,#1400);
#1403=CURVE_STYLE('',#34,POSITIVE_LENGTH_MEASURE(2.E-2),#22);
#1404=PRESENTATION_STYLE_ASSIGNMENT((#1403));
#1405=STYLED_ITEM('',(#1404),#1402);
#1406=DIRECTION('',(0.E0,1.E0,0.E0));
#1407=VECTOR('',#1406,1.E-1);
#1408=CARTESIAN_POINT('',(3.749999999992E-1,0.E0,1.400000000001E0));
#1409=LINE('',#1408,#1407);
#1410=CURVE_STYLE('',#34,POSITIVE_LENGTH_MEASURE(2.E-2),#22);
#1411=PRESENTATION_STYLE_ASSIGNMENT((#1410));
#1412=STYLED_ITEM('',(#1411),#1409);
#1413=DIRECTION('',(0.E0,1.E0,0.E0));
#1414=VECTOR('',#1413,1.E-1);
#1415=CARTESIAN_POINT('',(3.649999999992E-1,0.E0,1.420000000001E0));
#1416=LINE('',#1415,#1414);
#1417=CURVE_STYLE('',#34,POSITIVE_LENGTH_MEASURE(2.E-2),#22);
#1418=PRESENTATION_STYLE_ASSIGNMENT((#1417));
#1419=STYLED_ITEM('',(#1418),#1416);
#1420=CARTESIAN_POINT('',(3.749999999992E-1,0.E0,-1.999999999991E-1));
#1421=CARTESIAN_POINT('',(1.249999999992E-1,0.E0,-1.999999999991E-1));
#1422=VERTEX_POINT('',#1420);
#1423=VERTEX_POINT('',#1421);
#1424=CARTESIAN_POINT('',(1.249999999992E-1,0.E0,1.400000000001E0));
#1425=VERTEX_POINT('',#1424);
#1426=CARTESIAN_POINT('',(1.349999999992E-1,0.E0,1.420000000001E0));
#1427=VERTEX_POINT('',#1426);
#1428=CARTESIAN_POINT('',(3.649999999992E-1,0.E0,1.420000000001E0));
#1429=CARTESIAN_POINT('',(3.749999999992E-1,0.E0,1.400000000001E0));
#1430=VERTEX_POINT('',#1428);
#1431=VERTEX_POINT('',#1429);
#1432=CARTESIAN_POINT('',(3.749999999992E-1,1.E-1,-1.999999999991E-1));
#1433=CARTESIAN_POINT('',(1.249999999992E-1,1.E-1,-1.999999999991E-1));
#1434=VERTEX_POINT('',#1432);
#1435=VERTEX_POINT('',#1433);
#1436=CARTESIAN_POINT('',(1.249999999992E-1,1.E-1,1.400000000001E0));
#1437=VERTEX_POINT('',#1436);
#1438=CARTESIAN_POINT('',(1.349999999992E-1,1.E-1,1.420000000001E0));
#1439=VERTEX_POINT('',#1438);
#1440=CARTESIAN_POINT('',(3.649999999992E-1,1.E-1,1.420000000001E0));
#1441=CARTESIAN_POINT('',(3.749999999992E-1,1.E-1,1.400000000001E0));
#1442=VERTEX_POINT('',#1440);
#1443=VERTEX_POINT('',#1441);
#1444=CARTESIAN_POINT('',(3.649999999992E-1,0.E0,1.5E0));
#1445=CARTESIAN_POINT('',(1.349999999992E-1,0.E0,1.5E0));
#1446=VERTEX_POINT('',#1444);
#1447=VERTEX_POINT('',#1445);
#1448=CARTESIAN_POINT('',(3.649999999992E-1,1.E-1,1.5E0));
#1449=CARTESIAN_POINT('',(1.349999999992E-1,1.E-1,1.5E0));
#1450=VERTEX_POINT('',#1448);
#1451=VERTEX_POINT('',#1449);
#1452=CARTESIAN_POINT('',(1.25E0,0.E0,1.5E0));
#1453=DIRECTION('',(0.E0,0.E0,-1.E0));
#1454=DIRECTION('',(-1.E0,0.E0,0.E0));
#1455=AXIS2_PLACEMENT_3D('',#1452,#1453,#1454);
#1456=PLANE('',#1455);
#1458=ORIENTED_EDGE('',*,*,#1457,.T.);
#1460=ORIENTED_EDGE('',*,*,#1459,.T.);
#1462=ORIENTED_EDGE('',*,*,#1461,.F.);
#1464=ORIENTED_EDGE('',*,*,#1463,.F.);
#1465=EDGE_LOOP('',(#1458,#1460,#1462,#1464));
#1466=FACE_OUTER_BOUND('',#1465,.F.);
#1467=ADVANCED_FACE('',(#1466),#1456,.F.);
#1468=FILL_AREA_STYLE_COLOUR('',#20);
#1469=FILL_AREA_STYLE('',(#1468));
#1470=SURFACE_STYLE_FILL_AREA(#1469);
#1471=SURFACE_SIDE_STYLE('',(#1470));
#1472=SURFACE_STYLE_USAGE(.POSITIVE.,#1471);
#1473=PRESENTATION_STYLE_ASSIGNMENT((#1472));
#1474=OVER_RIDING_STYLED_ITEM('',(#1473),#1467,#1251);
#1475=CARTESIAN_POINT('',(0.E0,0.E0,0.E0));
#1476=DIRECTION('',(0.E0,1.E0,0.E0));
#1477=DIRECTION('',(1.E0,0.E0,0.E0));
#1478=AXIS2_PLACEMENT_3D('',#1475,#1476,#1477);
#1479=PLANE('',#1478);
#1480=ORIENTED_EDGE('',*,*,#1457,.F.);
#1482=ORIENTED_EDGE('',*,*,#1481,.T.);
#1484=ORIENTED_EDGE('',*,*,#1483,.T.);
#1486=ORIENTED_EDGE('',*,*,#1485,.T.);
#1488=ORIENTED_EDGE('',*,*,#1487,.T.);
#1490=ORIENTED_EDGE('',*,*,#1489,.T.);
#1492=ORIENTED_EDGE('',*,*,#1491,.T.);
#1494=ORIENTED_EDGE('',*,*,#1493,.T.);
#1495=EDGE_LOOP('',(#1480,#1482,#1484,#1486,#1488,#1490,#1492,#1494));
#1496=FACE_OUTER_BOUND('',#1495,.F.);
#1497=ADVANCED_FACE('',(#1496),#1479,.F.);
#1498=CARTESIAN_POINT('',(3.649999999992E-1,0.E0,1.675000000001E0));
#1499=DIRECTION('',(1.E0,0.E0,0.E0));
#1500=DIRECTION('',(0.E0,0.E0,-1.E0));
#1501=AXIS2_PLACEMENT_3D('',#1498,#1499,#1500);
#1502=PLANE('',#1501);
#1503=ORIENTED_EDGE('',*,*,#1463,.T.);
#1505=ORIENTED_EDGE('',*,*,#1504,.T.);
#1507=ORIENTED_EDGE('',*,*,#1506,.F.);
#1508=ORIENTED_EDGE('',*,*,#1481,.F.);
#1509=EDGE_LOOP('',(#1503,#1505,#1507,#1508));
#1510=FACE_OUTER_BOUND('',#1509,.F.);
#1511=ADVANCED_FACE('',(#1510),#1502,.T.);
#1512=CARTESIAN_POINT('',(0.E0,1.E-1,0.E0));
#1513=DIRECTION('',(0.E0,1.E0,0.E0));
#1514=DIRECTION('',(1.E0,0.E0,0.E0));
#1515=AXIS2_PLACEMENT_3D('',#1512,#1513,#1514);
#1516=PLANE('',#1515);
#1517=ORIENTED_EDGE('',*,*,#1461,.T.);
#1519=ORIENTED_EDGE('',*,*,#1518,.F.);
#1521=ORIENTED_EDGE('',*,*,#1520,.F.);
#1523=ORIENTED_EDGE('',*,*,#1522,.F.);
#1525=ORIENTED_EDGE('',*,*,#1524,.F.);
#1527=ORIENTED_EDGE('',*,*,#1526,.F.);
#1529=ORIENTED_EDGE('',*,*,#1528,.F.);
#1530=ORIENTED_EDGE('',*,*,#1504,.F.);
#1531=EDGE_LOOP('',(#1517,#1519,#1521,#1523,#1525,#1527,#1529,#1530));
#1532=FACE_OUTER_BOUND('',#1531,.F.);
#1533=ADVANCED_FACE('',(#1532),#1516,.T.);
#1534=CARTESIAN_POINT('',(1.349999999992E-1,0.E0,1.420000000001E0));
#1535=DIRECTION('',(-1.E0,0.E0,0.E0));
#1536=DIRECTION('',(0.E0,0.E0,1.E0));
#1537=AXIS2_PLACEMENT_3D('',#1534,#1535,#1536);
#1538=PLANE('',#1537);
#1539=ORIENTED_EDGE('',*,*,#1459,.F.);
#1540=ORIENTED_EDGE('',*,*,#1493,.F.);
#1542=ORIENTED_EDGE('',*,*,#1541,.T.);
#1543=ORIENTED_EDGE('',*,*,#1518,.T.);
#1544=EDGE_LOOP('',(#1539,#1540,#1542,#1543));
#1545=FACE_OUTER_BOUND('',#1544,.F.);
#1546=ADVANCED_FACE('',(#1545),#1538,.T.);
#1547=CARTESIAN_POINT('',(1.249999999992E-1,0.E0,1.400000000001E0));
#1548=DIRECTION('',(-8.944271909999E-1,0.E0,4.472135954999E-1));
#1549=DIRECTION('',(4.472135954999E-1,0.E0,8.944271909999E-1));
#1550=AXIS2_PLACEMENT_3D('',#1547,#1548,#1549);
#1551=PLANE('',#1550);
#1552=ORIENTED_EDGE('',*,*,#1491,.F.);
#1554=ORIENTED_EDGE('',*,*,#1553,.T.);
#1555=ORIENTED_EDGE('',*,*,#1520,.T.);
#1556=ORIENTED_EDGE('',*,*,#1541,.F.);
#1557=EDGE_LOOP('',(#1552,#1554,#1555,#1556));
#1558=FACE_OUTER_BOUND('',#1557,.F.);
#1559=ADVANCED_FACE('',(#1558),#1551,.T.);
#1560=CARTESIAN_POINT('',(1.249999999992E-1,0.E0,-1.999999999991E-1));
#1561=DIRECTION('',(-1.E0,0.E0,0.E0));
#1562=DIRECTION('',(0.E0,0.E0,1.E0));
#1563=AXIS2_PLACEMENT_3D('',#1560,#1561,#1562);
#1564=PLANE('',#1563);
#1565=ORIENTED_EDGE('',*,*,#1489,.F.);
#1567=ORIENTED_EDGE('',*,*,#1566,.T.);
#1568=ORIENTED_EDGE('',*,*,#1522,.T.);
#1569=ORIENTED_EDGE('',*,*,#1553,.F.);
#1570=EDGE_LOOP('',(#1565,#1567,#1568,#1569));
#1571=FACE_OUTER_BOUND('',#1570,.F.);
#1572=ADVANCED_FACE('',(#1571),#1564,.T.);
#1573=CARTESIAN_POINT('',(3.749999999992E-1,0.E0,-1.999999999991E-1));
#1574=DIRECTION('',(0.E0,0.E0,-1.E0));
#1575=DIRECTION('',(-1.E0,0.E0,0.E0));
#1576=AXIS2_PLACEMENT_3D('',#1573,#1574,#1575);
#1577=PLANE('',#1576);
#1578=ORIENTED_EDGE('',*,*,#1487,.F.);
#1580=ORIENTED_EDGE('',*,*,#1579,.T.);
#1581=ORIENTED_EDGE('',*,*,#1524,.T.);
#1582=ORIENTED_EDGE('',*,*,#1566,.F.);
#1583=EDGE_LOOP('',(#1578,#1580,#1581,#1582));
#1584=FACE_OUTER_BOUND('',#1583,.F.);
#1585=ADVANCED_FACE('',(#1584),#1577,.T.);
#1586=CARTESIAN_POINT('',(3.749999999992E-1,0.E0,1.400000000001E0));
#1587=DIRECTION('',(1.E0,0.E0,0.E0));
#1588=DIRECTION('',(0.E0,0.E0,-1.E0));
#1589=AXIS2_PLACEMENT_3D('',#1586,#1587,#1588);
#1590=PLANE('',#1589);
#1591=ORIENTED_EDGE('',*,*,#1485,.F.);
#1593=ORIENTED_EDGE('',*,*,#1592,.T.);
#1594=ORIENTED_EDGE('',*,*,#1526,.T.);
#1595=ORIENTED_EDGE('',*,*,#1579,.F.);
#1596=EDGE_LOOP('',(#1591,#1593,#1594,#1595));
#1597=FACE_OUTER_BOUND('',#1596,.F.);
#1598=ADVANCED_FACE('',(#1597),#1590,.T.);
#1599=CARTESIAN_POINT('',(3.649999999992E-1,0.E0,1.420000000001E0));
#1600=DIRECTION('',(8.944271909991E-1,0.E0,4.472135955016E-1));
#1601=DIRECTION('',(4.472135955016E-1,0.E0,-8.944271909991E-1));
#1602=AXIS2_PLACEMENT_3D('',#1599,#1600,#1601);
#1603=PLANE('',#1602);
#1604=ORIENTED_EDGE('',*,*,#1483,.F.);
#1605=ORIENTED_EDGE('',*,*,#1506,.T.);
#1606=ORIENTED_EDGE('',*,*,#1528,.T.);
#1607=ORIENTED_EDGE('',*,*,#1592,.F.);
#1608=EDGE_LOOP('',(#1604,#1605,#1606,#1607));
#1609=FACE_OUTER_BOUND('',#1608,.F.);
#1610=ADVANCED_FACE('',(#1609),#1603,.T.);
#1611=CLOSED_SHELL('',(#1467,#1497,#1511,#1533,#1546,#1559,#1572,#1585,#1598,
#1610));
#1612=MANIFOLD_SOLID_BREP('',#1611);
#1613=FILL_AREA_STYLE_COLOUR('',#22);
#1614=FILL_AREA_STYLE('',(#1613));
#1615=SURFACE_STYLE_FILL_AREA(#1614);
#1616=SURFACE_SIDE_STYLE('',(#1615));
#1617=SURFACE_STYLE_USAGE(.POSITIVE.,#1616);
#1618=PRESENTATION_STYLE_ASSIGNMENT((#1617));
#1251=STYLED_ITEM('',(#1618),#1612);
#1620=DIRECTION('',(0.E0,0.E0,1.E0));
#1621=VECTOR('',#1620,4.E-1);
#1622=CARTESIAN_POINT('',(1.25E0,0.E0,6.650000000009E-1));
#1623=LINE('',#1622,#1621);
#1624=CURVE_STYLE('',#34,POSITIVE_LENGTH_MEASURE(2.E-2),#22);
#1625=PRESENTATION_STYLE_ASSIGNMENT((#1624));
#1626=STYLED_ITEM('',(#1625),#1623);
#1627=DIRECTION('',(-1.E0,0.E0,0.E0));
#1628=VECTOR('',#1627,2.000000000008E-1);
#1629=CARTESIAN_POINT('',(1.25E0,0.E0,6.650000000009E-1));
#1630=LINE('',#1629,#1628);
#1631=CURVE_STYLE('',#34,POSITIVE_LENGTH_MEASURE(2.E-2),#22);
#1632=PRESENTATION_STYLE_ASSIGNMENT((#1631));
#1633=STYLED_ITEM('',(#1632),#1630);
#1634=CARTESIAN_POINT('',(1.049999999999E0,0.E0,8.650000000009E-1));
#1635=DIRECTION('',(0.E0,1.E0,0.E0));
#1636=DIRECTION('',(0.E0,0.E0,-1.E0));
#1637=AXIS2_PLACEMENT_3D('',#1634,#1635,#1636);
#1639=CURVE_STYLE('',#34,POSITIVE_LENGTH_MEASURE(2.E-2),#22);
#1640=PRESENTATION_STYLE_ASSIGNMENT((#1639));
#1641=STYLED_ITEM('',(#1640),#1638);
#1642=DIRECTION('',(1.E0,0.E0,0.E0));
#1643=VECTOR('',#1642,2.000000000008E-1);
#1644=CARTESIAN_POINT('',(1.049999999999E0,0.E0,1.065000000001E0));
#1645=LINE('',#1644,#1643);
#1646=CURVE_STYLE('',#34,POSITIVE_LENGTH_MEASURE(2.E-2),#22);
#1647=PRESENTATION_STYLE_ASSIGNMENT((#1646));
#1648=STYLED_ITEM('',(#1647),#1645);
#1649=DIRECTION('',(0.E0,1.E0,0.E0));
#1650=VECTOR('',#1649,1.E-1);
#1651=CARTESIAN_POINT('',(1.25E0,0.E0,1.065000000001E0));
#1652=LINE('',#1651,#1650);
#1653=CURVE_STYLE('',#34,POSITIVE_LENGTH_MEASURE(2.E-2),#22);
#1654=PRESENTATION_STYLE_ASSIGNMENT((#1653));
#1655=STYLED_ITEM('',(#1654),#1652);
#1656=DIRECTION('',(0.E0,1.E0,0.E0));
#1657=VECTOR('',#1656,1.E-1);
#1658=CARTESIAN_POINT('',(1.049999999999E0,0.E0,1.065000000001E0));
#1659=LINE('',#1658,#1657);
#1660=CURVE_STYLE('',#34,POSITIVE_LENGTH_MEASURE(2.E-2),#22);
#1661=PRESENTATION_STYLE_ASSIGNMENT((#1660));
#1662=STYLED_ITEM('',(#1661),#1659);
#1663=DIRECTION('',(0.E0,1.E0,0.E0));
#1664=VECTOR('',#1663,1.E-1);
#1665=CARTESIAN_POINT('',(1.049999999999E0,0.E0,6.650000000009E-1));
#1666=LINE('',#1665,#1664);
#1667=CURVE_STYLE('',#34,POSITIVE_LENGTH_MEASURE(2.E-2),#22);
#1668=PRESENTATION_STYLE_ASSIGNMENT((#1667));
#1669=STYLED_ITEM('',(#1668),#1666);
#1670=DIRECTION('',(0.E0,1.E0,0.E0));
#1671=VECTOR('',#1670,1.E-1);
#1672=CARTESIAN_POINT('',(1.25E0,0.E0,6.650000000009E-1));
#1673=LINE('',#1672,#1671);
#1674=CURVE_STYLE('',#34,POSITIVE_LENGTH_MEASURE(2.E-2),#22);
#1675=PRESENTATION_STYLE_ASSIGNMENT((#1674));
#1676=STYLED_ITEM('',(#1675),#1673);
#1677=DIRECTION('',(0.E0,0.E0,1.E0));
#1678=VECTOR('',#1677,4.E-1);
#1679=CARTESIAN_POINT('',(1.25E0,1.E-1,6.650000000009E-1));
#1680=LINE('',#1679,#1678);
#1681=CURVE_STYLE('',#34,POSITIVE_LENGTH_MEASURE(2.E-2),#22);
#1682=PRESENTATION_STYLE_ASSIGNMENT((#1681));
#1683=STYLED_ITEM('',(#1682),#1680);
#1684=DIRECTION('',(1.E0,0.E0,0.E0));
#1685=VECTOR('',#1684,2.000000000008E-1);
#1686=CARTESIAN_POINT('',(1.049999999999E0,1.E-1,1.065000000001E0));
#1687=LINE('',#1686,#1685);
#1688=CURVE_STYLE('',#34,POSITIVE_LENGTH_MEASURE(2.E-2),#22);
#1689=PRESENTATION_STYLE_ASSIGNMENT((#1688));
#1690=STYLED_ITEM('',(#1689),#1687);
#1691=CARTESIAN_POINT('',(1.049999999999E0,1.E-1,8.650000000009E-1));
#1692=DIRECTION('',(0.E0,1.E0,0.E0));
#1693=DIRECTION('',(0.E0,0.E0,-1.E0));
#1694=AXIS2_PLACEMENT_3D('',#1691,#1692,#1693);
#1696=CURVE_STYLE('',#34,POSITIVE_LENGTH_MEASURE(2.E-2),#22);
#1697=PRESENTATION_STYLE_ASSIGNMENT((#1696));
#1698=STYLED_ITEM('',(#1697),#1695);
#1699=DIRECTION('',(-1.E0,0.E0,0.E0));
#1700=VECTOR('',#1699,2.000000000008E-1);
#1701=CARTESIAN_POINT('',(1.25E0,1.E-1,6.650000000009E-1));
#1702=LINE('',#1701,#1700);
#1703=CURVE_STYLE('',#34,POSITIVE_LENGTH_MEASURE(2.E-2),#22);
#1704=PRESENTATION_STYLE_ASSIGNMENT((#1703));
#1705=STYLED_ITEM('',(#1704),#1702);
#1706=CARTESIAN_POINT('',(1.049999999999E0,0.E0,6.650000000009E-1));
#1707=CARTESIAN_POINT('',(1.049999999999E0,0.E0,1.065000000001E0));
#1708=VERTEX_POINT('',#1706);
#1709=VERTEX_POINT('',#1707);
#1710=CARTESIAN_POINT('',(1.049999999999E0,1.E-1,6.650000000009E-1));
#1711=CARTESIAN_POINT('',(1.049999999999E0,1.E-1,1.065000000001E0));
#1712=VERTEX_POINT('',#1710);
#1713=VERTEX_POINT('',#1711);
#1714=CARTESIAN_POINT('',(1.25E0,0.E0,6.650000000009E-1));
#1715=CARTESIAN_POINT('',(1.25E0,0.E0,1.065000000001E0));
#1716=VERTEX_POINT('',#1714);
#1717=VERTEX_POINT('',#1715);
#1718=CARTESIAN_POINT('',(1.25E0,1.E-1,6.650000000009E-1));
#1719=CARTESIAN_POINT('',(1.25E0,1.E-1,1.065000000001E0));
#1720=VERTEX_POINT('',#1718);
#1721=VERTEX_POINT('',#1719);
#1722=CARTESIAN_POINT('',(0.E0,0.E0,0.E0));
#1723=DIRECTION('',(0.E0,1.E0,0.E0));
#1724=DIRECTION('',(1.E0,0.E0,0.E0));
#1725=AXIS2_PLACEMENT_3D('',#1722,#1723,#1724);
#1726=PLANE('',#1725);
#1728=ORIENTED_EDGE('',*,*,#1727,.F.);
#1730=ORIENTED_EDGE('',*,*,#1729,.T.);
#1732=ORIENTED_EDGE('',*,*,#1731,.T.);
#1734=ORIENTED_EDGE('',*,*,#1733,.T.);
#1735=EDGE_LOOP('',(#1728,#1730,#1732,#1734));
#1736=FACE_OUTER_BOUND('',#1735,.F.);
#1737=ADVANCED_FACE('',(#1736),#1726,.F.);
#1738=CARTESIAN_POINT('',(1.25E0,0.E0,-1.5E0));
#1739=DIRECTION('',(-1.E0,0.E0,0.E0));
#1740=DIRECTION('',(0.E0,0.E0,1.E0));
#1741=AXIS2_PLACEMENT_3D('',#1738,#1739,#1740);
#1742=PLANE('',#1741);
#1743=ORIENTED_EDGE('',*,*,#1727,.T.);
#1745=ORIENTED_EDGE('',*,*,#1744,.T.);
#1747=ORIENTED_EDGE('',*,*,#1746,.F.);
#1749=ORIENTED_EDGE('',*,*,#1748,.F.);
#1750=EDGE_LOOP('',(#1743,#1745,#1747,#1749));
#1751=FACE_OUTER_BOUND('',#1750,.F.);
#1752=ADVANCED_FACE('',(#1751),#1742,.F.);
#1753=FILL_AREA_STYLE_COLOUR('',#20);
#1754=FILL_AREA_STYLE('',(#1753));
#1755=SURFACE_STYLE_FILL_AREA(#1754);
#1756=SURFACE_SIDE_STYLE('',(#1755));
#1757=SURFACE_STYLE_USAGE(.POSITIVE.,#1756);
#1758=PRESENTATION_STYLE_ASSIGNMENT((#1757));
#1759=OVER_RIDING_STYLED_ITEM('',(#1758),#1752,#1619);
#1760=CARTESIAN_POINT('',(1.049999999999E0,0.E0,1.065000000001E0));
#1761=DIRECTION('',(0.E0,0.E0,1.E0));
#1762=DIRECTION('',(1.E0,0.E0,0.E0));
#1763=AXIS2_PLACEMENT_3D('',#1760,#1761,#1762);
#1764=PLANE('',#1763);
#1765=ORIENTED_EDGE('',*,*,#1744,.F.);
#1766=ORIENTED_EDGE('',*,*,#1733,.F.);
#1768=ORIENTED_EDGE('',*,*,#1767,.T.);
#1770=ORIENTED_EDGE('',*,*,#1769,.T.);
#1771=EDGE_LOOP('',(#1765,#1766,#1768,#1770));
#1772=FACE_OUTER_BOUND('',#1771,.F.);
#1773=ADVANCED_FACE('',(#1772),#1764,.T.);
#1774=CARTESIAN_POINT('',(1.049999999999E0,0.E0,8.650000000009E-1));
#1775=DIRECTION('',(0.E0,1.E0,0.E0));
#1776=DIRECTION('',(1.E0,0.E0,0.E0));
#1777=AXIS2_PLACEMENT_3D('',#1774,#1775,#1776);
#1778=CYLINDRICAL_SURFACE('',#1777,2.E-1);
#1779=ORIENTED_EDGE('',*,*,#1731,.F.);
#1781=ORIENTED_EDGE('',*,*,#1780,.T.);
#1783=ORIENTED_EDGE('',*,*,#1782,.T.);
#1784=ORIENTED_EDGE('',*,*,#1767,.F.);
#1785=EDGE_LOOP('',(#1779,#1781,#1783,#1784));
#1786=FACE_OUTER_BOUND('',#1785,.F.);
#1787=ADVANCED_FACE('',(#1786),#1778,.T.);
#1788=CARTESIAN_POINT('',(1.279999999999E0,0.E0,6.650000000009E-1));
#1789=DIRECTION('',(0.E0,0.E0,-1.E0));
#1790=DIRECTION('',(-1.E0,0.E0,0.E0));
#1791=AXIS2_PLACEMENT_3D('',#1788,#1789,#1790);
#1792=PLANE('',#1791);
#1793=ORIENTED_EDGE('',*,*,#1748,.T.);
#1795=ORIENTED_EDGE('',*,*,#1794,.T.);
#1796=ORIENTED_EDGE('',*,*,#1780,.F.);
#1797=ORIENTED_EDGE('',*,*,#1729,.F.);
#1798=EDGE_LOOP('',(#1793,#1795,#1796,#1797));
#1799=FACE_OUTER_BOUND('',#1798,.F.);
#1800=ADVANCED_FACE('',(#1799),#1792,.T.);
#1801=CARTESIAN_POINT('',(0.E0,1.E-1,0.E0));
#1802=DIRECTION('',(0.E0,1.E0,0.E0));
#1803=DIRECTION('',(1.E0,0.E0,0.E0));
#1804=AXIS2_PLACEMENT_3D('',#1801,#1802,#1803);
#1805=PLANE('',#1804);
#1806=ORIENTED_EDGE('',*,*,#1746,.T.);
#1807=ORIENTED_EDGE('',*,*,#1769,.F.);
#1808=ORIENTED_EDGE('',*,*,#1782,.F.);
#1809=ORIENTED_EDGE('',*,*,#1794,.F.);
#1810=EDGE_LOOP('',(#1806,#1807,#1808,#1809));
#1811=FACE_OUTER_BOUND('',#1810,.F.);
#1812=ADVANCED_FACE('',(#1811),#1805,.T.);
#1813=CLOSED_SHELL('',(#1737,#1752,#1773,#1787,#1800,#1812));
#1814=MANIFOLD_SOLID_BREP('',#1813);
#1815=FILL_AREA_STYLE_COLOUR('',#22);
#1816=FILL_AREA_STYLE('',(#1815));
#1817=SURFACE_STYLE_FILL_AREA(#1816);
#1818=SURFACE_SIDE_STYLE('',(#1817));
#1819=SURFACE_STYLE_USAGE(.POSITIVE.,#1818);
#1820=PRESENTATION_STYLE_ASSIGNMENT((#1819));
#1619=STYLED_ITEM('',(#1820),#1814);
#1822=DIRECTION('',(0.E0,0.E0,1.E0));
#1823=VECTOR('',#1822,2.5E-1);
#1824=CARTESIAN_POINT('',(1.25E0,0.E0,1.650000000009E-1));
#1825=LINE('',#1824,#1823);
#1826=CURVE_STYLE('',#34,POSITIVE_LENGTH_MEASURE(2.E-2),#22);
#1827=PRESENTATION_STYLE_ASSIGNMENT((#1826));
#1828=STYLED_ITEM('',(#1827),#1825);
#1829=DIRECTION('',(-1.E0,0.E0,0.E0));
#1830=VECTOR('',#1829,2.750000000008E-1);
#1831=CARTESIAN_POINT('',(1.25E0,0.E0,1.650000000009E-1));
#1832=LINE('',#1831,#1830);
#1833=CURVE_STYLE('',#34,POSITIVE_LENGTH_MEASURE(2.E-2),#22);
#1834=PRESENTATION_STYLE_ASSIGNMENT((#1833));
#1835=STYLED_ITEM('',(#1834),#1832);
#1836=CARTESIAN_POINT('',(9.749999999992E-1,0.E0,2.900000000009E-1));
#1837=DIRECTION('',(0.E0,1.E0,0.E0));
#1838=DIRECTION('',(0.E0,0.E0,-1.E0));
#1839=AXIS2_PLACEMENT_3D('',#1836,#1837,#1838);
#1841=CURVE_STYLE('',#34,POSITIVE_LENGTH_MEASURE(2.E-2),#22);
#1842=PRESENTATION_STYLE_ASSIGNMENT((#1841));
#1843=STYLED_ITEM('',(#1842),#1840);
#1844=DIRECTION('',(1.E0,0.E0,0.E0));
#1845=VECTOR('',#1844,2.750000000008E-1);
#1846=CARTESIAN_POINT('',(9.749999999992E-1,0.E0,4.150000000009E-1));
#1847=LINE('',#1846,#1845);
#1848=CURVE_STYLE('',#34,POSITIVE_LENGTH_MEASURE(2.E-2),#22);
#1849=PRESENTATION_STYLE_ASSIGNMENT((#1848));
#1850=STYLED_ITEM('',(#1849),#1847);
#1851=DIRECTION('',(0.E0,1.E0,0.E0));
#1852=VECTOR('',#1851,1.E-1);
#1853=CARTESIAN_POINT('',(1.25E0,0.E0,4.150000000009E-1));
#1854=LINE('',#1853,#1852);
#1855=CURVE_STYLE('',#34,POSITIVE_LENGTH_MEASURE(2.E-2),#22);
#1856=PRESENTATION_STYLE_ASSIGNMENT((#1855));
#1857=STYLED_ITEM('',(#1856),#1854);
#1858=DIRECTION('',(0.E0,1.E0,0.E0));
#1859=VECTOR('',#1858,1.E-1);
#1860=CARTESIAN_POINT('',(9.749999999992E-1,0.E0,4.150000000009E-1));
#1861=LINE('',#1860,#1859);
#1862=CURVE_STYLE('',#34,POSITIVE_LENGTH_MEASURE(2.E-2),#22);
#1863=PRESENTATION_STYLE_ASSIGNMENT((#1862));
#1864=STYLED_ITEM('',(#1863),#1861);
#1865=DIRECTION('',(0.E0,1.E0,0.E0));
#1866=VECTOR('',#1865,1.E-1);
#1867=CARTESIAN_POINT('',(9.749999999992E-1,0.E0,1.650000000009E-1));
#1868=LINE('',#1867,#1866);
#1869=CURVE_STYLE('',#34,POSITIVE_LENGTH_MEASURE(2.E-2),#22);
#1870=PRESENTATION_STYLE_ASSIGNMENT((#1869));
#1871=STYLED_ITEM('',(#1870),#1868);
#1872=DIRECTION('',(0.E0,1.E0,0.E0));
#1873=VECTOR('',#1872,1.E-1);
#1874=CARTESIAN_POINT('',(1.25E0,0.E0,1.650000000009E-1));
#1875=LINE('',#1874,#1873);
#1876=CURVE_STYLE('',#34,POSITIVE_LENGTH_MEASURE(2.E-2),#22);
#1877=PRESENTATION_STYLE_ASSIGNMENT((#1876));
#1878=STYLED_ITEM('',(#1877),#1875);
#1879=DIRECTION('',(0.E0,0.E0,1.E0));
#1880=VECTOR('',#1879,2.5E-1);
#1881=CARTESIAN_POINT('',(1.25E0,1.E-1,1.650000000009E-1));
#1882=LINE('',#1881,#1880);
#1883=CURVE_STYLE('',#34,POSITIVE_LENGTH_MEASURE(2.E-2),#22);
#1884=PRESENTATION_STYLE_ASSIGNMENT((#1883));
#1885=STYLED_ITEM('',(#1884),#1882);
#1886=DIRECTION('',(1.E0,0.E0,0.E0));
#1887=VECTOR('',#1886,2.750000000008E-1);
#1888=CARTESIAN_POINT('',(9.749999999992E-1,1.E-1,4.150000000009E-1));
#1889=LINE('',#1888,#1887);
#1890=CURVE_STYLE('',#34,POSITIVE_LENGTH_MEASURE(2.E-2),#22);
#1891=PRESENTATION_STYLE_ASSIGNMENT((#1890));
#1892=STYLED_ITEM('',(#1891),#1889);
#1893=CARTESIAN_POINT('',(9.749999999992E-1,1.E-1,2.900000000009E-1));
#1894=DIRECTION('',(0.E0,1.E0,0.E0));
#1895=DIRECTION('',(0.E0,0.E0,-1.E0));
#1896=AXIS2_PLACEMENT_3D('',#1893,#1894,#1895);
#1898=CURVE_STYLE('',#34,POSITIVE_LENGTH_MEASURE(2.E-2),#22);
#1899=PRESENTATION_STYLE_ASSIGNMENT((#1898));
#1900=STYLED_ITEM('',(#1899),#1897);
#1901=DIRECTION('',(-1.E0,0.E0,0.E0));
#1902=VECTOR('',#1901,2.750000000008E-1);
#1903=CARTESIAN_POINT('',(1.25E0,1.E-1,1.650000000009E-1));
#1904=LINE('',#1903,#1902);
#1905=CURVE_STYLE('',#34,POSITIVE_LENGTH_MEASURE(2.E-2),#22);
#1906=PRESENTATION_STYLE_ASSIGNMENT((#1905));
#1907=STYLED_ITEM('',(#1906),#1904);
#1908=CARTESIAN_POINT('',(9.749999999992E-1,0.E0,1.650000000009E-1));
#1909=CARTESIAN_POINT('',(9.749999999992E-1,0.E0,4.150000000009E-1));
#1910=VERTEX_POINT('',#1908);
#1911=VERTEX_POINT('',#1909);
#1912=CARTESIAN_POINT('',(9.749999999992E-1,1.E-1,1.650000000009E-1));
#1913=CARTESIAN_POINT('',(9.749999999992E-1,1.E-1,4.150000000009E-1));
#1914=VERTEX_POINT('',#1912);
#1915=VERTEX_POINT('',#1913);
#1916=CARTESIAN_POINT('',(1.25E0,0.E0,1.650000000009E-1));
#1917=CARTESIAN_POINT('',(1.25E0,0.E0,4.150000000009E-1));
#1918=VERTEX_POINT('',#1916);
#1919=VERTEX_POINT('',#1917);
#1920=CARTESIAN_POINT('',(1.25E0,1.E-1,1.650000000009E-1));
#1921=CARTESIAN_POINT('',(1.25E0,1.E-1,4.150000000009E-1));
#1922=VERTEX_POINT('',#1920);
#1923=VERTEX_POINT('',#1921);
#1924=CARTESIAN_POINT('',(0.E0,0.E0,0.E0));
#1925=DIRECTION('',(0.E0,1.E0,0.E0));
#1926=DIRECTION('',(1.E0,0.E0,0.E0));
#1927=AXIS2_PLACEMENT_3D('',#1924,#1925,#1926);
#1928=PLANE('',#1927);
#1930=ORIENTED_EDGE('',*,*,#1929,.F.);
#1932=ORIENTED_EDGE('',*,*,#1931,.T.);
#1934=ORIENTED_EDGE('',*,*,#1933,.T.);
#1936=ORIENTED_EDGE('',*,*,#1935,.T.);
#1937=EDGE_LOOP('',(#1930,#1932,#1934,#1936));
#1938=FACE_OUTER_BOUND('',#1937,.F.);
#1939=ADVANCED_FACE('',(#1938),#1928,.F.);
#1940=CARTESIAN_POINT('',(1.25E0,0.E0,-1.5E0));
#1941=DIRECTION('',(-1.E0,0.E0,0.E0));
#1942=DIRECTION('',(0.E0,0.E0,1.E0));
#1943=AXIS2_PLACEMENT_3D('',#1940,#1941,#1942);
#1944=PLANE('',#1943);
#1945=ORIENTED_EDGE('',*,*,#1929,.T.);
#1947=ORIENTED_EDGE('',*,*,#1946,.T.);
#1949=ORIENTED_EDGE('',*,*,#1948,.F.);
#1951=ORIENTED_EDGE('',*,*,#1950,.F.);
#1952=EDGE_LOOP('',(#1945,#1947,#1949,#1951));
#1953=FACE_OUTER_BOUND('',#1952,.F.);
#1954=ADVANCED_FACE('',(#1953),#1944,.F.);
#1955=FILL_AREA_STYLE_COLOUR('',#20);
#1956=FILL_AREA_STYLE('',(#1955));
#1957=SURFACE_STYLE_FILL_AREA(#1956);
#1958=SURFACE_SIDE_STYLE('',(#1957));
#1959=SURFACE_STYLE_USAGE(.POSITIVE.,#1958);
#1960=PRESENTATION_STYLE_ASSIGNMENT((#1959));
#1961=OVER_RIDING_STYLED_ITEM('',(#1960),#1954,#1821);
#1962=CARTESIAN_POINT('',(9.749999999992E-1,0.E0,4.150000000009E-1));
#1963=DIRECTION('',(0.E0,0.E0,1.E0));
#1964=DIRECTION('',(1.E0,0.E0,0.E0));
#1965=AXIS2_PLACEMENT_3D('',#1962,#1963,#1964);
#1966=PLANE('',#1965);
#1967=ORIENTED_EDGE('',*,*,#1946,.F.);
#1968=ORIENTED_EDGE('',*,*,#1935,.F.);
#1970=ORIENTED_EDGE('',*,*,#1969,.T.);
#1972=ORIENTED_EDGE('',*,*,#1971,.T.);
#1973=EDGE_LOOP('',(#1967,#1968,#1970,#1972));
#1974=FACE_OUTER_BOUND('',#1973,.F.);
#1975=ADVANCED_FACE('',(#1974),#1966,.T.);
#1976=CARTESIAN_POINT('',(9.749999999992E-1,0.E0,2.900000000009E-1));
#1977=DIRECTION('',(0.E0,1.E0,0.E0));
#1978=DIRECTION('',(1.E0,0.E0,0.E0));
#1979=AXIS2_PLACEMENT_3D('',#1976,#1977,#1978);
#1980=CYLINDRICAL_SURFACE('',#1979,1.25E-1);
#1981=ORIENTED_EDGE('',*,*,#1933,.F.);
#1983=ORIENTED_EDGE('',*,*,#1982,.T.);
#1985=ORIENTED_EDGE('',*,*,#1984,.T.);
#1986=ORIENTED_EDGE('',*,*,#1969,.F.);
#1987=EDGE_LOOP('',(#1981,#1983,#1985,#1986));
#1988=FACE_OUTER_BOUND('',#1987,.F.);
#1989=ADVANCED_FACE('',(#1988),#1980,.T.);
#1990=CARTESIAN_POINT('',(1.279999999999E0,0.E0,1.650000000009E-1));
#1991=DIRECTION('',(0.E0,0.E0,-1.E0));
#1992=DIRECTION('',(-1.E0,0.E0,0.E0));
#1993=AXIS2_PLACEMENT_3D('',#1990,#1991,#1992);
#1994=PLANE('',#1993);
#1995=ORIENTED_EDGE('',*,*,#1950,.T.);
#1997=ORIENTED_EDGE('',*,*,#1996,.T.);
#1998=ORIENTED_EDGE('',*,*,#1982,.F.);
#1999=ORIENTED_EDGE('',*,*,#1931,.F.);
#2000=EDGE_LOOP('',(#1995,#1997,#1998,#1999));
#2001=FACE_OUTER_BOUND('',#2000,.F.);
#2002=ADVANCED_FACE('',(#2001),#1994,.T.);
#2003=CARTESIAN_POINT('',(0.E0,1.E-1,0.E0));
#2004=DIRECTION('',(0.E0,1.E0,0.E0));
#2005=DIRECTION('',(1.E0,0.E0,0.E0));
#2006=AXIS2_PLACEMENT_3D('',#2003,#2004,#2005);
#2007=PLANE('',#2006);
#2008=ORIENTED_EDGE('',*,*,#1948,.T.);
#2009=ORIENTED_EDGE('',*,*,#1971,.F.);
#2010=ORIENTED_EDGE('',*,*,#1984,.F.);
#2011=ORIENTED_EDGE('',*,*,#1996,.F.);
#2012=EDGE_LOOP('',(#2008,#2009,#2010,#2011));
#2013=FACE_OUTER_BOUND('',#2012,.F.);
#2014=ADVANCED_FACE('',(#2013),#2007,.T.);
#2015=CLOSED_SHELL('',(#1939,#1954,#1975,#1989,#2002,#2014));
#2016=MANIFOLD_SOLID_BREP('',#2015);
#2017=FILL_AREA_STYLE_COLOUR('',#22);
#2018=FILL_AREA_STYLE('',(#2017));
#2019=SURFACE_STYLE_FILL_AREA(#2018);
#2020=SURFACE_SIDE_STYLE('',(#2019));
#2021=SURFACE_STYLE_USAGE(.POSITIVE.,#2020);
#2022=PRESENTATION_STYLE_ASSIGNMENT((#2021));
#1821=STYLED_ITEM('',(#2022),#2016);
#2024=DIRECTION('',(0.E0,0.E0,1.E0));
#2025=VECTOR('',#2024,2.5E-1);
#2026=CARTESIAN_POINT('',(1.25E0,0.E0,-3.349999999991E-1));
#2027=LINE('',#2026,#2025);
#2028=CURVE_STYLE('',#34,POSITIVE_LENGTH_MEASURE(2.E-2),#22);
#2029=PRESENTATION_STYLE_ASSIGNMENT((#2028));
#2030=STYLED_ITEM('',(#2029),#2027);
#2031=DIRECTION('',(-1.E0,0.E0,0.E0));
#2032=VECTOR('',#2031,2.750000000008E-1);
#2033=CARTESIAN_POINT('',(1.25E0,0.E0,-3.349999999991E-1));
#2034=LINE('',#2033,#2032);
#2035=CURVE_STYLE('',#34,POSITIVE_LENGTH_MEASURE(2.E-2),#22);
#2036=PRESENTATION_STYLE_ASSIGNMENT((#2035));
#2037=STYLED_ITEM('',(#2036),#2034);
#2038=CARTESIAN_POINT('',(9.749999999992E-1,0.E0,-2.099999999991E-1));
#2039=DIRECTION('',(0.E0,1.E0,0.E0));
#2040=DIRECTION('',(0.E0,0.E0,-1.E0));
#2041=AXIS2_PLACEMENT_3D('',#2038,#2039,#2040);
#2043=CURVE_STYLE('',#34,POSITIVE_LENGTH_MEASURE(2.E-2),#22);
#2044=PRESENTATION_STYLE_ASSIGNMENT((#2043));
#2045=STYLED_ITEM('',(#2044),#2042);
#2046=DIRECTION('',(1.E0,0.E0,0.E0));
#2047=VECTOR('',#2046,2.750000000008E-1);
#2048=CARTESIAN_POINT('',(9.749999999992E-1,0.E0,-8.499999999914E-2));
#2049=LINE('',#2048,#2047);
#2050=CURVE_STYLE('',#34,POSITIVE_LENGTH_MEASURE(2.E-2),#22);
#2051=PRESENTATION_STYLE_ASSIGNMENT((#2050));
#2052=STYLED_ITEM('',(#2051),#2049);
#2053=DIRECTION('',(0.E0,1.E0,0.E0));
#2054=VECTOR('',#2053,1.E-1);
#2055=CARTESIAN_POINT('',(1.25E0,0.E0,-8.499999999914E-2));
#2056=LINE('',#2055,#2054);
#2057=CURVE_STYLE('',#34,POSITIVE_LENGTH_MEASURE(2.E-2),#22);
#2058=PRESENTATION_STYLE_ASSIGNMENT((#2057));
#2059=STYLED_ITEM('',(#2058),#2056);
#2060=DIRECTION('',(0.E0,1.E0,0.E0));
#2061=VECTOR('',#2060,1.E-1);
#2062=CARTESIAN_POINT('',(9.749999999992E-1,0.E0,-8.499999999914E-2));
#2063=LINE('',#2062,#2061);
#2064=CURVE_STYLE('',#34,POSITIVE_LENGTH_MEASURE(2.E-2),#22);
#2065=PRESENTATION_STYLE_ASSIGNMENT((#2064));
#2066=STYLED_ITEM('',(#2065),#2063);
#2067=DIRECTION('',(0.E0,1.E0,0.E0));
#2068=VECTOR('',#2067,1.E-1);
#2069=CARTESIAN_POINT('',(9.749999999992E-1,0.E0,-3.349999999991E-1));
#2070=LINE('',#2069,#2068);
#2071=CURVE_STYLE('',#34,POSITIVE_LENGTH_MEASURE(2.E-2),#22);
#2072=PRESENTATION_STYLE_ASSIGNMENT((#2071));
#2073=STYLED_ITEM('',(#2072),#2070);
#2074=DIRECTION('',(0.E0,1.E0,0.E0));
#2075=VECTOR('',#2074,1.E-1);
#2076=CARTESIAN_POINT('',(1.25E0,0.E0,-3.349999999991E-1));
#2077=LINE('',#2076,#2075);
#2078=CURVE_STYLE('',#34,POSITIVE_LENGTH_MEASURE(2.E-2),#22);
#2079=PRESENTATION_STYLE_ASSIGNMENT((#2078));
#2080=STYLED_ITEM('',(#2079),#2077);
#2081=DIRECTION('',(0.E0,0.E0,1.E0));
#2082=VECTOR('',#2081,2.5E-1);
#2083=CARTESIAN_POINT('',(1.25E0,1.E-1,-3.349999999991E-1));
#2084=LINE('',#2083,#2082);
#2085=CURVE_STYLE('',#34,POSITIVE_LENGTH_MEASURE(2.E-2),#22);
#2086=PRESENTATION_STYLE_ASSIGNMENT((#2085));
#2087=STYLED_ITEM('',(#2086),#2084);
#2088=DIRECTION('',(1.E0,0.E0,0.E0));
#2089=VECTOR('',#2088,2.750000000008E-1);
#2090=CARTESIAN_POINT('',(9.749999999992E-1,1.E-1,-8.499999999914E-2));
#2091=LINE('',#2090,#2089);
#2092=CURVE_STYLE('',#34,POSITIVE_LENGTH_MEASURE(2.E-2),#22);
#2093=PRESENTATION_STYLE_ASSIGNMENT((#2092));
#2094=STYLED_ITEM('',(#2093),#2091);
#2095=CARTESIAN_POINT('',(9.749999999992E-1,1.E-1,-2.099999999991E-1));
#2096=DIRECTION('',(0.E0,1.E0,0.E0));
#2097=DIRECTION('',(0.E0,0.E0,-1.E0));
#2098=AXIS2_PLACEMENT_3D('',#2095,#2096,#2097);
#2100=CURVE_STYLE('',#34,POSITIVE_LENGTH_MEASURE(2.E-2),#22);
#2101=PRESENTATION_STYLE_ASSIGNMENT((#2100));
#2102=STYLED_ITEM('',(#2101),#2099);
#2103=DIRECTION('',(-1.E0,0.E0,0.E0));
#2104=VECTOR('',#2103,2.750000000008E-1);
#2105=CARTESIAN_POINT('',(1.25E0,1.E-1,-3.349999999991E-1));
#2106=LINE('',#2105,#2104);
#2107=CURVE_STYLE('',#34,POSITIVE_LENGTH_MEASURE(2.E-2),#22);
#2108=PRESENTATION_STYLE_ASSIGNMENT((#2107));
#2109=STYLED_ITEM('',(#2108),#2106);
#2110=CARTESIAN_POINT('',(9.749999999992E-1,0.E0,-3.349999999991E-1));
#2111=CARTESIAN_POINT('',(9.749999999992E-1,0.E0,-8.499999999914E-2));
#2112=VERTEX_POINT('',#2110);
#2113=VERTEX_POINT('',#2111);
#2114=CARTESIAN_POINT('',(9.749999999992E-1,1.E-1,-3.349999999991E-1));
#2115=CARTESIAN_POINT('',(9.749999999992E-1,1.E-1,-8.499999999914E-2));
#2116=VERTEX_POINT('',#2114);
#2117=VERTEX_POINT('',#2115);
#2118=CARTESIAN_POINT('',(1.25E0,0.E0,-3.349999999991E-1));
#2119=CARTESIAN_POINT('',(1.25E0,0.E0,-8.499999999914E-2));
#2120=VERTEX_POINT('',#2118);
#2121=VERTEX_POINT('',#2119);
#2122=CARTESIAN_POINT('',(1.25E0,1.E-1,-3.349999999991E-1));
#2123=CARTESIAN_POINT('',(1.25E0,1.E-1,-8.499999999914E-2));
#2124=VERTEX_POINT('',#2122);
#2125=VERTEX_POINT('',#2123);
#2126=CARTESIAN_POINT('',(0.E0,0.E0,0.E0));
#2127=DIRECTION('',(0.E0,1.E0,0.E0));
#2128=DIRECTION('',(1.E0,0.E0,0.E0));
#2129=AXIS2_PLACEMENT_3D('',#2126,#2127,#2128);
#2130=PLANE('',#2129);
#2132=ORIENTED_EDGE('',*,*,#2131,.F.);
#2134=ORIENTED_EDGE('',*,*,#2133,.T.);
#2136=ORIENTED_EDGE('',*,*,#2135,.T.);
#2138=ORIENTED_EDGE('',*,*,#2137,.T.);
#2139=EDGE_LOOP('',(#2132,#2134,#2136,#2138));
#2140=FACE_OUTER_BOUND('',#2139,.F.);
#2141=ADVANCED_FACE('',(#2140),#2130,.F.);
#2142=CARTESIAN_POINT('',(1.25E0,0.E0,-1.5E0));
#2143=DIRECTION('',(-1.E0,0.E0,0.E0));
#2144=DIRECTION('',(0.E0,0.E0,1.E0));
#2145=AXIS2_PLACEMENT_3D('',#2142,#2143,#2144);
#2146=PLANE('',#2145);
#2147=ORIENTED_EDGE('',*,*,#2131,.T.);
#2149=ORIENTED_EDGE('',*,*,#2148,.T.);
#2151=ORIENTED_EDGE('',*,*,#2150,.F.);
#2153=ORIENTED_EDGE('',*,*,#2152,.F.);
#2154=EDGE_LOOP('',(#2147,#2149,#2151,#2153));
#2155=FACE_OUTER_BOUND('',#2154,.F.);
#2156=ADVANCED_FACE('',(#2155),#2146,.F.);
#2157=FILL_AREA_STYLE_COLOUR('',#20);
#2158=FILL_AREA_STYLE('',(#2157));
#2159=SURFACE_STYLE_FILL_AREA(#2158);
#2160=SURFACE_SIDE_STYLE('',(#2159));
#2161=SURFACE_STYLE_USAGE(.POSITIVE.,#2160);
#2162=PRESENTATION_STYLE_ASSIGNMENT((#2161));
#2163=OVER_RIDING_STYLED_ITEM('',(#2162),#2156,#2023);
#2164=CARTESIAN_POINT('',(9.749999999992E-1,0.E0,-8.499999999914E-2));
#2165=DIRECTION('',(0.E0,0.E0,1.E0));
#2166=DIRECTION('',(1.E0,0.E0,0.E0));
#2167=AXIS2_PLACEMENT_3D('',#2164,#2165,#2166);
#2168=PLANE('',#2167);
#2169=ORIENTED_EDGE('',*,*,#2148,.F.);
#2170=ORIENTED_EDGE('',*,*,#2137,.F.);
#2172=ORIENTED_EDGE('',*,*,#2171,.T.);
#2174=ORIENTED_EDGE('',*,*,#2173,.T.);
#2175=EDGE_LOOP('',(#2169,#2170,#2172,#2174));
#2176=FACE_OUTER_BOUND('',#2175,.F.);
#2177=ADVANCED_FACE('',(#2176),#2168,.T.);
#2178=CARTESIAN_POINT('',(9.749999999992E-1,0.E0,-2.099999999991E-1));
#2179=DIRECTION('',(0.E0,1.E0,0.E0));
#2180=DIRECTION('',(1.E0,0.E0,0.E0));
#2181=AXIS2_PLACEMENT_3D('',#2178,#2179,#2180);
#2182=CYLINDRICAL_SURFACE('',#2181,1.25E-1);
#2183=ORIENTED_EDGE('',*,*,#2135,.F.);
#2185=ORIENTED_EDGE('',*,*,#2184,.T.);
#2187=ORIENTED_EDGE('',*,*,#2186,.T.);
#2188=ORIENTED_EDGE('',*,*,#2171,.F.);
#2189=EDGE_LOOP('',(#2183,#2185,#2187,#2188));
#2190=FACE_OUTER_BOUND('',#2189,.F.);
#2191=ADVANCED_FACE('',(#2190),#2182,.T.);
#2192=CARTESIAN_POINT('',(1.279999999999E0,0.E0,-3.349999999991E-1));
#2193=DIRECTION('',(0.E0,0.E0,-1.E0));
#2194=DIRECTION('',(-1.E0,0.E0,0.E0));
#2195=AXIS2_PLACEMENT_3D('',#2192,#2193,#2194);
#2196=PLANE('',#2195);
#2197=ORIENTED_EDGE('',*,*,#2152,.T.);
#2199=ORIENTED_EDGE('',*,*,#2198,.T.);
#2200=ORIENTED_EDGE('',*,*,#2184,.F.);
#2201=ORIENTED_EDGE('',*,*,#2133,.F.);
#2202=EDGE_LOOP('',(#2197,#2199,#2200,#2201));
#2203=FACE_OUTER_BOUND('',#2202,.F.);
#2204=ADVANCED_FACE('',(#2203),#2196,.T.);
#2205=CARTESIAN_POINT('',(0.E0,1.E-1,0.E0));
#2206=DIRECTION('',(0.E0,1.E0,0.E0));
#2207=DIRECTION('',(1.E0,0.E0,0.E0));
#2208=AXIS2_PLACEMENT_3D('',#2205,#2206,#2207);
#2209=PLANE('',#2208);
#2210=ORIENTED_EDGE('',*,*,#2150,.T.);
#2211=ORIENTED_EDGE('',*,*,#2173,.F.);
#2212=ORIENTED_EDGE('',*,*,#2186,.F.);
#2213=ORIENTED_EDGE('',*,*,#2198,.F.);
#2214=EDGE_LOOP('',(#2210,#2211,#2212,#2213));
#2215=FACE_OUTER_BOUND('',#2214,.F.);
#2216=ADVANCED_FACE('',(#2215),#2209,.T.);
#2217=CLOSED_SHELL('',(#2141,#2156,#2177,#2191,#2204,#2216));
#2218=MANIFOLD_SOLID_BREP('',#2217);
#2219=FILL_AREA_STYLE_COLOUR('',#22);
#2220=FILL_AREA_STYLE('',(#2219));
#2221=SURFACE_STYLE_FILL_AREA(#2220);
#2222=SURFACE_SIDE_STYLE('',(#2221));
#2223=SURFACE_STYLE_USAGE(.POSITIVE.,#2222);
#2224=PRESENTATION_STYLE_ASSIGNMENT((#2223));
#2023=STYLED_ITEM('',(#2224),#2218);
#2226=DIRECTION('',(0.E0,0.E0,1.E0));
#2227=VECTOR('',#2226,2.5E-1);
#2228=CARTESIAN_POINT('',(1.25E0,0.E0,-8.349999999991E-1));
#2229=LINE('',#2228,#2227);
#2230=CURVE_STYLE('',#34,POSITIVE_LENGTH_MEASURE(2.E-2),#22);
#2231=PRESENTATION_STYLE_ASSIGNMENT((#2230));
#2232=STYLED_ITEM('',(#2231),#2229);
#2233=DIRECTION('',(-1.E0,0.E0,0.E0));
#2234=VECTOR('',#2233,2.750000000008E-1);
#2235=CARTESIAN_POINT('',(1.25E0,0.E0,-8.349999999991E-1));
#2236=LINE('',#2235,#2234);
#2237=CURVE_STYLE('',#34,POSITIVE_LENGTH_MEASURE(2.E-2),#22);
#2238=PRESENTATION_STYLE_ASSIGNMENT((#2237));
#2239=STYLED_ITEM('',(#2238),#2236);
#2240=CARTESIAN_POINT('',(9.749999999992E-1,0.E0,-7.099999999991E-1));
#2241=DIRECTION('',(0.E0,1.E0,0.E0));
#2242=DIRECTION('',(1.243449787580E-14,0.E0,-1.E0));
#2243=AXIS2_PLACEMENT_3D('',#2240,#2241,#2242);
#2245=CURVE_STYLE('',#34,POSITIVE_LENGTH_MEASURE(2.E-2),#22);
#2246=PRESENTATION_STYLE_ASSIGNMENT((#2245));
#2247=STYLED_ITEM('',(#2246),#2244);
#2248=DIRECTION('',(1.E0,0.E0,0.E0));
#2249=VECTOR('',#2248,2.750000000008E-1);
#2250=CARTESIAN_POINT('',(9.749999999992E-1,0.E0,-5.849999999991E-1));
#2251=LINE('',#2250,#2249);
#2252=CURVE_STYLE('',#34,POSITIVE_LENGTH_MEASURE(2.E-2),#22);
#2253=PRESENTATION_STYLE_ASSIGNMENT((#2252));
#2254=STYLED_ITEM('',(#2253),#2251);
#2255=DIRECTION('',(0.E0,1.E0,0.E0));
#2256=VECTOR('',#2255,1.E-1);
#2257=CARTESIAN_POINT('',(1.25E0,0.E0,-5.849999999991E-1));
#2258=LINE('',#2257,#2256);
#2259=CURVE_STYLE('',#34,POSITIVE_LENGTH_MEASURE(2.E-2),#22);
#2260=PRESENTATION_STYLE_ASSIGNMENT((#2259));
#2261=STYLED_ITEM('',(#2260),#2258);
#2262=DIRECTION('',(0.E0,1.E0,0.E0));
#2263=VECTOR('',#2262,1.E-1);
#2264=CARTESIAN_POINT('',(9.749999999992E-1,0.E0,-5.849999999991E-1));
#2265=LINE('',#2264,#2263);
#2266=CURVE_STYLE('',#34,POSITIVE_LENGTH_MEASURE(2.E-2),#22);
#2267=PRESENTATION_STYLE_ASSIGNMENT((#2266));
#2268=STYLED_ITEM('',(#2267),#2265);
#2269=DIRECTION('',(0.E0,1.E0,0.E0));
#2270=VECTOR('',#2269,1.E-1);
#2271=CARTESIAN_POINT('',(9.749999999992E-1,0.E0,-8.349999999991E-1));
#2272=LINE('',#2271,#2270);
#2273=CURVE_STYLE('',#34,POSITIVE_LENGTH_MEASURE(2.E-2),#22);
#2274=PRESENTATION_STYLE_ASSIGNMENT((#2273));
#2275=STYLED_ITEM('',(#2274),#2272);
#2276=DIRECTION('',(0.E0,1.E0,0.E0));
#2277=VECTOR('',#2276,1.E-1);
#2278=CARTESIAN_POINT('',(1.25E0,0.E0,-8.349999999991E-1));
#2279=LINE('',#2278,#2277);
#2280=CURVE_STYLE('',#34,POSITIVE_LENGTH_MEASURE(2.E-2),#22);
#2281=PRESENTATION_STYLE_ASSIGNMENT((#2280));
#2282=STYLED_ITEM('',(#2281),#2279);
#2283=DIRECTION('',(0.E0,0.E0,1.E0));
#2284=VECTOR('',#2283,2.5E-1);
#2285=CARTESIAN_POINT('',(1.25E0,1.E-1,-8.349999999991E-1));
#2286=LINE('',#2285,#2284);
#2287=CURVE_STYLE('',#34,POSITIVE_LENGTH_MEASURE(2.E-2),#22);
#2288=PRESENTATION_STYLE_ASSIGNMENT((#2287));
#2289=STYLED_ITEM('',(#2288),#2286);
#2290=DIRECTION('',(1.E0,0.E0,0.E0));
#2291=VECTOR('',#2290,2.750000000008E-1);
#2292=CARTESIAN_POINT('',(9.749999999992E-1,1.E-1,-5.849999999991E-1));
#2293=LINE('',#2292,#2291);
#2294=CURVE_STYLE('',#34,POSITIVE_LENGTH_MEASURE(2.E-2),#22);
#2295=PRESENTATION_STYLE_ASSIGNMENT((#2294));
#2296=STYLED_ITEM('',(#2295),#2293);
#2297=CARTESIAN_POINT('',(9.749999999992E-1,1.E-1,-7.099999999991E-1));
#2298=DIRECTION('',(0.E0,1.E0,0.E0));
#2299=DIRECTION('',(1.243449787580E-14,0.E0,-1.E0));
#2300=AXIS2_PLACEMENT_3D('',#2297,#2298,#2299);
#2302=CURVE_STYLE('',#34,POSITIVE_LENGTH_MEASURE(2.E-2),#22);
#2303=PRESENTATION_STYLE_ASSIGNMENT((#2302));
#2304=STYLED_ITEM('',(#2303),#2301);
#2305=DIRECTION('',(-1.E0,0.E0,0.E0));
#2306=VECTOR('',#2305,2.750000000008E-1);
#2307=CARTESIAN_POINT('',(1.25E0,1.E-1,-8.349999999991E-1));
#2308=LINE('',#2307,#2306);
#2309=CURVE_STYLE('',#34,POSITIVE_LENGTH_MEASURE(2.E-2),#22);
#2310=PRESENTATION_STYLE_ASSIGNMENT((#2309));
#2311=STYLED_ITEM('',(#2310),#2308);
#2312=CARTESIAN_POINT('',(9.749999999992E-1,0.E0,-8.349999999991E-1));
#2313=CARTESIAN_POINT('',(9.749999999992E-1,0.E0,-5.849999999991E-1));
#2314=VERTEX_POINT('',#2312);
#2315=VERTEX_POINT('',#2313);
#2316=CARTESIAN_POINT('',(9.749999999992E-1,1.E-1,-8.349999999991E-1));
#2317=CARTESIAN_POINT('',(9.749999999992E-1,1.E-1,-5.849999999991E-1));
#2318=VERTEX_POINT('',#2316);
#2319=VERTEX_POINT('',#2317);
#2320=CARTESIAN_POINT('',(1.25E0,0.E0,-8.349999999991E-1));
#2321=CARTESIAN_POINT('',(1.25E0,0.E0,-5.849999999991E-1));
#2322=VERTEX_POINT('',#2320);
#2323=VERTEX_POINT('',#2321);
#2324=CARTESIAN_POINT('',(1.25E0,1.E-1,-8.349999999991E-1));
#2325=CARTESIAN_POINT('',(1.25E0,1.E-1,-5.849999999991E-1));
#2326=VERTEX_POINT('',#2324);
#2327=VERTEX_POINT('',#2325);
#2328=CARTESIAN_POINT('',(0.E0,0.E0,0.E0));
#2329=DIRECTION('',(0.E0,1.E0,0.E0));
#2330=DIRECTION('',(1.E0,0.E0,0.E0));
#2331=AXIS2_PLACEMENT_3D('',#2328,#2329,#2330);
#2332=PLANE('',#2331);
#2334=ORIENTED_EDGE('',*,*,#2333,.F.);
#2336=ORIENTED_EDGE('',*,*,#2335,.T.);
#2338=ORIENTED_EDGE('',*,*,#2337,.T.);
#2340=ORIENTED_EDGE('',*,*,#2339,.T.);
#2341=EDGE_LOOP('',(#2334,#2336,#2338,#2340));
#2342=FACE_OUTER_BOUND('',#2341,.F.);
#2343=ADVANCED_FACE('',(#2342),#2332,.F.);
#2344=CARTESIAN_POINT('',(1.25E0,0.E0,-1.5E0));
#2345=DIRECTION('',(-1.E0,0.E0,0.E0));
#2346=DIRECTION('',(0.E0,0.E0,1.E0));
#2347=AXIS2_PLACEMENT_3D('',#2344,#2345,#2346);
#2348=PLANE('',#2347);
#2349=ORIENTED_EDGE('',*,*,#2333,.T.);
#2351=ORIENTED_EDGE('',*,*,#2350,.T.);
#2353=ORIENTED_EDGE('',*,*,#2352,.F.);
#2355=ORIENTED_EDGE('',*,*,#2354,.F.);
#2356=EDGE_LOOP('',(#2349,#2351,#2353,#2355));
#2357=FACE_OUTER_BOUND('',#2356,.F.);
#2358=ADVANCED_FACE('',(#2357),#2348,.F.);
#2359=FILL_AREA_STYLE_COLOUR('',#20);
#2360=FILL_AREA_STYLE('',(#2359));
#2361=SURFACE_STYLE_FILL_AREA(#2360);
#2362=SURFACE_SIDE_STYLE('',(#2361));
#2363=SURFACE_STYLE_USAGE(.POSITIVE.,#2362);
#2364=PRESENTATION_STYLE_ASSIGNMENT((#2363));
#2365=OVER_RIDING_STYLED_ITEM('',(#2364),#2358,#2225);
#2366=CARTESIAN_POINT('',(9.749999999992E-1,0.E0,-5.849999999991E-1));
#2367=DIRECTION('',(0.E0,0.E0,1.E0));
#2368=DIRECTION('',(1.E0,0.E0,0.E0));
#2369=AXIS2_PLACEMENT_3D('',#2366,#2367,#2368);
#2370=PLANE('',#2369);
#2371=ORIENTED_EDGE('',*,*,#2350,.F.);
#2372=ORIENTED_EDGE('',*,*,#2339,.F.);
#2374=ORIENTED_EDGE('',*,*,#2373,.T.);
#2376=ORIENTED_EDGE('',*,*,#2375,.T.);
#2377=EDGE_LOOP('',(#2371,#2372,#2374,#2376));
#2378=FACE_OUTER_BOUND('',#2377,.F.);
#2379=ADVANCED_FACE('',(#2378),#2370,.T.);
#2380=CARTESIAN_POINT('',(9.749999999992E-1,0.E0,-7.099999999991E-1));
#2381=DIRECTION('',(0.E0,1.E0,0.E0));
#2382=DIRECTION('',(1.E0,0.E0,0.E0));
#2383=AXIS2_PLACEMENT_3D('',#2380,#2381,#2382);
#2384=CYLINDRICAL_SURFACE('',#2383,1.25E-1);
#2385=ORIENTED_EDGE('',*,*,#2337,.F.);
#2387=ORIENTED_EDGE('',*,*,#2386,.T.);
#2389=ORIENTED_EDGE('',*,*,#2388,.T.);
#2390=ORIENTED_EDGE('',*,*,#2373,.F.);
#2391=EDGE_LOOP('',(#2385,#2387,#2389,#2390));
#2392=FACE_OUTER_BOUND('',#2391,.F.);
#2393=ADVANCED_FACE('',(#2392),#2384,.T.);
#2394=CARTESIAN_POINT('',(1.279999999999E0,0.E0,-8.349999999991E-1));
#2395=DIRECTION('',(0.E0,0.E0,-1.E0));
#2396=DIRECTION('',(-1.E0,0.E0,0.E0));
#2397=AXIS2_PLACEMENT_3D('',#2394,#2395,#2396);
#2398=PLANE('',#2397);
#2399=ORIENTED_EDGE('',*,*,#2354,.T.);
#2401=ORIENTED_EDGE('',*,*,#2400,.T.);
#2402=ORIENTED_EDGE('',*,*,#2386,.F.);
#2403=ORIENTED_EDGE('',*,*,#2335,.F.);
#2404=EDGE_LOOP('',(#2399,#2401,#2402,#2403));
#2405=FACE_OUTER_BOUND('',#2404,.F.);
#2406=ADVANCED_FACE('',(#2405),#2398,.T.);
#2407=CARTESIAN_POINT('',(0.E0,1.E-1,0.E0));
#2408=DIRECTION('',(0.E0,1.E0,0.E0));
#2409=DIRECTION('',(1.E0,0.E0,0.E0));
#2410=AXIS2_PLACEMENT_3D('',#2407,#2408,#2409);
#2411=PLANE('',#2410);
#2412=ORIENTED_EDGE('',*,*,#2352,.T.);
#2413=ORIENTED_EDGE('',*,*,#2375,.F.);
#2414=ORIENTED_EDGE('',*,*,#2388,.F.);
#2415=ORIENTED_EDGE('',*,*,#2400,.F.);
#2416=EDGE_LOOP('',(#2412,#2413,#2414,#2415));
#2417=FACE_OUTER_BOUND('',#2416,.F.);
#2418=ADVANCED_FACE('',(#2417),#2411,.T.);
#2419=CLOSED_SHELL('',(#2343,#2358,#2379,#2393,#2406,#2418));
#2420=MANIFOLD_SOLID_BREP('',#2419);
#2421=FILL_AREA_STYLE_COLOUR('',#22);
#2422=FILL_AREA_STYLE('',(#2421));
#2423=SURFACE_STYLE_FILL_AREA(#2422);
#2424=SURFACE_SIDE_STYLE('',(#2423));
#2425=SURFACE_STYLE_USAGE(.POSITIVE.,#2424);
#2426=PRESENTATION_STYLE_ASSIGNMENT((#2425));
#2225=STYLED_ITEM('',(#2426),#2420);
#2428=DIRECTION('',(1.E0,0.E0,0.E0));
#2429=VECTOR('',#2428,4.E-1);
#2430=CARTESIAN_POINT('',(6.249999999992E-1,0.E0,-1.5E0));
#2431=LINE('',#2430,#2429);
#2432=CURVE_STYLE('',#34,POSITIVE_LENGTH_MEASURE(2.E-2),#22);
#2433=PRESENTATION_STYLE_ASSIGNMENT((#2432));
#2434=STYLED_ITEM('',(#2433),#2431);
#2435=DIRECTION('',(0.E0,0.E0,1.E0));
#2436=VECTOR('',#2435,2.000000000009E-1);
#2437=CARTESIAN_POINT('',(6.249999999992E-1,0.E0,-1.5E0));
#2438=LINE('',#2437,#2436);
#2439=CURVE_STYLE('',#34,POSITIVE_LENGTH_MEASURE(2.E-2),#22);
#2440=PRESENTATION_STYLE_ASSIGNMENT((#2439));
#2441=STYLED_ITEM('',(#2440),#2438);
#2442=CARTESIAN_POINT('',(8.249999999992E-1,0.E0,-1.299999999999E0));
#2443=DIRECTION('',(0.E0,1.E0,0.E0));
#2444=DIRECTION('',(-1.E0,0.E0,0.E0));
#2445=AXIS2_PLACEMENT_3D('',#2442,#2443,#2444);
#2447=CURVE_STYLE('',#34,POSITIVE_LENGTH_MEASURE(2.E-2),#22);
#2448=PRESENTATION_STYLE_ASSIGNMENT((#2447));
#2449=STYLED_ITEM('',(#2448),#2446);
#2450=DIRECTION('',(0.E0,0.E0,-1.E0));
#2451=VECTOR('',#2450,2.000000000009E-1);
#2452=CARTESIAN_POINT('',(1.024999999999E0,0.E0,-1.299999999999E0));
#2453=LINE('',#2452,#2451);
#2454=CURVE_STYLE('',#34,POSITIVE_LENGTH_MEASURE(2.E-2),#22);
#2455=PRESENTATION_STYLE_ASSIGNMENT((#2454));
#2456=STYLED_ITEM('',(#2455),#2453);
#2457=DIRECTION('',(0.E0,1.E0,0.E0));
#2458=VECTOR('',#2457,1.E-1);
#2459=CARTESIAN_POINT('',(1.024999999999E0,0.E0,-1.5E0));
#2460=LINE('',#2459,#2458);
#2461=CURVE_STYLE('',#34,POSITIVE_LENGTH_MEASURE(2.E-2),#22);
#2462=PRESENTATION_STYLE_ASSIGNMENT((#2461));
#2463=STYLED_ITEM('',(#2462),#2460);
#2464=DIRECTION('',(0.E0,1.E0,0.E0));
#2465=VECTOR('',#2464,1.E-1);
#2466=CARTESIAN_POINT('',(1.024999999999E0,0.E0,-1.299999999999E0));
#2467=LINE('',#2466,#2465);
#2468=CURVE_STYLE('',#34,POSITIVE_LENGTH_MEASURE(2.E-2),#22);
#2469=PRESENTATION_STYLE_ASSIGNMENT((#2468));
#2470=STYLED_ITEM('',(#2469),#2467);
#2471=DIRECTION('',(0.E0,1.E0,0.E0));
#2472=VECTOR('',#2471,1.E-1);
#2473=CARTESIAN_POINT('',(6.249999999992E-1,0.E0,-1.299999999999E0));
#2474=LINE('',#2473,#2472);
#2475=CURVE_STYLE('',#34,POSITIVE_LENGTH_MEASURE(2.E-2),#22);
#2476=PRESENTATION_STYLE_ASSIGNMENT((#2475));
#2477=STYLED_ITEM('',(#2476),#2474);
#2478=DIRECTION('',(0.E0,1.E0,0.E0));
#2479=VECTOR('',#2478,1.E-1);
#2480=CARTESIAN_POINT('',(6.249999999992E-1,0.E0,-1.5E0));
#2481=LINE('',#2480,#2479);
#2482=CURVE_STYLE('',#34,POSITIVE_LENGTH_MEASURE(2.E-2),#22);
#2483=PRESENTATION_STYLE_ASSIGNMENT((#2482));
#2484=STYLED_ITEM('',(#2483),#2481);
#2485=DIRECTION('',(1.E0,0.E0,0.E0));
#2486=VECTOR('',#2485,4.E-1);
#2487=CARTESIAN_POINT('',(6.249999999992E-1,1.E-1,-1.5E0));
#2488=LINE('',#2487,#2486);
#2489=CURVE_STYLE('',#34,POSITIVE_LENGTH_MEASURE(2.E-2),#22);
#2490=PRESENTATION_STYLE_ASSIGNMENT((#2489));
#2491=STYLED_ITEM('',(#2490),#2488);
#2492=DIRECTION('',(0.E0,0.E0,-1.E0));
#2493=VECTOR('',#2492,2.000000000009E-1);
#2494=CARTESIAN_POINT('',(1.024999999999E0,1.E-1,-1.299999999999E0));
#2495=LINE('',#2494,#2493);
#2496=CURVE_STYLE('',#34,POSITIVE_LENGTH_MEASURE(2.E-2),#22);
#2497=PRESENTATION_STYLE_ASSIGNMENT((#2496));
#2498=STYLED_ITEM('',(#2497),#2495);
#2499=CARTESIAN_POINT('',(8.249999999992E-1,1.E-1,-1.299999999999E0));
#2500=DIRECTION('',(0.E0,1.E0,0.E0));
#2501=DIRECTION('',(-1.E0,0.E0,0.E0));
#2502=AXIS2_PLACEMENT_3D('',#2499,#2500,#2501);
#2504=CURVE_STYLE('',#34,POSITIVE_LENGTH_MEASURE(2.E-2),#22);
#2505=PRESENTATION_STYLE_ASSIGNMENT((#2504));
#2506=STYLED_ITEM('',(#2505),#2503);
#2507=DIRECTION('',(0.E0,0.E0,1.E0));
#2508=VECTOR('',#2507,2.000000000009E-1);
#2509=CARTESIAN_POINT('',(6.249999999992E-1,1.E-1,-1.5E0));
#2510=LINE('',#2509,#2508);
#2511=CURVE_STYLE('',#34,POSITIVE_LENGTH_MEASURE(2.E-2),#22);
#2512=PRESENTATION_STYLE_ASSIGNMENT((#2511));
#2513=STYLED_ITEM('',(#2512),#2510);
#2514=CARTESIAN_POINT('',(6.249999999992E-1,0.E0,-1.299999999999E0));
#2515=CARTESIAN_POINT('',(1.024999999999E0,0.E0,-1.299999999999E0));
#2516=VERTEX_POINT('',#2514);
#2517=VERTEX_POINT('',#2515);
#2518=CARTESIAN_POINT('',(6.249999999992E-1,1.E-1,-1.299999999999E0));
#2519=CARTESIAN_POINT('',(1.024999999999E0,1.E-1,-1.299999999999E0));
#2520=VERTEX_POINT('',#2518);
#2521=VERTEX_POINT('',#2519);
#2522=CARTESIAN_POINT('',(6.249999999992E-1,0.E0,-1.5E0));
#2523=CARTESIAN_POINT('',(1.024999999999E0,0.E0,-1.5E0));
#2524=VERTEX_POINT('',#2522);
#2525=VERTEX_POINT('',#2523);
#2526=CARTESIAN_POINT('',(6.249999999992E-1,1.E-1,-1.5E0));
#2527=CARTESIAN_POINT('',(1.024999999999E0,1.E-1,-1.5E0));
#2528=VERTEX_POINT('',#2526);
#2529=VERTEX_POINT('',#2527);
#2530=CARTESIAN_POINT('',(0.E0,0.E0,0.E0));
#2531=DIRECTION('',(0.E0,1.E0,0.E0));
#2532=DIRECTION('',(1.E0,0.E0,0.E0));
#2533=AXIS2_PLACEMENT_3D('',#2530,#2531,#2532);
#2534=PLANE('',#2533);
#2536=ORIENTED_EDGE('',*,*,#2535,.F.);
#2538=ORIENTED_EDGE('',*,*,#2537,.T.);
#2540=ORIENTED_EDGE('',*,*,#2539,.T.);
#2542=ORIENTED_EDGE('',*,*,#2541,.T.);
#2543=EDGE_LOOP('',(#2536,#2538,#2540,#2542));
#2544=FACE_OUTER_BOUND('',#2543,.F.);
#2545=ADVANCED_FACE('',(#2544),#2534,.F.);
#2546=CARTESIAN_POINT('',(-1.25E0,0.E0,-1.5E0));
#2547=DIRECTION('',(0.E0,0.E0,1.E0));
#2548=DIRECTION('',(1.E0,0.E0,0.E0));
#2549=AXIS2_PLACEMENT_3D('',#2546,#2547,#2548);
#2550=PLANE('',#2549);
#2551=ORIENTED_EDGE('',*,*,#2535,.T.);
#2553=ORIENTED_EDGE('',*,*,#2552,.T.);
#2555=ORIENTED_EDGE('',*,*,#2554,.F.);
#2557=ORIENTED_EDGE('',*,*,#2556,.F.);
#2558=EDGE_LOOP('',(#2551,#2553,#2555,#2557));
#2559=FACE_OUTER_BOUND('',#2558,.F.);
#2560=ADVANCED_FACE('',(#2559),#2550,.F.);
#2561=FILL_AREA_STYLE_COLOUR('',#20);
#2562=FILL_AREA_STYLE('',(#2561));
#2563=SURFACE_STYLE_FILL_AREA(#2562);
#2564=SURFACE_SIDE_STYLE('',(#2563));
#2565=SURFACE_STYLE_USAGE(.POSITIVE.,#2564);
#2566=PRESENTATION_STYLE_ASSIGNMENT((#2565));
#2567=OVER_RIDING_STYLED_ITEM('',(#2566),#2560,#2427);
#2568=CARTESIAN_POINT('',(1.024999999999E0,0.E0,-1.299999999999E0));
#2569=DIRECTION('',(1.E0,0.E0,0.E0));
#2570=DIRECTION('',(0.E0,0.E0,-1.E0));
#2571=AXIS2_PLACEMENT_3D('',#2568,#2569,#2570);
#2572=PLANE('',#2571);
#2573=ORIENTED_EDGE('',*,*,#2552,.F.);
#2574=ORIENTED_EDGE('',*,*,#2541,.F.);
#2576=ORIENTED_EDGE('',*,*,#2575,.T.);
#2578=ORIENTED_EDGE('',*,*,#2577,.T.);
#2579=EDGE_LOOP('',(#2573,#2574,#2576,#2578));
#2580=FACE_OUTER_BOUND('',#2579,.F.);
#2581=ADVANCED_FACE('',(#2580),#2572,.T.);
#2582=CARTESIAN_POINT('',(8.249999999992E-1,0.E0,-1.299999999999E0));
#2583=DIRECTION('',(0.E0,1.E0,0.E0));
#2584=DIRECTION('',(1.E0,0.E0,0.E0));
#2585=AXIS2_PLACEMENT_3D('',#2582,#2583,#2584);
#2586=CYLINDRICAL_SURFACE('',#2585,2.E-1);
#2587=ORIENTED_EDGE('',*,*,#2539,.F.);
#2589=ORIENTED_EDGE('',*,*,#2588,.T.);
#2591=ORIENTED_EDGE('',*,*,#2590,.T.);
#2592=ORIENTED_EDGE('',*,*,#2575,.F.);
#2593=EDGE_LOOP('',(#2587,#2589,#2591,#2592));
#2594=FACE_OUTER_BOUND('',#2593,.F.);
#2595=ADVANCED_FACE('',(#2594),#2586,.T.);
#2596=CARTESIAN_POINT('',(6.249999999992E-1,0.E0,-1.529999999992E0));
#2597=DIRECTION('',(-1.E0,0.E0,0.E0));
#2598=DIRECTION('',(0.E0,0.E0,1.E0));
#2599=AXIS2_PLACEMENT_3D('',#2596,#2597,#2598);
#2600=PLANE('',#2599);
#2601=ORIENTED_EDGE('',*,*,#2556,.T.);
#2603=ORIENTED_EDGE('',*,*,#2602,.T.);
#2604=ORIENTED_EDGE('',*,*,#2588,.F.);
#2605=ORIENTED_EDGE('',*,*,#2537,.F.);
#2606=EDGE_LOOP('',(#2601,#2603,#2604,#2605));
#2607=FACE_OUTER_BOUND('',#2606,.F.);
#2608=ADVANCED_FACE('',(#2607),#2600,.T.);
#2609=CARTESIAN_POINT('',(0.E0,1.E-1,0.E0));
#2610=DIRECTION('',(0.E0,1.E0,0.E0));
#2611=DIRECTION('',(1.E0,0.E0,0.E0));
#2612=AXIS2_PLACEMENT_3D('',#2609,#2610,#2611);
#2613=PLANE('',#2612);
#2614=ORIENTED_EDGE('',*,*,#2554,.T.);
#2615=ORIENTED_EDGE('',*,*,#2577,.F.);
#2616=ORIENTED_EDGE('',*,*,#2590,.F.);
#2617=ORIENTED_EDGE('',*,*,#2602,.F.);
#2618=EDGE_LOOP('',(#2614,#2615,#2616,#2617));
#2619=FACE_OUTER_BOUND('',#2618,.F.);
#2620=ADVANCED_FACE('',(#2619),#2613,.T.);
#2621=CLOSED_SHELL('',(#2545,#2560,#2581,#2595,#2608,#2620));
#2622=MANIFOLD_SOLID_BREP('',#2621);
#2623=FILL_AREA_STYLE_COLOUR('',#22);
#2624=FILL_AREA_STYLE('',(#2623));
#2625=SURFACE_STYLE_FILL_AREA(#2624);
#2626=SURFACE_SIDE_STYLE('',(#2625));
#2627=SURFACE_STYLE_USAGE(.POSITIVE.,#2626);
#2628=PRESENTATION_STYLE_ASSIGNMENT((#2627));
#2427=STYLED_ITEM('',(#2628),#2622);
#2630=DIRECTION('',(1.E0,0.E0,0.E0));
#2631=VECTOR('',#2630,2.3E-1);
#2632=CARTESIAN_POINT('',(1.349999999992E-1,0.E0,-1.5E0));
#2633=LINE('',#2632,#2631);
#2634=CURVE_STYLE('',#34,POSITIVE_LENGTH_MEASURE(2.E-2),#22);
#2635=PRESENTATION_STYLE_ASSIGNMENT((#2634));
#2636=STYLED_ITEM('',(#2635),#2633);
#2637=DIRECTION('',(0.E0,0.E0,1.E0));
#2638=VECTOR('',#2637,8.000000000098E-2);
#2639=CARTESIAN_POINT('',(1.349999999992E-1,0.E0,-1.5E0));
#2640=LINE('',#2639,#2638);
#2641=CURVE_STYLE('',#34,POSITIVE_LENGTH_MEASURE(2.E-2),#22);
#2642=PRESENTATION_STYLE_ASSIGNMENT((#2641));
#2643=STYLED_ITEM('',(#2642),#2640);
#2644=DIRECTION('',(-4.472135955006E-1,0.E0,8.944271909996E-1));
#2645=VECTOR('',#2644,2.236067977494E-2);
#2646=CARTESIAN_POINT('',(1.349999999992E-1,0.E0,-1.419999999999E0));
#2647=LINE('',#2646,#2645);
#2648=CURVE_STYLE('',#34,POSITIVE_LENGTH_MEASURE(2.E-2),#22);
#2649=PRESENTATION_STYLE_ASSIGNMENT((#2648));
#2650=STYLED_ITEM('',(#2649),#2647);
#2651=DIRECTION('',(0.E0,0.E0,1.E0));
#2652=VECTOR('',#2651,1.75E-1);
#2653=CARTESIAN_POINT('',(1.249999999992E-1,0.E0,-1.399999999999E0));
#2654=LINE('',#2653,#2652);
#2655=CURVE_STYLE('',#34,POSITIVE_LENGTH_MEASURE(2.E-2),#22);
#2656=PRESENTATION_STYLE_ASSIGNMENT((#2655));
#2657=STYLED_ITEM('',(#2656),#2654);
#2658=CARTESIAN_POINT('',(2.499999999992E-1,0.E0,-1.224999999999E0));
#2659=DIRECTION('',(0.E0,1.E0,0.E0));
#2660=DIRECTION('',(-1.E0,0.E0,0.E0));
#2661=AXIS2_PLACEMENT_3D('',#2658,#2659,#2660);
#2663=CURVE_STYLE('',#34,POSITIVE_LENGTH_MEASURE(2.E-2),#22);
#2664=PRESENTATION_STYLE_ASSIGNMENT((#2663));
#2665=STYLED_ITEM('',(#2664),#2662);
#2666=DIRECTION('',(0.E0,0.E0,-1.E0));
#2667=VECTOR('',#2666,1.75E-1);
#2668=CARTESIAN_POINT('',(3.749999999992E-1,0.E0,-1.224999999999E0));
#2669=LINE('',#2668,#2667);
#2670=CURVE_STYLE('',#34,POSITIVE_LENGTH_MEASURE(2.E-2),#22);
#2671=PRESENTATION_STYLE_ASSIGNMENT((#2670));
#2672=STYLED_ITEM('',(#2671),#2669);
#2673=DIRECTION('',(-4.472135955023E-1,0.E0,-8.944271909988E-1));
#2674=VECTOR('',#2673,2.236067977496E-2);
#2675=CARTESIAN_POINT('',(3.749999999992E-1,0.E0,-1.399999999999E0));
#2676=LINE('',#2675,#2674);
#2677=CURVE_STYLE('',#34,POSITIVE_LENGTH_MEASURE(2.E-2),#22);
#2678=PRESENTATION_STYLE_ASSIGNMENT((#2677));
#2679=STYLED_ITEM('',(#2678),#2676);
#2680=DIRECTION('',(0.E0,0.E0,-1.E0));
#2681=VECTOR('',#2680,8.000000000098E-2);
#2682=CARTESIAN_POINT('',(3.649999999992E-1,0.E0,-1.419999999999E0));
#2683=LINE('',#2682,#2681);
#2684=CURVE_STYLE('',#34,POSITIVE_LENGTH_MEASURE(2.E-2),#22);
#2685=PRESENTATION_STYLE_ASSIGNMENT((#2684));
#2686=STYLED_ITEM('',(#2685),#2683);
#2687=DIRECTION('',(0.E0,1.E0,0.E0));
#2688=VECTOR('',#2687,1.E-1);
#2689=CARTESIAN_POINT('',(1.349999999992E-1,0.E0,-1.5E0));
#2690=LINE('',#2689,#2688);
#2691=CURVE_STYLE('',#34,POSITIVE_LENGTH_MEASURE(2.E-2),#22);
#2692=PRESENTATION_STYLE_ASSIGNMENT((#2691));
#2693=STYLED_ITEM('',(#2692),#2690);
#2694=DIRECTION('',(1.E0,0.E0,0.E0));
#2695=VECTOR('',#2694,2.3E-1);
#2696=CARTESIAN_POINT('',(1.349999999992E-1,1.E-1,-1.5E0));
#2697=LINE('',#2696,#2695);
#2698=CURVE_STYLE('',#34,POSITIVE_LENGTH_MEASURE(2.E-2),#22);
#2699=PRESENTATION_STYLE_ASSIGNMENT((#2698));
#2700=STYLED_ITEM('',(#2699),#2697);
#2701=DIRECTION('',(0.E0,0.E0,-1.E0));
#2702=VECTOR('',#2701,8.000000000098E-2);
#2703=CARTESIAN_POINT('',(3.649999999992E-1,1.E-1,-1.419999999999E0));
#2704=LINE('',#2703,#2702);
#2705=CURVE_STYLE('',#34,POSITIVE_LENGTH_MEASURE(2.E-2),#22);
#2706=PRESENTATION_STYLE_ASSIGNMENT((#2705));
#2707=STYLED_ITEM('',(#2706),#2704);
#2708=DIRECTION('',(-4.472135955023E-1,0.E0,-8.944271909988E-1));
#2709=VECTOR('',#2708,2.236067977496E-2);
#2710=CARTESIAN_POINT('',(3.749999999992E-1,1.E-1,-1.399999999999E0));
#2711=LINE('',#2710,#2709);
#2712=CURVE_STYLE('',#34,POSITIVE_LENGTH_MEASURE(2.E-2),#22);
#2713=PRESENTATION_STYLE_ASSIGNMENT((#2712));
#2714=STYLED_ITEM('',(#2713),#2711);
#2715=DIRECTION('',(0.E0,0.E0,-1.E0));
#2716=VECTOR('',#2715,1.75E-1);
#2717=CARTESIAN_POINT('',(3.749999999992E-1,1.E-1,-1.224999999999E0));
#2718=LINE('',#2717,#2716);
#2719=CURVE_STYLE('',#34,POSITIVE_LENGTH_MEASURE(2.E-2),#22);
#2720=PRESENTATION_STYLE_ASSIGNMENT((#2719));
#2721=STYLED_ITEM('',(#2720),#2718);
#2722=CARTESIAN_POINT('',(2.499999999992E-1,1.E-1,-1.224999999999E0));
#2723=DIRECTION('',(0.E0,1.E0,0.E0));
#2724=DIRECTION('',(-1.E0,0.E0,0.E0));
#2725=AXIS2_PLACEMENT_3D('',#2722,#2723,#2724);
#2727=CURVE_STYLE('',#34,POSITIVE_LENGTH_MEASURE(2.E-2),#22);
#2728=PRESENTATION_STYLE_ASSIGNMENT((#2727));
#2729=STYLED_ITEM('',(#2728),#2726);
#2730=DIRECTION('',(0.E0,0.E0,1.E0));
#2731=VECTOR('',#2730,1.75E-1);
#2732=CARTESIAN_POINT('',(1.249999999992E-1,1.E-1,-1.399999999999E0));
#2733=LINE('',#2732,#2731);
#2734=CURVE_STYLE('',#34,POSITIVE_LENGTH_MEASURE(2.E-2),#22);
#2735=PRESENTATION_STYLE_ASSIGNMENT((#2734));
#2736=STYLED_ITEM('',(#2735),#2733);
#2737=DIRECTION('',(-4.472135955006E-1,0.E0,8.944271909996E-1));
#2738=VECTOR('',#2737,2.236067977494E-2);
#2739=CARTESIAN_POINT('',(1.349999999992E-1,1.E-1,-1.419999999999E0));
#2740=LINE('',#2739,#2738);
#2741=CURVE_STYLE('',#34,POSITIVE_LENGTH_MEASURE(2.E-2),#22);
#2742=PRESENTATION_STYLE_ASSIGNMENT((#2741));
#2743=STYLED_ITEM('',(#2742),#2740);
#2744=DIRECTION('',(0.E0,0.E0,1.E0));
#2745=VECTOR('',#2744,8.000000000098E-2);
#2746=CARTESIAN_POINT('',(1.349999999992E-1,1.E-1,-1.5E0));
#2747=LINE('',#2746,#2745);
#2748=CURVE_STYLE('',#34,POSITIVE_LENGTH_MEASURE(2.E-2),#22);
#2749=PRESENTATION_STYLE_ASSIGNMENT((#2748));
#2750=STYLED_ITEM('',(#2749),#2747);
#2751=DIRECTION('',(0.E0,1.E0,0.E0));
#2752=VECTOR('',#2751,1.E-1);
#2753=CARTESIAN_POINT('',(3.649999999992E-1,0.E0,-1.5E0));
#2754=LINE('',#2753,#2752);
#2755=CURVE_STYLE('',#34,POSITIVE_LENGTH_MEASURE(2.E-2),#22);
#2756=PRESENTATION_STYLE_ASSIGNMENT((#2755));
#2757=STYLED_ITEM('',(#2756),#2754);
#2758=DIRECTION('',(0.E0,1.E0,0.E0));
#2759=VECTOR('',#2758,1.E-1);
#2760=CARTESIAN_POINT('',(3.649999999992E-1,0.E0,-1.419999999999E0));
#2761=LINE('',#2760,#2759);
#2762=CURVE_STYLE('',#34,POSITIVE_LENGTH_MEASURE(2.E-2),#22);
#2763=PRESENTATION_STYLE_ASSIGNMENT((#2762));
#2764=STYLED_ITEM('',(#2763),#2761);
#2765=DIRECTION('',(0.E0,1.E0,0.E0));
#2766=VECTOR('',#2765,1.E-1);
#2767=CARTESIAN_POINT('',(3.749999999992E-1,0.E0,-1.399999999999E0));
#2768=LINE('',#2767,#2766);
#2769=CURVE_STYLE('',#34,POSITIVE_LENGTH_MEASURE(2.E-2),#22);
#2770=PRESENTATION_STYLE_ASSIGNMENT((#2769));
#2771=STYLED_ITEM('',(#2770),#2768);
#2772=DIRECTION('',(0.E0,1.E0,0.E0));
#2773=VECTOR('',#2772,1.E-1);
#2774=CARTESIAN_POINT('',(3.749999999992E-1,0.E0,-1.224999999999E0));
#2775=LINE('',#2774,#2773);
#2776=CURVE_STYLE('',#34,POSITIVE_LENGTH_MEASURE(2.E-2),#22);
#2777=PRESENTATION_STYLE_ASSIGNMENT((#2776));
#2778=STYLED_ITEM('',(#2777),#2775);
#2779=DIRECTION('',(0.E0,1.E0,0.E0));
#2780=VECTOR('',#2779,1.E-1);
#2781=CARTESIAN_POINT('',(1.249999999992E-1,0.E0,-1.224999999999E0));
#2782=LINE('',#2781,#2780);
#2783=CURVE_STYLE('',#34,POSITIVE_LENGTH_MEASURE(2.E-2),#22);
#2784=PRESENTATION_STYLE_ASSIGNMENT((#2783));
#2785=STYLED_ITEM('',(#2784),#2782);
#2786=DIRECTION('',(0.E0,1.E0,0.E0));
#2787=VECTOR('',#2786,1.E-1);
#2788=CARTESIAN_POINT('',(1.249999999992E-1,0.E0,-1.399999999999E0));
#2789=LINE('',#2788,#2787);
#2790=CURVE_STYLE('',#34,POSITIVE_LENGTH_MEASURE(2.E-2),#22);
#2791=PRESENTATION_STYLE_ASSIGNMENT((#2790));
#2792=STYLED_ITEM('',(#2791),#2789);
#2793=DIRECTION('',(0.E0,1.E0,0.E0));
#2794=VECTOR('',#2793,1.E-1);
#2795=CARTESIAN_POINT('',(1.349999999992E-1,0.E0,-1.419999999999E0));
#2796=LINE('',#2795,#2794);
#2797=CURVE_STYLE('',#34,POSITIVE_LENGTH_MEASURE(2.E-2),#22);
#2798=PRESENTATION_STYLE_ASSIGNMENT((#2797));
#2799=STYLED_ITEM('',(#2798),#2796);
#2800=CARTESIAN_POINT('',(1.349999999992E-1,0.E0,-1.419999999999E0));
#2801=CARTESIAN_POINT('',(1.249999999992E-1,0.E0,-1.399999999999E0));
#2802=VERTEX_POINT('',#2800);
#2803=VERTEX_POINT('',#2801);
#2804=CARTESIAN_POINT('',(1.249999999992E-1,0.E0,-1.224999999999E0));
#2805=VERTEX_POINT('',#2804);
#2806=CARTESIAN_POINT('',(3.749999999992E-1,0.E0,-1.224999999999E0));
#2807=VERTEX_POINT('',#2806);
#2808=CARTESIAN_POINT('',(3.749999999992E-1,0.E0,-1.399999999999E0));
#2809=VERTEX_POINT('',#2808);
#2810=CARTESIAN_POINT('',(3.649999999992E-1,0.E0,-1.419999999999E0));
#2811=VERTEX_POINT('',#2810);
#2812=CARTESIAN_POINT('',(1.349999999992E-1,1.E-1,-1.419999999999E0));
#2813=CARTESIAN_POINT('',(1.249999999992E-1,1.E-1,-1.399999999999E0));
#2814=VERTEX_POINT('',#2812);
#2815=VERTEX_POINT('',#2813);
#2816=CARTESIAN_POINT('',(1.249999999992E-1,1.E-1,-1.224999999999E0));
#2817=VERTEX_POINT('',#2816);
#2818=CARTESIAN_POINT('',(3.749999999992E-1,1.E-1,-1.224999999999E0));
#2819=VERTEX_POINT('',#2818);
#2820=CARTESIAN_POINT('',(3.749999999992E-1,1.E-1,-1.399999999999E0));
#2821=VERTEX_POINT('',#2820);
#2822=CARTESIAN_POINT('',(3.649999999992E-1,1.E-1,-1.419999999999E0));
#2823=VERTEX_POINT('',#2822);
#2824=CARTESIAN_POINT('',(1.349999999992E-1,0.E0,-1.5E0));
#2825=CARTESIAN_POINT('',(3.649999999992E-1,0.E0,-1.5E0));
#2826=VERTEX_POINT('',#2824);
#2827=VERTEX_POINT('',#2825);
#2828=CARTESIAN_POINT('',(1.349999999992E-1,1.E-1,-1.5E0));
#2829=CARTESIAN_POINT('',(3.649999999992E-1,1.E-1,-1.5E0));
#2830=VERTEX_POINT('',#2828);
#2831=VERTEX_POINT('',#2829);
#2832=CARTESIAN_POINT('',(-1.25E0,0.E0,-1.5E0));
#2833=DIRECTION('',(0.E0,0.E0,1.E0));
#2834=DIRECTION('',(1.E0,0.E0,0.E0));
#2835=AXIS2_PLACEMENT_3D('',#2832,#2833,#2834);
#2836=PLANE('',#2835);
#2838=ORIENTED_EDGE('',*,*,#2837,.T.);
#2840=ORIENTED_EDGE('',*,*,#2839,.T.);
#2842=ORIENTED_EDGE('',*,*,#2841,.F.);
#2844=ORIENTED_EDGE('',*,*,#2843,.F.);
#2845=EDGE_LOOP('',(#2838,#2840,#2842,#2844));
#2846=FACE_OUTER_BOUND('',#2845,.F.);
#2847=ADVANCED_FACE('',(#2846),#2836,.F.);
#2848=FILL_AREA_STYLE_COLOUR('',#20);
#2849=FILL_AREA_STYLE('',(#2848));
#2850=SURFACE_STYLE_FILL_AREA(#2849);
#2851=SURFACE_SIDE_STYLE('',(#2850));
#2852=SURFACE_STYLE_USAGE(.POSITIVE.,#2851);
#2853=PRESENTATION_STYLE_ASSIGNMENT((#2852));
#2854=OVER_RIDING_STYLED_ITEM('',(#2853),#2847,#2629);
#2855=CARTESIAN_POINT('',(0.E0,0.E0,0.E0));
#2856=DIRECTION('',(0.E0,1.E0,0.E0));
#2857=DIRECTION('',(1.E0,0.E0,0.E0));
#2858=AXIS2_PLACEMENT_3D('',#2855,#2856,#2857);
#2859=PLANE('',#2858);
#2860=ORIENTED_EDGE('',*,*,#2837,.F.);
#2862=ORIENTED_EDGE('',*,*,#2861,.T.);
#2864=ORIENTED_EDGE('',*,*,#2863,.T.);
#2866=ORIENTED_EDGE('',*,*,#2865,.T.);
#2868=ORIENTED_EDGE('',*,*,#2867,.T.);
#2870=ORIENTED_EDGE('',*,*,#2869,.T.);
#2872=ORIENTED_EDGE('',*,*,#2871,.T.);
#2874=ORIENTED_EDGE('',*,*,#2873,.T.);
#2875=EDGE_LOOP('',(#2860,#2862,#2864,#2866,#2868,#2870,#2872,#2874));
#2876=FACE_OUTER_BOUND('',#2875,.F.);
#2877=ADVANCED_FACE('',(#2876),#2859,.F.);
#2878=CARTESIAN_POINT('',(1.349999999992E-1,0.E0,-1.674999999999E0));
#2879=DIRECTION('',(-1.E0,0.E0,0.E0));
#2880=DIRECTION('',(0.E0,0.E0,1.E0));
#2881=AXIS2_PLACEMENT_3D('',#2878,#2879,#2880);
#2882=PLANE('',#2881);
#2883=ORIENTED_EDGE('',*,*,#2843,.T.);
#2885=ORIENTED_EDGE('',*,*,#2884,.T.);
#2887=ORIENTED_EDGE('',*,*,#2886,.F.);
#2888=ORIENTED_EDGE('',*,*,#2861,.F.);
#2889=EDGE_LOOP('',(#2883,#2885,#2887,#2888));
#2890=FACE_OUTER_BOUND('',#2889,.F.);
#2891=ADVANCED_FACE('',(#2890),#2882,.T.);
#2892=CARTESIAN_POINT('',(0.E0,1.E-1,0.E0));
#2893=DIRECTION('',(0.E0,1.E0,0.E0));
#2894=DIRECTION('',(1.E0,0.E0,0.E0));
#2895=AXIS2_PLACEMENT_3D('',#2892,#2893,#2894);
#2896=PLANE('',#2895);
#2897=ORIENTED_EDGE('',*,*,#2841,.T.);
#2899=ORIENTED_EDGE('',*,*,#2898,.F.);
#2901=ORIENTED_EDGE('',*,*,#2900,.F.);
#2903=ORIENTED_EDGE('',*,*,#2902,.F.);
#2905=ORIENTED_EDGE('',*,*,#2904,.F.);
#2907=ORIENTED_EDGE('',*,*,#2906,.F.);
#2909=ORIENTED_EDGE('',*,*,#2908,.F.);
#2910=ORIENTED_EDGE('',*,*,#2884,.F.);
#2911=EDGE_LOOP('',(#2897,#2899,#2901,#2903,#2905,#2907,#2909,#2910));
#2912=FACE_OUTER_BOUND('',#2911,.F.);
#2913=ADVANCED_FACE('',(#2912),#2896,.T.);
#2914=CARTESIAN_POINT('',(3.649999999992E-1,0.E0,-1.419999999999E0));
#2915=DIRECTION('',(1.E0,0.E0,0.E0));
#2916=DIRECTION('',(0.E0,0.E0,-1.E0));
#2917=AXIS2_PLACEMENT_3D('',#2914,#2915,#2916);
#2918=PLANE('',#2917);
#2919=ORIENTED_EDGE('',*,*,#2839,.F.);
#2920=ORIENTED_EDGE('',*,*,#2873,.F.);
#2922=ORIENTED_EDGE('',*,*,#2921,.T.);
#2923=ORIENTED_EDGE('',*,*,#2898,.T.);
#2924=EDGE_LOOP('',(#2919,#2920,#2922,#2923));
#2925=FACE_OUTER_BOUND('',#2924,.F.);
#2926=ADVANCED_FACE('',(#2925),#2918,.T.);
#2927=CARTESIAN_POINT('',(3.749999999992E-1,0.E0,-1.399999999999E0));
#2928=DIRECTION('',(8.944271909991E-1,0.E0,-4.472135955016E-1));
#2929=DIRECTION('',(-4.472135955016E-1,0.E0,-8.944271909991E-1));
#2930=AXIS2_PLACEMENT_3D('',#2927,#2928,#2929);
#2931=PLANE('',#2930);
#2932=ORIENTED_EDGE('',*,*,#2871,.F.);
#2934=ORIENTED_EDGE('',*,*,#2933,.T.);
#2935=ORIENTED_EDGE('',*,*,#2900,.T.);
#2936=ORIENTED_EDGE('',*,*,#2921,.F.);
#2937=EDGE_LOOP('',(#2932,#2934,#2935,#2936));
#2938=FACE_OUTER_BOUND('',#2937,.F.);
#2939=ADVANCED_FACE('',(#2938),#2931,.T.);
#2940=CARTESIAN_POINT('',(3.749999999992E-1,0.E0,-1.224999999999E0));
#2941=DIRECTION('',(1.E0,0.E0,0.E0));
#2942=DIRECTION('',(0.E0,0.E0,-1.E0));
#2943=AXIS2_PLACEMENT_3D('',#2940,#2941,#2942);
#2944=PLANE('',#2943);
#2945=ORIENTED_EDGE('',*,*,#2869,.F.);
#2947=ORIENTED_EDGE('',*,*,#2946,.T.);
#2948=ORIENTED_EDGE('',*,*,#2902,.T.);
#2949=ORIENTED_EDGE('',*,*,#2933,.F.);
#2950=EDGE_LOOP('',(#2945,#2947,#2948,#2949));
#2951=FACE_OUTER_BOUND('',#2950,.F.);
#2952=ADVANCED_FACE('',(#2951),#2944,.T.);
#2953=CARTESIAN_POINT('',(2.499999999992E-1,0.E0,-1.224999999999E0));
#2954=DIRECTION('',(0.E0,1.E0,0.E0));
#2955=DIRECTION('',(1.E0,0.E0,0.E0));
#2956=AXIS2_PLACEMENT_3D('',#2953,#2954,#2955);
#2957=CYLINDRICAL_SURFACE('',#2956,1.25E-1);
#2958=ORIENTED_EDGE('',*,*,#2867,.F.);
#2960=ORIENTED_EDGE('',*,*,#2959,.T.);
#2961=ORIENTED_EDGE('',*,*,#2904,.T.);
#2962=ORIENTED_EDGE('',*,*,#2946,.F.);
#2963=EDGE_LOOP('',(#2958,#2960,#2961,#2962));
#2964=FACE_OUTER_BOUND('',#2963,.F.);
#2965=ADVANCED_FACE('',(#2964),#2957,.T.);
#2966=CARTESIAN_POINT('',(1.249999999992E-1,0.E0,-1.399999999999E0));
#2967=DIRECTION('',(-1.E0,0.E0,0.E0));
#2968=DIRECTION('',(0.E0,0.E0,1.E0));
#2969=AXIS2_PLACEMENT_3D('',#2966,#2967,#2968);
#2970=PLANE('',#2969);
#2971=ORIENTED_EDGE('',*,*,#2865,.F.);
#2973=ORIENTED_EDGE('',*,*,#2972,.T.);
#2974=ORIENTED_EDGE('',*,*,#2906,.T.);
#2975=ORIENTED_EDGE('',*,*,#2959,.F.);
#2976=EDGE_LOOP('',(#2971,#2973,#2974,#2975));
#2977=FACE_OUTER_BOUND('',#2976,.F.);
#2978=ADVANCED_FACE('',(#2977),#2970,.T.);
#2979=CARTESIAN_POINT('',(1.349999999992E-1,0.E0,-1.419999999999E0));
#2980=DIRECTION('',(-8.944271909999E-1,0.E0,-4.472135955E-1));
#2981=DIRECTION('',(-4.472135955E-1,0.E0,8.944271909999E-1));
#2982=AXIS2_PLACEMENT_3D('',#2979,#2980,#2981);
#2983=PLANE('',#2982);
#2984=ORIENTED_EDGE('',*,*,#2863,.F.);
#2985=ORIENTED_EDGE('',*,*,#2886,.T.);
#2986=ORIENTED_EDGE('',*,*,#2908,.T.);
#2987=ORIENTED_EDGE('',*,*,#2972,.F.);
#2988=EDGE_LOOP('',(#2984,#2985,#2986,#2987));
#2989=FACE_OUTER_BOUND('',#2988,.F.);
#2990=ADVANCED_FACE('',(#2989),#2983,.T.);
#2991=CLOSED_SHELL('',(#2847,#2877,#2891,#2913,#2926,#2939,#2952,#2965,#2978,
#2990));
#2992=MANIFOLD_SOLID_BREP('',#2991);
#2993=FILL_AREA_STYLE_COLOUR('',#22);
#2994=FILL_AREA_STYLE('',(#2993));
#2995=SURFACE_STYLE_FILL_AREA(#2994);
#2996=SURFACE_SIDE_STYLE('',(#2995));
#2997=SURFACE_STYLE_USAGE(.POSITIVE.,#2996);
#2998=PRESENTATION_STYLE_ASSIGNMENT((#2997));
#2629=STYLED_ITEM('',(#2998),#2992);
#3000=DIRECTION('',(1.E0,0.E0,0.E0));
#3001=VECTOR('',#3000,2.3E-1);
#3002=CARTESIAN_POINT('',(-3.650000000008E-1,0.E0,-1.5E0));
#3003=LINE('',#3002,#3001);
#3004=CURVE_STYLE('',#34,POSITIVE_LENGTH_MEASURE(2.E-2),#22);
#3005=PRESENTATION_STYLE_ASSIGNMENT((#3004));
#3006=STYLED_ITEM('',(#3005),#3003);
#3007=DIRECTION('',(0.E0,0.E0,1.E0));
#3008=VECTOR('',#3007,8.000000000098E-2);
#3009=CARTESIAN_POINT('',(-3.650000000008E-1,0.E0,-1.5E0));
#3010=LINE('',#3009,#3008);
#3011=CURVE_STYLE('',#34,POSITIVE_LENGTH_MEASURE(2.E-2),#22);
#3012=PRESENTATION_STYLE_ASSIGNMENT((#3011));
#3013=STYLED_ITEM('',(#3012),#3010);
#3014=DIRECTION('',(-4.472135955E-1,0.E0,8.944271909999E-1));
#3015=VECTOR('',#3014,2.236067977498E-2);
#3016=CARTESIAN_POINT('',(-3.650000000008E-1,0.E0,-1.419999999999E0));
#3017=LINE('',#3016,#3015);
#3018=CURVE_STYLE('',#34,POSITIVE_LENGTH_MEASURE(2.E-2),#22);
#3019=PRESENTATION_STYLE_ASSIGNMENT((#3018));
#3020=STYLED_ITEM('',(#3019),#3017);
#3021=DIRECTION('',(0.E0,0.E0,1.E0));
#3022=VECTOR('',#3021,1.749999999999E-1);
#3023=CARTESIAN_POINT('',(-3.750000000008E-1,0.E0,-1.399999999999E0));
#3024=LINE('',#3023,#3022);
#3025=CURVE_STYLE('',#34,POSITIVE_LENGTH_MEASURE(2.E-2),#22);
#3026=PRESENTATION_STYLE_ASSIGNMENT((#3025));
#3027=STYLED_ITEM('',(#3026),#3024);
#3028=CARTESIAN_POINT('',(-2.500000000008E-1,0.E0,-1.224999999999E0));
#3029=DIRECTION('',(0.E0,1.E0,0.E0));
#3030=DIRECTION('',(-1.E0,0.E0,0.E0));
#3031=AXIS2_PLACEMENT_3D('',#3028,#3029,#3030);
#3033=CURVE_STYLE('',#34,POSITIVE_LENGTH_MEASURE(2.E-2),#22);
#3034=PRESENTATION_STYLE_ASSIGNMENT((#3033));
#3035=STYLED_ITEM('',(#3034),#3032);
#3036=DIRECTION('',(0.E0,0.E0,-1.E0));
#3037=VECTOR('',#3036,1.749999999999E-1);
#3038=CARTESIAN_POINT('',(-1.250000000008E-1,0.E0,-1.224999999999E0));
#3039=LINE('',#3038,#3037);
#3040=CURVE_STYLE('',#34,POSITIVE_LENGTH_MEASURE(2.E-2),#22);
#3041=PRESENTATION_STYLE_ASSIGNMENT((#3040));
#3042=STYLED_ITEM('',(#3041),#3039);
#3043=DIRECTION('',(-4.472135955E-1,0.E0,-8.944271909999E-1));
#3044=VECTOR('',#3043,2.236067977498E-2);
#3045=CARTESIAN_POINT('',(-1.250000000008E-1,0.E0,-1.399999999999E0));
#3046=LINE('',#3045,#3044);
#3047=CURVE_STYLE('',#34,POSITIVE_LENGTH_MEASURE(2.E-2),#22);
#3048=PRESENTATION_STYLE_ASSIGNMENT((#3047));
#3049=STYLED_ITEM('',(#3048),#3046);
#3050=DIRECTION('',(0.E0,0.E0,-1.E0));
#3051=VECTOR('',#3050,8.000000000098E-2);
#3052=CARTESIAN_POINT('',(-1.350000000008E-1,0.E0,-1.419999999999E0));
#3053=LINE('',#3052,#3051);
#3054=CURVE_STYLE('',#34,POSITIVE_LENGTH_MEASURE(2.E-2),#22);
#3055=PRESENTATION_STYLE_ASSIGNMENT((#3054));
#3056=STYLED_ITEM('',(#3055),#3053);
#3057=DIRECTION('',(0.E0,1.E0,0.E0));
#3058=VECTOR('',#3057,1.E-1);
#3059=CARTESIAN_POINT('',(-3.650000000008E-1,0.E0,-1.5E0));
#3060=LINE('',#3059,#3058);
#3061=CURVE_STYLE('',#34,POSITIVE_LENGTH_MEASURE(2.E-2),#22);
#3062=PRESENTATION_STYLE_ASSIGNMENT((#3061));
#3063=STYLED_ITEM('',(#3062),#3060);
#3064=DIRECTION('',(1.E0,0.E0,0.E0));
#3065=VECTOR('',#3064,2.3E-1);
#3066=CARTESIAN_POINT('',(-3.650000000008E-1,1.E-1,-1.5E0));
#3067=LINE('',#3066,#3065);
#3068=CURVE_STYLE('',#34,POSITIVE_LENGTH_MEASURE(2.E-2),#22);
#3069=PRESENTATION_STYLE_ASSIGNMENT((#3068));
#3070=STYLED_ITEM('',(#3069),#3067);
#3071=DIRECTION('',(0.E0,0.E0,-1.E0));
#3072=VECTOR('',#3071,8.000000000098E-2);
#3073=CARTESIAN_POINT('',(-1.350000000008E-1,1.E-1,-1.419999999999E0));
#3074=LINE('',#3073,#3072);
#3075=CURVE_STYLE('',#34,POSITIVE_LENGTH_MEASURE(2.E-2),#22);
#3076=PRESENTATION_STYLE_ASSIGNMENT((#3075));
#3077=STYLED_ITEM('',(#3076),#3074);
#3078=DIRECTION('',(-4.472135955E-1,0.E0,-8.944271909999E-1));
#3079=VECTOR('',#3078,2.236067977498E-2);
#3080=CARTESIAN_POINT('',(-1.250000000008E-1,1.E-1,-1.399999999999E0));
#3081=LINE('',#3080,#3079);
#3082=CURVE_STYLE('',#34,POSITIVE_LENGTH_MEASURE(2.E-2),#22);
#3083=PRESENTATION_STYLE_ASSIGNMENT((#3082));
#3084=STYLED_ITEM('',(#3083),#3081);
#3085=DIRECTION('',(0.E0,0.E0,-1.E0));
#3086=VECTOR('',#3085,1.749999999999E-1);
#3087=CARTESIAN_POINT('',(-1.250000000008E-1,1.E-1,-1.224999999999E0));
#3088=LINE('',#3087,#3086);
#3089=CURVE_STYLE('',#34,POSITIVE_LENGTH_MEASURE(2.E-2),#22);
#3090=PRESENTATION_STYLE_ASSIGNMENT((#3089));
#3091=STYLED_ITEM('',(#3090),#3088);
#3092=CARTESIAN_POINT('',(-2.500000000008E-1,1.E-1,-1.224999999999E0));
#3093=DIRECTION('',(0.E0,1.E0,0.E0));
#3094=DIRECTION('',(-1.E0,0.E0,0.E0));
#3095=AXIS2_PLACEMENT_3D('',#3092,#3093,#3094);
#3097=CURVE_STYLE('',#34,POSITIVE_LENGTH_MEASURE(2.E-2),#22);
#3098=PRESENTATION_STYLE_ASSIGNMENT((#3097));
#3099=STYLED_ITEM('',(#3098),#3096);
#3100=DIRECTION('',(0.E0,0.E0,1.E0));
#3101=VECTOR('',#3100,1.749999999999E-1);
#3102=CARTESIAN_POINT('',(-3.750000000008E-1,1.E-1,-1.399999999999E0));
#3103=LINE('',#3102,#3101);
#3104=CURVE_STYLE('',#34,POSITIVE_LENGTH_MEASURE(2.E-2),#22);
#3105=PRESENTATION_STYLE_ASSIGNMENT((#3104));
#3106=STYLED_ITEM('',(#3105),#3103);
#3107=DIRECTION('',(-4.472135955E-1,0.E0,8.944271909999E-1));
#3108=VECTOR('',#3107,2.236067977498E-2);
#3109=CARTESIAN_POINT('',(-3.650000000008E-1,1.E-1,-1.419999999999E0));
#3110=LINE('',#3109,#3108);
#3111=CURVE_STYLE('',#34,POSITIVE_LENGTH_MEASURE(2.E-2),#22);
#3112=PRESENTATION_STYLE_ASSIGNMENT((#3111));
#3113=STYLED_ITEM('',(#3112),#3110);
#3114=DIRECTION('',(0.E0,0.E0,1.E0));
#3115=VECTOR('',#3114,8.000000000098E-2);
#3116=CARTESIAN_POINT('',(-3.650000000008E-1,1.E-1,-1.5E0));
#3117=LINE('',#3116,#3115);
#3118=CURVE_STYLE('',#34,POSITIVE_LENGTH_MEASURE(2.E-2),#22);
#3119=PRESENTATION_STYLE_ASSIGNMENT((#3118));
#3120=STYLED_ITEM('',(#3119),#3117);
#3121=DIRECTION('',(0.E0,1.E0,0.E0));
#3122=VECTOR('',#3121,1.E-1);
#3123=CARTESIAN_POINT('',(-1.350000000008E-1,0.E0,-1.5E0));
#3124=LINE('',#3123,#3122);
#3125=CURVE_STYLE('',#34,POSITIVE_LENGTH_MEASURE(2.E-2),#22);
#3126=PRESENTATION_STYLE_ASSIGNMENT((#3125));
#3127=STYLED_ITEM('',(#3126),#3124);
#3128=DIRECTION('',(0.E0,1.E0,0.E0));
#3129=VECTOR('',#3128,1.E-1);
#3130=CARTESIAN_POINT('',(-1.350000000008E-1,0.E0,-1.419999999999E0));
#3131=LINE('',#3130,#3129);
#3132=CURVE_STYLE('',#34,POSITIVE_LENGTH_MEASURE(2.E-2),#22);
#3133=PRESENTATION_STYLE_ASSIGNMENT((#3132));
#3134=STYLED_ITEM('',(#3133),#3131);
#3135=DIRECTION('',(0.E0,1.E0,0.E0));
#3136=VECTOR('',#3135,1.E-1);
#3137=CARTESIAN_POINT('',(-1.250000000008E-1,0.E0,-1.399999999999E0));
#3138=LINE('',#3137,#3136);
#3139=CURVE_STYLE('',#34,POSITIVE_LENGTH_MEASURE(2.E-2),#22);
#3140=PRESENTATION_STYLE_ASSIGNMENT((#3139));
#3141=STYLED_ITEM('',(#3140),#3138);
#3142=DIRECTION('',(0.E0,1.E0,0.E0));
#3143=VECTOR('',#3142,1.E-1);
#3144=CARTESIAN_POINT('',(-1.250000000008E-1,0.E0,-1.224999999999E0));
#3145=LINE('',#3144,#3143);
#3146=CURVE_STYLE('',#34,POSITIVE_LENGTH_MEASURE(2.E-2),#22);
#3147=PRESENTATION_STYLE_ASSIGNMENT((#3146));
#3148=STYLED_ITEM('',(#3147),#3145);
#3149=DIRECTION('',(0.E0,1.E0,0.E0));
#3150=VECTOR('',#3149,1.E-1);
#3151=CARTESIAN_POINT('',(-3.750000000008E-1,0.E0,-1.224999999999E0));
#3152=LINE('',#3151,#3150);
#3153=CURVE_STYLE('',#34,POSITIVE_LENGTH_MEASURE(2.E-2),#22);
#3154=PRESENTATION_STYLE_ASSIGNMENT((#3153));
#3155=STYLED_ITEM('',(#3154),#3152);
#3156=DIRECTION('',(0.E0,1.E0,0.E0));
#3157=VECTOR('',#3156,1.E-1);
#3158=CARTESIAN_POINT('',(-3.750000000008E-1,0.E0,-1.399999999999E0));
#3159=LINE('',#3158,#3157);
#3160=CURVE_STYLE('',#34,POSITIVE_LENGTH_MEASURE(2.E-2),#22);
#3161=PRESENTATION_STYLE_ASSIGNMENT((#3160));
#3162=STYLED_ITEM('',(#3161),#3159);
#3163=DIRECTION('',(0.E0,1.E0,0.E0));
#3164=VECTOR('',#3163,1.E-1);
#3165=CARTESIAN_POINT('',(-3.650000000008E-1,0.E0,-1.419999999999E0));
#3166=LINE('',#3165,#3164);
#3167=CURVE_STYLE('',#34,POSITIVE_LENGTH_MEASURE(2.E-2),#22);
#3168=PRESENTATION_STYLE_ASSIGNMENT((#3167));
#3169=STYLED_ITEM('',(#3168),#3166);
#3170=CARTESIAN_POINT('',(-3.650000000008E-1,0.E0,-1.419999999999E0));
#3171=CARTESIAN_POINT('',(-3.750000000008E-1,0.E0,-1.399999999999E0));
#3172=VERTEX_POINT('',#3170);
#3173=VERTEX_POINT('',#3171);
#3174=CARTESIAN_POINT('',(-3.750000000008E-1,0.E0,-1.224999999999E0));
#3175=VERTEX_POINT('',#3174);
#3176=CARTESIAN_POINT('',(-1.250000000008E-1,0.E0,-1.224999999999E0));
#3177=VERTEX_POINT('',#3176);
#3178=CARTESIAN_POINT('',(-1.250000000008E-1,0.E0,-1.399999999999E0));
#3179=VERTEX_POINT('',#3178);
#3180=CARTESIAN_POINT('',(-1.350000000008E-1,0.E0,-1.419999999999E0));
#3181=VERTEX_POINT('',#3180);
#3182=CARTESIAN_POINT('',(-3.650000000008E-1,1.E-1,-1.419999999999E0));
#3183=CARTESIAN_POINT('',(-3.750000000008E-1,1.E-1,-1.399999999999E0));
#3184=VERTEX_POINT('',#3182);
#3185=VERTEX_POINT('',#3183);
#3186=CARTESIAN_POINT('',(-3.750000000008E-1,1.E-1,-1.224999999999E0));
#3187=VERTEX_POINT('',#3186);
#3188=CARTESIAN_POINT('',(-1.250000000008E-1,1.E-1,-1.224999999999E0));
#3189=VERTEX_POINT('',#3188);
#3190=CARTESIAN_POINT('',(-1.250000000008E-1,1.E-1,-1.399999999999E0));
#3191=VERTEX_POINT('',#3190);
#3192=CARTESIAN_POINT('',(-1.350000000008E-1,1.E-1,-1.419999999999E0));
#3193=VERTEX_POINT('',#3192);
#3194=CARTESIAN_POINT('',(-3.650000000008E-1,0.E0,-1.5E0));
#3195=CARTESIAN_POINT('',(-1.350000000008E-1,0.E0,-1.5E0));
#3196=VERTEX_POINT('',#3194);
#3197=VERTEX_POINT('',#3195);
#3198=CARTESIAN_POINT('',(-3.650000000008E-1,1.E-1,-1.5E0));
#3199=CARTESIAN_POINT('',(-1.350000000008E-1,1.E-1,-1.5E0));
#3200=VERTEX_POINT('',#3198);
#3201=VERTEX_POINT('',#3199);
#3202=CARTESIAN_POINT('',(-1.25E0,0.E0,-1.5E0));
#3203=DIRECTION('',(0.E0,0.E0,1.E0));
#3204=DIRECTION('',(1.E0,0.E0,0.E0));
#3205=AXIS2_PLACEMENT_3D('',#3202,#3203,#3204);
#3206=PLANE('',#3205);
#3208=ORIENTED_EDGE('',*,*,#3207,.T.);
#3210=ORIENTED_EDGE('',*,*,#3209,.T.);
#3212=ORIENTED_EDGE('',*,*,#3211,.F.);
#3214=ORIENTED_EDGE('',*,*,#3213,.F.);
#3215=EDGE_LOOP('',(#3208,#3210,#3212,#3214));
#3216=FACE_OUTER_BOUND('',#3215,.F.);
#3217=ADVANCED_FACE('',(#3216),#3206,.F.);
#3218=FILL_AREA_STYLE_COLOUR('',#20);
#3219=FILL_AREA_STYLE('',(#3218));
#3220=SURFACE_STYLE_FILL_AREA(#3219);
#3221=SURFACE_SIDE_STYLE('',(#3220));
#3222=SURFACE_STYLE_USAGE(.POSITIVE.,#3221);
#3223=PRESENTATION_STYLE_ASSIGNMENT((#3222));
#3224=OVER_RIDING_STYLED_ITEM('',(#3223),#3217,#2999);
#3225=CARTESIAN_POINT('',(0.E0,0.E0,0.E0));
#3226=DIRECTION('',(0.E0,1.E0,0.E0));
#3227=DIRECTION('',(1.E0,0.E0,0.E0));
#3228=AXIS2_PLACEMENT_3D('',#3225,#3226,#3227);
#3229=PLANE('',#3228);
#3230=ORIENTED_EDGE('',*,*,#3207,.F.);
#3232=ORIENTED_EDGE('',*,*,#3231,.T.);
#3234=ORIENTED_EDGE('',*,*,#3233,.T.);
#3236=ORIENTED_EDGE('',*,*,#3235,.T.);
#3238=ORIENTED_EDGE('',*,*,#3237,.T.);
#3240=ORIENTED_EDGE('',*,*,#3239,.T.);
#3242=ORIENTED_EDGE('',*,*,#3241,.T.);
#3244=ORIENTED_EDGE('',*,*,#3243,.T.);
#3245=EDGE_LOOP('',(#3230,#3232,#3234,#3236,#3238,#3240,#3242,#3244));
#3246=FACE_OUTER_BOUND('',#3245,.F.);
#3247=ADVANCED_FACE('',(#3246),#3229,.F.);
#3248=CARTESIAN_POINT('',(-3.650000000008E-1,0.E0,-1.674999999999E0));
#3249=DIRECTION('',(-1.E0,0.E0,0.E0));
#3250=DIRECTION('',(0.E0,0.E0,1.E0));
#3251=AXIS2_PLACEMENT_3D('',#3248,#3249,#3250);
#3252=PLANE('',#3251);
#3253=ORIENTED_EDGE('',*,*,#3213,.T.);
#3255=ORIENTED_EDGE('',*,*,#3254,.T.);
#3257=ORIENTED_EDGE('',*,*,#3256,.F.);
#3258=ORIENTED_EDGE('',*,*,#3231,.F.);
#3259=EDGE_LOOP('',(#3253,#3255,#3257,#3258));
#3260=FACE_OUTER_BOUND('',#3259,.F.);
#3261=ADVANCED_FACE('',(#3260),#3252,.T.);
#3262=CARTESIAN_POINT('',(0.E0,1.E-1,0.E0));
#3263=DIRECTION('',(0.E0,1.E0,0.E0));
#3264=DIRECTION('',(1.E0,0.E0,0.E0));
#3265=AXIS2_PLACEMENT_3D('',#3262,#3263,#3264);
#3266=PLANE('',#3265);
#3267=ORIENTED_EDGE('',*,*,#3211,.T.);
#3269=ORIENTED_EDGE('',*,*,#3268,.F.);
#3271=ORIENTED_EDGE('',*,*,#3270,.F.);
#3273=ORIENTED_EDGE('',*,*,#3272,.F.);
#3275=ORIENTED_EDGE('',*,*,#3274,.F.);
#3277=ORIENTED_EDGE('',*,*,#3276,.F.);
#3279=ORIENTED_EDGE('',*,*,#3278,.F.);
#3280=ORIENTED_EDGE('',*,*,#3254,.F.);
#3281=EDGE_LOOP('',(#3267,#3269,#3271,#3273,#3275,#3277,#3279,#3280));
#3282=FACE_OUTER_BOUND('',#3281,.F.);
#3283=ADVANCED_FACE('',(#3282),#3266,.T.);
#3284=CARTESIAN_POINT('',(-1.350000000008E-1,0.E0,-1.419999999999E0));
#3285=DIRECTION('',(1.E0,0.E0,0.E0));
#3286=DIRECTION('',(0.E0,0.E0,-1.E0));
#3287=AXIS2_PLACEMENT_3D('',#3284,#3285,#3286);
#3288=PLANE('',#3287);
#3289=ORIENTED_EDGE('',*,*,#3209,.F.);
#3290=ORIENTED_EDGE('',*,*,#3243,.F.);
#3292=ORIENTED_EDGE('',*,*,#3291,.T.);
#3293=ORIENTED_EDGE('',*,*,#3268,.T.);
#3294=EDGE_LOOP('',(#3289,#3290,#3292,#3293));
#3295=FACE_OUTER_BOUND('',#3294,.F.);
#3296=ADVANCED_FACE('',(#3295),#3288,.T.);
#3297=CARTESIAN_POINT('',(-1.250000000008E-1,0.E0,-1.399999999999E0));
#3298=DIRECTION('',(8.944271909999E-1,0.E0,-4.472135955E-1));
#3299=DIRECTION('',(-4.472135955E-1,0.E0,-8.944271909999E-1));
#3300=AXIS2_PLACEMENT_3D('',#3297,#3298,#3299);
#3301=PLANE('',#3300);
#3302=ORIENTED_EDGE('',*,*,#3241,.F.);
#3304=ORIENTED_EDGE('',*,*,#3303,.T.);
#3305=ORIENTED_EDGE('',*,*,#3270,.T.);
#3306=ORIENTED_EDGE('',*,*,#3291,.F.);
#3307=EDGE_LOOP('',(#3302,#3304,#3305,#3306));
#3308=FACE_OUTER_BOUND('',#3307,.F.);
#3309=ADVANCED_FACE('',(#3308),#3301,.T.);
#3310=CARTESIAN_POINT('',(-1.250000000008E-1,0.E0,-1.224999999999E0));
#3311=DIRECTION('',(1.E0,0.E0,0.E0));
#3312=DIRECTION('',(0.E0,0.E0,-1.E0));
#3313=AXIS2_PLACEMENT_3D('',#3310,#3311,#3312);
#3314=PLANE('',#3313);
#3315=ORIENTED_EDGE('',*,*,#3239,.F.);
#3317=ORIENTED_EDGE('',*,*,#3316,.T.);
#3318=ORIENTED_EDGE('',*,*,#3272,.T.);
#3319=ORIENTED_EDGE('',*,*,#3303,.F.);
#3320=EDGE_LOOP('',(#3315,#3317,#3318,#3319));
#3321=FACE_OUTER_BOUND('',#3320,.F.);
#3322=ADVANCED_FACE('',(#3321),#3314,.T.);
#3323=CARTESIAN_POINT('',(-2.500000000008E-1,0.E0,-1.224999999999E0));
#3324=DIRECTION('',(0.E0,1.E0,0.E0));
#3325=DIRECTION('',(1.E0,0.E0,0.E0));
#3326=AXIS2_PLACEMENT_3D('',#3323,#3324,#3325);
#3327=CYLINDRICAL_SURFACE('',#3326,1.25E-1);
#3328=ORIENTED_EDGE('',*,*,#3237,.F.);
#3330=ORIENTED_EDGE('',*,*,#3329,.T.);
#3331=ORIENTED_EDGE('',*,*,#3274,.T.);
#3332=ORIENTED_EDGE('',*,*,#3316,.F.);
#3333=EDGE_LOOP('',(#3328,#3330,#3331,#3332));
#3334=FACE_OUTER_BOUND('',#3333,.F.);
#3335=ADVANCED_FACE('',(#3334),#3327,.T.);
#3336=CARTESIAN_POINT('',(-3.750000000008E-1,0.E0,-1.399999999999E0));
#3337=DIRECTION('',(-1.E0,0.E0,0.E0));
#3338=DIRECTION('',(0.E0,0.E0,1.E0));
#3339=AXIS2_PLACEMENT_3D('',#3336,#3337,#3338);
#3340=PLANE('',#3339);
#3341=ORIENTED_EDGE('',*,*,#3235,.F.);
#3343=ORIENTED_EDGE('',*,*,#3342,.T.);
#3344=ORIENTED_EDGE('',*,*,#3276,.T.);
#3345=ORIENTED_EDGE('',*,*,#3329,.F.);
#3346=EDGE_LOOP('',(#3341,#3343,#3344,#3345));
#3347=FACE_OUTER_BOUND('',#3346,.F.);
#3348=ADVANCED_FACE('',(#3347),#3340,.T.);
#3349=CARTESIAN_POINT('',(-3.650000000008E-1,0.E0,-1.419999999999E0));
#3350=DIRECTION('',(-8.944271909999E-1,0.E0,-4.472135955E-1));
#3351=DIRECTION('',(-4.472135955E-1,0.E0,8.944271909999E-1));
#3352=AXIS2_PLACEMENT_3D('',#3349,#3350,#3351);
#3353=PLANE('',#3352);
#3354=ORIENTED_EDGE('',*,*,#3233,.F.);
#3355=ORIENTED_EDGE('',*,*,#3256,.T.);
#3356=ORIENTED_EDGE('',*,*,#3278,.T.);
#3357=ORIENTED_EDGE('',*,*,#3342,.F.);
#3358=EDGE_LOOP('',(#3354,#3355,#3356,#3357));
#3359=FACE_OUTER_BOUND('',#3358,.F.);
#3360=ADVANCED_FACE('',(#3359),#3353,.T.);
#3361=CLOSED_SHELL('',(#3217,#3247,#3261,#3283,#3296,#3309,#3322,#3335,#3348,
#3360));
#3362=MANIFOLD_SOLID_BREP('',#3361);
#3363=FILL_AREA_STYLE_COLOUR('',#22);
#3364=FILL_AREA_STYLE('',(#3363));
#3365=SURFACE_STYLE_FILL_AREA(#3364);
#3366=SURFACE_SIDE_STYLE('',(#3365));
#3367=SURFACE_STYLE_USAGE(.POSITIVE.,#3366);
#3368=PRESENTATION_STYLE_ASSIGNMENT((#3367));
#2999=STYLED_ITEM('',(#3368),#3362);
#3370=DIRECTION('',(1.E0,0.E0,0.E0));
#3371=VECTOR('',#3370,4.E-1);
#3372=CARTESIAN_POINT('',(-1.025000000001E0,0.E0,-1.5E0));
#3373=LINE('',#3372,#3371);
#3374=CURVE_STYLE('',#34,POSITIVE_LENGTH_MEASURE(2.E-2),#22);
#3375=PRESENTATION_STYLE_ASSIGNMENT((#3374));
#3376=STYLED_ITEM('',(#3375),#3373);
#3377=DIRECTION('',(0.E0,0.E0,1.E0));
#3378=VECTOR('',#3377,2.000000000009E-1);
#3379=CARTESIAN_POINT('',(-1.025000000001E0,0.E0,-1.5E0));
#3380=LINE('',#3379,#3378);
#3381=CURVE_STYLE('',#34,POSITIVE_LENGTH_MEASURE(2.E-2),#22);
#3382=PRESENTATION_STYLE_ASSIGNMENT((#3381));
#3383=STYLED_ITEM('',(#3382),#3380);
#3384=CARTESIAN_POINT('',(-8.250000000008E-1,0.E0,-1.299999999999E0));
#3385=DIRECTION('',(0.E0,1.E0,0.E0));
#3386=DIRECTION('',(-1.E0,0.E0,0.E0));
#3387=AXIS2_PLACEMENT_3D('',#3384,#3385,#3386);
#3389=CURVE_STYLE('',#34,POSITIVE_LENGTH_MEASURE(2.E-2),#22);
#3390=PRESENTATION_STYLE_ASSIGNMENT((#3389));
#3391=STYLED_ITEM('',(#3390),#3388);
#3392=DIRECTION('',(0.E0,0.E0,-1.E0));
#3393=VECTOR('',#3392,2.000000000009E-1);
#3394=CARTESIAN_POINT('',(-6.250000000008E-1,0.E0,-1.299999999999E0));
#3395=LINE('',#3394,#3393);
#3396=CURVE_STYLE('',#34,POSITIVE_LENGTH_MEASURE(2.E-2),#22);
#3397=PRESENTATION_STYLE_ASSIGNMENT((#3396));
#3398=STYLED_ITEM('',(#3397),#3395);
#3399=DIRECTION('',(0.E0,1.E0,0.E0));
#3400=VECTOR('',#3399,1.E-1);
#3401=CARTESIAN_POINT('',(-6.250000000008E-1,0.E0,-1.5E0));
#3402=LINE('',#3401,#3400);
#3403=CURVE_STYLE('',#34,POSITIVE_LENGTH_MEASURE(2.E-2),#22);
#3404=PRESENTATION_STYLE_ASSIGNMENT((#3403));
#3405=STYLED_ITEM('',(#3404),#3402);
#3406=DIRECTION('',(0.E0,1.E0,0.E0));
#3407=VECTOR('',#3406,1.E-1);
#3408=CARTESIAN_POINT('',(-6.250000000008E-1,0.E0,-1.299999999999E0));
#3409=LINE('',#3408,#3407);
#3410=CURVE_STYLE('',#34,POSITIVE_LENGTH_MEASURE(2.E-2),#22);
#3411=PRESENTATION_STYLE_ASSIGNMENT((#3410));
#3412=STYLED_ITEM('',(#3411),#3409);
#3413=DIRECTION('',(0.E0,1.E0,0.E0));
#3414=VECTOR('',#3413,1.E-1);
#3415=CARTESIAN_POINT('',(-1.025000000001E0,0.E0,-1.299999999999E0));
#3416=LINE('',#3415,#3414);
#3417=CURVE_STYLE('',#34,POSITIVE_LENGTH_MEASURE(2.E-2),#22);
#3418=PRESENTATION_STYLE_ASSIGNMENT((#3417));
#3419=STYLED_ITEM('',(#3418),#3416);
#3420=DIRECTION('',(0.E0,1.E0,0.E0));
#3421=VECTOR('',#3420,1.E-1);
#3422=CARTESIAN_POINT('',(-1.025000000001E0,0.E0,-1.5E0));
#3423=LINE('',#3422,#3421);
#3424=CURVE_STYLE('',#34,POSITIVE_LENGTH_MEASURE(2.E-2),#22);
#3425=PRESENTATION_STYLE_ASSIGNMENT((#3424));
#3426=STYLED_ITEM('',(#3425),#3423);
#3427=DIRECTION('',(1.E0,0.E0,0.E0));
#3428=VECTOR('',#3427,4.E-1);
#3429=CARTESIAN_POINT('',(-1.025000000001E0,1.E-1,-1.5E0));
#3430=LINE('',#3429,#3428);
#3431=CURVE_STYLE('',#34,POSITIVE_LENGTH_MEASURE(2.E-2),#22);
#3432=PRESENTATION_STYLE_ASSIGNMENT((#3431));
#3433=STYLED_ITEM('',(#3432),#3430);
#3434=DIRECTION('',(0.E0,0.E0,-1.E0));
#3435=VECTOR('',#3434,2.000000000009E-1);
#3436=CARTESIAN_POINT('',(-6.250000000008E-1,1.E-1,-1.299999999999E0));
#3437=LINE('',#3436,#3435);
#3438=CURVE_STYLE('',#34,POSITIVE_LENGTH_MEASURE(2.E-2),#22);
#3439=PRESENTATION_STYLE_ASSIGNMENT((#3438));
#3440=STYLED_ITEM('',(#3439),#3437);
#3441=CARTESIAN_POINT('',(-8.250000000008E-1,1.E-1,-1.299999999999E0));
#3442=DIRECTION('',(0.E0,1.E0,0.E0));
#3443=DIRECTION('',(-1.E0,0.E0,0.E0));
#3444=AXIS2_PLACEMENT_3D('',#3441,#3442,#3443);
#3446=CURVE_STYLE('',#34,POSITIVE_LENGTH_MEASURE(2.E-2),#22);
#3447=PRESENTATION_STYLE_ASSIGNMENT((#3446));
#3448=STYLED_ITEM('',(#3447),#3445);
#3449=DIRECTION('',(0.E0,0.E0,1.E0));
#3450=VECTOR('',#3449,2.000000000009E-1);
#3451=CARTESIAN_POINT('',(-1.025000000001E0,1.E-1,-1.5E0));
#3452=LINE('',#3451,#3450);
#3453=CURVE_STYLE('',#34,POSITIVE_LENGTH_MEASURE(2.E-2),#22);
#3454=PRESENTATION_STYLE_ASSIGNMENT((#3453));
#3455=STYLED_ITEM('',(#3454),#3452);
#3456=CARTESIAN_POINT('',(-1.025000000001E0,0.E0,-1.299999999999E0));
#3457=CARTESIAN_POINT('',(-6.250000000008E-1,0.E0,-1.299999999999E0));
#3458=VERTEX_POINT('',#3456);
#3459=VERTEX_POINT('',#3457);
#3460=CARTESIAN_POINT('',(-1.025000000001E0,1.E-1,-1.299999999999E0));
#3461=CARTESIAN_POINT('',(-6.250000000008E-1,1.E-1,-1.299999999999E0));
#3462=VERTEX_POINT('',#3460);
#3463=VERTEX_POINT('',#3461);
#3464=CARTESIAN_POINT('',(-1.025000000001E0,0.E0,-1.5E0));
#3465=CARTESIAN_POINT('',(-6.250000000008E-1,0.E0,-1.5E0));
#3466=VERTEX_POINT('',#3464);
#3467=VERTEX_POINT('',#3465);
#3468=CARTESIAN_POINT('',(-1.025000000001E0,1.E-1,-1.5E0));
#3469=CARTESIAN_POINT('',(-6.250000000008E-1,1.E-1,-1.5E0));
#3470=VERTEX_POINT('',#3468);
#3471=VERTEX_POINT('',#3469);
#3472=CARTESIAN_POINT('',(0.E0,0.E0,0.E0));
#3473=DIRECTION('',(0.E0,1.E0,0.E0));
#3474=DIRECTION('',(1.E0,0.E0,0.E0));
#3475=AXIS2_PLACEMENT_3D('',#3472,#3473,#3474);
#3476=PLANE('',#3475);
#3478=ORIENTED_EDGE('',*,*,#3477,.F.);
#3480=ORIENTED_EDGE('',*,*,#3479,.T.);
#3482=ORIENTED_EDGE('',*,*,#3481,.T.);
#3484=ORIENTED_EDGE('',*,*,#3483,.T.);
#3485=EDGE_LOOP('',(#3478,#3480,#3482,#3484));
#3486=FACE_OUTER_BOUND('',#3485,.F.);
#3487=ADVANCED_FACE('',(#3486),#3476,.F.);
#3488=CARTESIAN_POINT('',(-1.25E0,0.E0,-1.5E0));
#3489=DIRECTION('',(0.E0,0.E0,1.E0));
#3490=DIRECTION('',(1.E0,0.E0,0.E0));
#3491=AXIS2_PLACEMENT_3D('',#3488,#3489,#3490);
#3492=PLANE('',#3491);
#3493=ORIENTED_EDGE('',*,*,#3477,.T.);
#3495=ORIENTED_EDGE('',*,*,#3494,.T.);
#3497=ORIENTED_EDGE('',*,*,#3496,.F.);
#3499=ORIENTED_EDGE('',*,*,#3498,.F.);
#3500=EDGE_LOOP('',(#3493,#3495,#3497,#3499));
#3501=FACE_OUTER_BOUND('',#3500,.F.);
#3502=ADVANCED_FACE('',(#3501),#3492,.F.);
#3503=FILL_AREA_STYLE_COLOUR('',#20);
#3504=FILL_AREA_STYLE('',(#3503));
#3505=SURFACE_STYLE_FILL_AREA(#3504);
#3506=SURFACE_SIDE_STYLE('',(#3505));
#3507=SURFACE_STYLE_USAGE(.POSITIVE.,#3506);
#3508=PRESENTATION_STYLE_ASSIGNMENT((#3507));
#3509=OVER_RIDING_STYLED_ITEM('',(#3508),#3502,#3369);
#3510=CARTESIAN_POINT('',(-6.250000000008E-1,0.E0,-1.299999999999E0));
#3511=DIRECTION('',(1.E0,0.E0,0.E0));
#3512=DIRECTION('',(0.E0,0.E0,-1.E0));
#3513=AXIS2_PLACEMENT_3D('',#3510,#3511,#3512);
#3514=PLANE('',#3513);
#3515=ORIENTED_EDGE('',*,*,#3494,.F.);
#3516=ORIENTED_EDGE('',*,*,#3483,.F.);
#3518=ORIENTED_EDGE('',*,*,#3517,.T.);
#3520=ORIENTED_EDGE('',*,*,#3519,.T.);
#3521=EDGE_LOOP('',(#3515,#3516,#3518,#3520));
#3522=FACE_OUTER_BOUND('',#3521,.F.);
#3523=ADVANCED_FACE('',(#3522),#3514,.T.);
#3524=CARTESIAN_POINT('',(-8.250000000008E-1,0.E0,-1.299999999999E0));
#3525=DIRECTION('',(0.E0,1.E0,0.E0));
#3526=DIRECTION('',(1.E0,0.E0,0.E0));
#3527=AXIS2_PLACEMENT_3D('',#3524,#3525,#3526);
#3528=CYLINDRICAL_SURFACE('',#3527,2.E-1);
#3529=ORIENTED_EDGE('',*,*,#3481,.F.);
#3531=ORIENTED_EDGE('',*,*,#3530,.T.);
#3533=ORIENTED_EDGE('',*,*,#3532,.T.);
#3534=ORIENTED_EDGE('',*,*,#3517,.F.);
#3535=EDGE_LOOP('',(#3529,#3531,#3533,#3534));
#3536=FACE_OUTER_BOUND('',#3535,.F.);
#3537=ADVANCED_FACE('',(#3536),#3528,.T.);
#3538=CARTESIAN_POINT('',(-1.025000000001E0,0.E0,-1.529999999992E0));
#3539=DIRECTION('',(-1.E0,0.E0,0.E0));
#3540=DIRECTION('',(0.E0,0.E0,1.E0));
#3541=AXIS2_PLACEMENT_3D('',#3538,#3539,#3540);
#3542=PLANE('',#3541);
#3543=ORIENTED_EDGE('',*,*,#3498,.T.);
#3545=ORIENTED_EDGE('',*,*,#3544,.T.);
#3546=ORIENTED_EDGE('',*,*,#3530,.F.);
#3547=ORIENTED_EDGE('',*,*,#3479,.F.);
#3548=EDGE_LOOP('',(#3543,#3545,#3546,#3547));
#3549=FACE_OUTER_BOUND('',#3548,.F.);
#3550=ADVANCED_FACE('',(#3549),#3542,.T.);
#3551=CARTESIAN_POINT('',(0.E0,1.E-1,0.E0));
#3552=DIRECTION('',(0.E0,1.E0,0.E0));
#3553=DIRECTION('',(1.E0,0.E0,0.E0));
#3554=AXIS2_PLACEMENT_3D('',#3551,#3552,#3553);
#3555=PLANE('',#3554);
#3556=ORIENTED_EDGE('',*,*,#3496,.T.);
#3557=ORIENTED_EDGE('',*,*,#3519,.F.);
#3558=ORIENTED_EDGE('',*,*,#3532,.F.);
#3559=ORIENTED_EDGE('',*,*,#3544,.F.);
#3560=EDGE_LOOP('',(#3556,#3557,#3558,#3559));
#3561=FACE_OUTER_BOUND('',#3560,.F.);
#3562=ADVANCED_FACE('',(#3561),#3555,.T.);
#3563=CLOSED_SHELL('',(#3487,#3502,#3523,#3537,#3550,#3562));
#3564=MANIFOLD_SOLID_BREP('',#3563);
#3565=FILL_AREA_STYLE_COLOUR('',#22);
#3566=FILL_AREA_STYLE('',(#3565));
#3567=SURFACE_STYLE_FILL_AREA(#3566);
#3568=SURFACE_SIDE_STYLE('',(#3567));
#3569=SURFACE_STYLE_USAGE(.POSITIVE.,#3568);
#3570=PRESENTATION_STYLE_ASSIGNMENT((#3569));
#3369=STYLED_ITEM('',(#3570),#3564);
#3572=DIMENSIONAL_EXPONENTS(0.E0,0.E0,0.E0,0.E0,0.E0,0.E0,0.E0);
#3574=PLANE_ANGLE_MEASURE_WITH_UNIT(PLANE_ANGLE_MEASURE(1.745329251994E-2),
#3573);
#3575=(CONVERSION_BASED_UNIT('DEGREE',#3574)NAMED_UNIT(*)PLANE_ANGLE_UNIT());
#3577=UNCERTAINTY_MEASURE_WITH_UNIT(LENGTH_MEASURE(4.322488310903E-4),#3571,
'closure',
'Maximum model space distance between geometric entities at asserted connectivities');
#3578=(GEOMETRIC_REPRESENTATION_CONTEXT(3)GLOBAL_UNCERTAINTY_ASSIGNED_CONTEXT((
#3577))GLOBAL_UNIT_ASSIGNED_CONTEXT((#3571,#3575,#3576))REPRESENTATION_CONTEXT(
'ID1','3'));
#3579=CARTESIAN_POINT('',(0.E0,0.E0,0.E0));
#3580=DIRECTION('',(0.E0,0.E0,1.E0));
#3581=DIRECTION('',(1.E0,0.E0,0.E0));
#3584=APPLICATION_CONTEXT(
'CONFIGURATION CONTROLLED 3D DESIGNS OF MECHANICAL PARTS AND ASSEMBLIES');
#3585=APPLICATION_PROTOCOL_DEFINITION('international standard',
'config_control_design',1994,#3584);
#3586=DESIGN_CONTEXT('',#3584,'design');
#3587=MECHANICAL_CONTEXT('',#3584,'mechanical');
#3588=PRODUCT('FRAME','FRAME','NOT SPECIFIED',(#3587));
#3589=PRODUCT_DEFINITION_FORMATION_WITH_SPECIFIED_SOURCE('2','LAST_VERSION',
#3588,.MADE.);
#3598=CARTESIAN_POINT('',(0.E0,0.E0,0.E0));
#3599=DIRECTION('',(0.E0,-1.E0,0.E0));
#3600=DIRECTION('',(1.E0,0.E0,0.E0));
#3601=AXIS2_PLACEMENT_3D('',#3598,#3599,#3600);
#3602=ITEM_DEFINED_TRANSFORMATION('','',#3582,#3601);
#3603=(REPRESENTATION_RELATIONSHIP('','',#3583,#3595)REPRESENTATION_RELATIONSHIP_WITH_TRANSFORMATION(#3602)SHAPE_REPRESENTATION_RELATIONSHIP());
#3604=CONTEXT_DEPENDENT_SHAPE_REPRESENTATION(#3603,#3597);
#3606=DIRECTION('',(1.E0,0.E0,0.E0));
#3607=VECTOR('',#3606,3.999999999992E-1);
#3608=CARTESIAN_POINT('',(-1.25E0,0.E0,-5.849999999991E-1));
#3609=LINE('',#3608,#3607);
#3610=CURVE_STYLE('',#34,POSITIVE_LENGTH_MEASURE(2.E-2),#3);
#3611=PRESENTATION_STYLE_ASSIGNMENT((#3610));
#3612=STYLED_ITEM('',(#3611),#3609);
#3613=DIRECTION('',(0.E0,0.E0,1.E0));
#3614=VECTOR('',#3613,2.5E-1);
#3615=CARTESIAN_POINT('',(-1.25E0,0.E0,-5.849999999991E-1));
#3616=LINE('',#3615,#3614);
#3617=CURVE_STYLE('',#34,POSITIVE_LENGTH_MEASURE(2.E-2),#3);
#3618=PRESENTATION_STYLE_ASSIGNMENT((#3617));
#3619=STYLED_ITEM('',(#3618),#3616);
#3620=DIRECTION('',(1.E0,0.E0,0.E0));
#3621=VECTOR('',#3620,2.749999999991E-1);
#3622=CARTESIAN_POINT('',(-1.25E0,0.E0,-3.349999999991E-1));
#3623=LINE('',#3622,#3621);
#3624=CURVE_STYLE('',#34,POSITIVE_LENGTH_MEASURE(2.E-2),#3);
#3625=PRESENTATION_STYLE_ASSIGNMENT((#3624));
#3626=STYLED_ITEM('',(#3625),#3623);
#3627=CARTESIAN_POINT('',(-9.750000000008E-1,0.E0,-2.099999999991E-1));
#3628=DIRECTION('',(0.E0,1.E0,0.E0));
#3629=DIRECTION('',(0.E0,0.E0,1.E0));
#3630=AXIS2_PLACEMENT_3D('',#3627,#3628,#3629);
#3632=CURVE_STYLE('',#34,POSITIVE_LENGTH_MEASURE(2.E-2),#3);
#3633=PRESENTATION_STYLE_ASSIGNMENT((#3632));
#3634=STYLED_ITEM('',(#3633),#3631);
#3635=DIRECTION('',(1.E0,0.E0,0.E0));
#3636=VECTOR('',#3635,2.749999999991E-1);
#3637=CARTESIAN_POINT('',(-1.25E0,0.E0,-8.499999999914E-2));
#3638=LINE('',#3637,#3636);
#3639=CURVE_STYLE('',#34,POSITIVE_LENGTH_MEASURE(2.E-2),#3);
#3640=PRESENTATION_STYLE_ASSIGNMENT((#3639));
#3641=STYLED_ITEM('',(#3640),#3638);
#3642=DIRECTION('',(0.E0,0.E0,1.E0));
#3643=VECTOR('',#3642,2.5E-1);
#3644=CARTESIAN_POINT('',(-1.25E0,0.E0,-8.499999999914E-2));
#3645=LINE('',#3644,#3643);
#3646=CURVE_STYLE('',#34,POSITIVE_LENGTH_MEASURE(2.E-2),#3);
#3647=PRESENTATION_STYLE_ASSIGNMENT((#3646));
#3648=STYLED_ITEM('',(#3647),#3645);
#3649=DIRECTION('',(1.E0,0.E0,0.E0));
#3650=VECTOR('',#3649,2.749999999991E-1);
#3651=CARTESIAN_POINT('',(-1.25E0,0.E0,1.650000000009E-1));
#3652=LINE('',#3651,#3650);
#3653=CURVE_STYLE('',#34,POSITIVE_LENGTH_MEASURE(2.E-2),#3);
#3654=PRESENTATION_STYLE_ASSIGNMENT((#3653));
#3655=STYLED_ITEM('',(#3654),#3652);
#3656=CARTESIAN_POINT('',(-9.750000000008E-1,0.E0,2.900000000009E-1));
#3657=DIRECTION('',(0.E0,1.E0,0.E0));
#3658=DIRECTION('',(0.E0,0.E0,1.E0));
#3659=AXIS2_PLACEMENT_3D('',#3656,#3657,#3658);
#3661=CURVE_STYLE('',#34,POSITIVE_LENGTH_MEASURE(2.E-2),#3);
#3662=PRESENTATION_STYLE_ASSIGNMENT((#3661));
#3663=STYLED_ITEM('',(#3662),#3660);
#3664=DIRECTION('',(1.E0,0.E0,0.E0));
#3665=VECTOR('',#3664,2.749999999991E-1);
#3666=CARTESIAN_POINT('',(-1.25E0,0.E0,4.150000000009E-1));
#3667=LINE('',#3666,#3665);
#3668=CURVE_STYLE('',#34,POSITIVE_LENGTH_MEASURE(2.E-2),#3);
#3669=PRESENTATION_STYLE_ASSIGNMENT((#3668));
#3670=STYLED_ITEM('',(#3669),#3667);
#3671=DIRECTION('',(0.E0,0.E0,1.E0));
#3672=VECTOR('',#3671,2.5E-1);
#3673=CARTESIAN_POINT('',(-1.25E0,0.E0,4.150000000009E-1));
#3674=LINE('',#3673,#3672);
#3675=CURVE_STYLE('',#34,POSITIVE_LENGTH_MEASURE(2.E-2),#3);
#3676=PRESENTATION_STYLE_ASSIGNMENT((#3675));
#3677=STYLED_ITEM('',(#3676),#3674);
#3678=DIRECTION('',(1.E0,0.E0,0.E0));
#3679=VECTOR('',#3678,1.999999999992E-1);
#3680=CARTESIAN_POINT('',(-1.25E0,0.E0,6.650000000009E-1));
#3681=LINE('',#3680,#3679);
#3682=CURVE_STYLE('',#34,POSITIVE_LENGTH_MEASURE(2.E-2),#3);
#3683=PRESENTATION_STYLE_ASSIGNMENT((#3682));
#3684=STYLED_ITEM('',(#3683),#3681);
#3685=CARTESIAN_POINT('',(-1.050000000001E0,0.E0,8.650000000009E-1));
#3686=DIRECTION('',(0.E0,1.E0,0.E0));
#3687=DIRECTION('',(0.E0,0.E0,1.E0));
#3688=AXIS2_PLACEMENT_3D('',#3685,#3686,#3687);
#3690=CURVE_STYLE('',#34,POSITIVE_LENGTH_MEASURE(2.E-2),#3);
#3691=PRESENTATION_STYLE_ASSIGNMENT((#3690));
#3692=STYLED_ITEM('',(#3691),#3689);
#3693=DIRECTION('',(1.E0,0.E0,0.E0));
#3694=VECTOR('',#3693,1.999999999992E-1);
#3695=CARTESIAN_POINT('',(-1.25E0,0.E0,1.065000000001E0));
#3696=LINE('',#3695,#3694);
#3697=CURVE_STYLE('',#34,POSITIVE_LENGTH_MEASURE(2.E-2),#3);
#3698=PRESENTATION_STYLE_ASSIGNMENT((#3697));
#3699=STYLED_ITEM('',(#3698),#3696);
#3700=DIRECTION('',(0.E0,0.E0,1.E0));
#3701=VECTOR('',#3700,4.349999999991E-1);
#3702=CARTESIAN_POINT('',(-1.25E0,0.E0,1.065000000001E0));
#3703=LINE('',#3702,#3701);
#3704=CURVE_STYLE('',#34,POSITIVE_LENGTH_MEASURE(2.E-2),#3);
#3705=PRESENTATION_STYLE_ASSIGNMENT((#3704));
#3706=STYLED_ITEM('',(#3705),#3703);
#3707=DIRECTION('',(1.E0,0.E0,0.E0));
#3708=VECTOR('',#3707,8.849999999992E-1);
#3709=CARTESIAN_POINT('',(-1.25E0,0.E0,1.5E0));
#3710=LINE('',#3709,#3708);
#3711=CURVE_STYLE('',#34,POSITIVE_LENGTH_MEASURE(2.E-2),#3);
#3712=PRESENTATION_STYLE_ASSIGNMENT((#3711));
#3713=STYLED_ITEM('',(#3712),#3710);
#3714=DIRECTION('',(0.E0,0.E0,-1.E0));
#3715=VECTOR('',#3714,7.999999999914E-2);
#3716=CARTESIAN_POINT('',(-3.650000000008E-1,0.E0,1.5E0));
#3717=LINE('',#3716,#3715);
#3718=CURVE_STYLE('',#34,POSITIVE_LENGTH_MEASURE(2.E-2),#3);
#3719=PRESENTATION_STYLE_ASSIGNMENT((#3718));
#3720=STYLED_ITEM('',(#3719),#3717);
#3721=DIRECTION('',(4.472135954999E-1,0.E0,8.944271909999E-1));
#3722=VECTOR('',#3721,2.236067977498E-2);
#3723=CARTESIAN_POINT('',(-3.750000000008E-1,0.E0,1.400000000001E0));
#3724=LINE('',#3723,#3722);
#3725=CURVE_STYLE('',#34,POSITIVE_LENGTH_MEASURE(2.E-2),#3);
#3726=PRESENTATION_STYLE_ASSIGNMENT((#3725));
#3727=STYLED_ITEM('',(#3726),#3724);
#3728=DIRECTION('',(0.E0,0.E0,1.E0));
#3729=VECTOR('',#3728,1.6E0);
#3730=CARTESIAN_POINT('',(-3.750000000008E-1,0.E0,-1.999999999991E-1));
#3731=LINE('',#3730,#3729);
#3732=CURVE_STYLE('',#34,POSITIVE_LENGTH_MEASURE(2.E-2),#3);
#3733=PRESENTATION_STYLE_ASSIGNMENT((#3732));
#3734=STYLED_ITEM('',(#3733),#3731);
#3735=DIRECTION('',(-1.E0,0.E0,0.E0));
#3736=VECTOR('',#3735,2.5E-1);
#3737=CARTESIAN_POINT('',(-1.250000000008E-1,0.E0,-1.999999999991E-1));
#3738=LINE('',#3737,#3736);
#3739=CURVE_STYLE('',#34,POSITIVE_LENGTH_MEASURE(2.E-2),#3);
#3740=PRESENTATION_STYLE_ASSIGNMENT((#3739));
#3741=STYLED_ITEM('',(#3740),#3738);
#3742=DIRECTION('',(0.E0,0.E0,-1.E0));
#3743=VECTOR('',#3742,1.6E0);
#3744=CARTESIAN_POINT('',(-1.250000000008E-1,0.E0,1.400000000001E0));
#3745=LINE('',#3744,#3743);
#3746=CURVE_STYLE('',#34,POSITIVE_LENGTH_MEASURE(2.E-2),#3);
#3747=PRESENTATION_STYLE_ASSIGNMENT((#3746));
#3748=STYLED_ITEM('',(#3747),#3745);
#3749=DIRECTION('',(4.472135954999E-1,0.E0,-8.944271909999E-1));
#3750=VECTOR('',#3749,2.236067977498E-2);
#3751=CARTESIAN_POINT('',(-1.350000000008E-1,0.E0,1.420000000001E0));
#3752=LINE('',#3751,#3750);
#3753=CURVE_STYLE('',#34,POSITIVE_LENGTH_MEASURE(2.E-2),#3);
#3754=PRESENTATION_STYLE_ASSIGNMENT((#3753));
#3755=STYLED_ITEM('',(#3754),#3752);
#3756=DIRECTION('',(0.E0,0.E0,-1.E0));
#3757=VECTOR('',#3756,7.999999999914E-2);
#3758=CARTESIAN_POINT('',(-1.350000000008E-1,0.E0,1.5E0));
#3759=LINE('',#3758,#3757);
#3760=CURVE_STYLE('',#34,POSITIVE_LENGTH_MEASURE(2.E-2),#3);
#3761=PRESENTATION_STYLE_ASSIGNMENT((#3760));
#3762=STYLED_ITEM('',(#3761),#3759);
#3763=DIRECTION('',(1.E0,0.E0,0.E0));
#3764=VECTOR('',#3763,2.7E-1);
#3765=CARTESIAN_POINT('',(-1.350000000008E-1,0.E0,1.5E0));
#3766=LINE('',#3765,#3764);
#3767=CURVE_STYLE('',#34,POSITIVE_LENGTH_MEASURE(2.E-2),#3);
#3768=PRESENTATION_STYLE_ASSIGNMENT((#3767));
#3769=STYLED_ITEM('',(#3768),#3766);
#3770=DIRECTION('',(0.E0,0.E0,-1.E0));
#3771=VECTOR('',#3770,7.999999999914E-2);
#3772=CARTESIAN_POINT('',(1.349999999992E-1,0.E0,1.5E0));
#3773=LINE('',#3772,#3771);
#3774=CURVE_STYLE('',#34,POSITIVE_LENGTH_MEASURE(2.E-2),#3);
#3775=PRESENTATION_STYLE_ASSIGNMENT((#3774));
#3776=STYLED_ITEM('',(#3775),#3773);
#3777=DIRECTION('',(4.472135954999E-1,0.E0,8.944271909999E-1));
#3778=VECTOR('',#3777,2.236067977498E-2);
#3779=CARTESIAN_POINT('',(1.249999999992E-1,0.E0,1.400000000001E0));
#3780=LINE('',#3779,#3778);
#3781=CURVE_STYLE('',#34,POSITIVE_LENGTH_MEASURE(2.E-2),#3);
#3782=PRESENTATION_STYLE_ASSIGNMENT((#3781));
#3783=STYLED_ITEM('',(#3782),#3780);
#3784=DIRECTION('',(0.E0,0.E0,1.E0));
#3785=VECTOR('',#3784,1.6E0);
#3786=CARTESIAN_POINT('',(1.249999999992E-1,0.E0,-1.999999999991E-1));
#3787=LINE('',#3786,#3785);
#3788=CURVE_STYLE('',#34,POSITIVE_LENGTH_MEASURE(2.E-2),#3);
#3789=PRESENTATION_STYLE_ASSIGNMENT((#3788));
#3790=STYLED_ITEM('',(#3789),#3787);
#3791=DIRECTION('',(-1.E0,0.E0,0.E0));
#3792=VECTOR('',#3791,2.5E-1);
#3793=CARTESIAN_POINT('',(3.749999999992E-1,0.E0,-1.999999999991E-1));
#3794=LINE('',#3793,#3792);
#3795=CURVE_STYLE('',#34,POSITIVE_LENGTH_MEASURE(2.E-2),#3);
#3796=PRESENTATION_STYLE_ASSIGNMENT((#3795));
#3797=STYLED_ITEM('',(#3796),#3794);
#3798=DIRECTION('',(0.E0,0.E0,-1.E0));
#3799=VECTOR('',#3798,1.6E0);
#3800=CARTESIAN_POINT('',(3.749999999992E-1,0.E0,1.400000000001E0));
#3801=LINE('',#3800,#3799);
#3802=CURVE_STYLE('',#34,POSITIVE_LENGTH_MEASURE(2.E-2),#3);
#3803=PRESENTATION_STYLE_ASSIGNMENT((#3802));
#3804=STYLED_ITEM('',(#3803),#3801);
#3805=DIRECTION('',(4.472135955016E-1,0.E0,-8.944271909991E-1));
#3806=VECTOR('',#3805,2.236067977500E-2);
#3807=CARTESIAN_POINT('',(3.649999999992E-1,0.E0,1.420000000001E0));
#3808=LINE('',#3807,#3806);
#3809=CURVE_STYLE('',#34,POSITIVE_LENGTH_MEASURE(2.E-2),#3);
#3810=PRESENTATION_STYLE_ASSIGNMENT((#3809));
#3811=STYLED_ITEM('',(#3810),#3808);
#3812=DIRECTION('',(0.E0,0.E0,-1.E0));
#3813=VECTOR('',#3812,7.999999999914E-2);
#3814=CARTESIAN_POINT('',(3.649999999992E-1,0.E0,1.5E0));
#3815=LINE('',#3814,#3813);
#3816=CURVE_STYLE('',#34,POSITIVE_LENGTH_MEASURE(2.E-2),#3);
#3817=PRESENTATION_STYLE_ASSIGNMENT((#3816));
#3818=STYLED_ITEM('',(#3817),#3815);
#3819=DIRECTION('',(1.E0,0.E0,0.E0));
#3820=VECTOR('',#3819,8.850000000008E-1);
#3821=CARTESIAN_POINT('',(3.649999999992E-1,0.E0,1.5E0));
#3822=LINE('',#3821,#3820);
#3823=CURVE_STYLE('',#34,POSITIVE_LENGTH_MEASURE(2.E-2),#3);
#3824=PRESENTATION_STYLE_ASSIGNMENT((#3823));
#3825=STYLED_ITEM('',(#3824),#3822);
#3826=DIRECTION('',(0.E0,0.E0,-1.E0));
#3827=VECTOR('',#3826,4.349999999991E-1);
#3828=CARTESIAN_POINT('',(1.25E0,0.E0,1.5E0));
#3829=LINE('',#3828,#3827);
#3830=CURVE_STYLE('',#34,POSITIVE_LENGTH_MEASURE(2.E-2),#3);
#3831=PRESENTATION_STYLE_ASSIGNMENT((#3830));
#3832=STYLED_ITEM('',(#3831),#3829);
#3833=DIRECTION('',(-1.E0,0.E0,0.E0));
#3834=VECTOR('',#3833,2.000000000008E-1);
#3835=CARTESIAN_POINT('',(1.25E0,0.E0,1.065000000001E0));
#3836=LINE('',#3835,#3834);
#3837=CURVE_STYLE('',#34,POSITIVE_LENGTH_MEASURE(2.E-2),#3);
#3838=PRESENTATION_STYLE_ASSIGNMENT((#3837));
#3839=STYLED_ITEM('',(#3838),#3836);
#3840=CARTESIAN_POINT('',(1.049999999999E0,0.E0,8.650000000009E-1));
#3841=DIRECTION('',(0.E0,1.E0,0.E0));
#3842=DIRECTION('',(0.E0,0.E0,-1.E0));
#3843=AXIS2_PLACEMENT_3D('',#3840,#3841,#3842);
#3845=CURVE_STYLE('',#34,POSITIVE_LENGTH_MEASURE(2.E-2),#3);
#3846=PRESENTATION_STYLE_ASSIGNMENT((#3845));
#3847=STYLED_ITEM('',(#3846),#3844);
#3848=DIRECTION('',(-1.E0,0.E0,0.E0));
#3849=VECTOR('',#3848,2.000000000008E-1);
#3850=CARTESIAN_POINT('',(1.25E0,0.E0,6.650000000009E-1));
#3851=LINE('',#3850,#3849);
#3852=CURVE_STYLE('',#34,POSITIVE_LENGTH_MEASURE(2.E-2),#3);
#3853=PRESENTATION_STYLE_ASSIGNMENT((#3852));
#3854=STYLED_ITEM('',(#3853),#3851);
#3855=DIRECTION('',(0.E0,0.E0,-1.E0));
#3856=VECTOR('',#3855,2.5E-1);
#3857=CARTESIAN_POINT('',(1.25E0,0.E0,6.650000000009E-1));
#3858=LINE('',#3857,#3856);
#3859=CURVE_STYLE('',#34,POSITIVE_LENGTH_MEASURE(2.E-2),#3);
#3860=PRESENTATION_STYLE_ASSIGNMENT((#3859));
#3861=STYLED_ITEM('',(#3860),#3858);
#3862=DIRECTION('',(-1.E0,0.E0,0.E0));
#3863=VECTOR('',#3862,2.750000000008E-1);
#3864=CARTESIAN_POINT('',(1.25E0,0.E0,4.150000000009E-1));
#3865=LINE('',#3864,#3863);
#3866=CURVE_STYLE('',#34,POSITIVE_LENGTH_MEASURE(2.E-2),#3);
#3867=PRESENTATION_STYLE_ASSIGNMENT((#3866));
#3868=STYLED_ITEM('',(#3867),#3865);
#3869=CARTESIAN_POINT('',(9.749999999992E-1,0.E0,2.900000000009E-1));
#3870=DIRECTION('',(0.E0,1.E0,0.E0));
#3871=DIRECTION('',(0.E0,0.E0,-1.E0));
#3872=AXIS2_PLACEMENT_3D('',#3869,#3870,#3871);
#3874=CURVE_STYLE('',#34,POSITIVE_LENGTH_MEASURE(2.E-2),#3);
#3875=PRESENTATION_STYLE_ASSIGNMENT((#3874));
#3876=STYLED_ITEM('',(#3875),#3873);
#3877=DIRECTION('',(-1.E0,0.E0,0.E0));
#3878=VECTOR('',#3877,2.750000000008E-1);
#3879=CARTESIAN_POINT('',(1.25E0,0.E0,1.650000000009E-1));
#3880=LINE('',#3879,#3878);
#3881=CURVE_STYLE('',#34,POSITIVE_LENGTH_MEASURE(2.E-2),#3);
#3882=PRESENTATION_STYLE_ASSIGNMENT((#3881));
#3883=STYLED_ITEM('',(#3882),#3880);
#3884=DIRECTION('',(0.E0,0.E0,-1.E0));
#3885=VECTOR('',#3884,2.5E-1);
#3886=CARTESIAN_POINT('',(1.25E0,0.E0,1.650000000009E-1));
#3887=LINE('',#3886,#3885);
#3888=CURVE_STYLE('',#34,POSITIVE_LENGTH_MEASURE(2.E-2),#3);
#3889=PRESENTATION_STYLE_ASSIGNMENT((#3888));
#3890=STYLED_ITEM('',(#3889),#3887);
#3891=DIRECTION('',(-1.E0,0.E0,0.E0));
#3892=VECTOR('',#3891,2.750000000008E-1);
#3893=CARTESIAN_POINT('',(1.25E0,0.E0,-8.499999999914E-2));
#3894=LINE('',#3893,#3892);
#3895=CURVE_STYLE('',#34,POSITIVE_LENGTH_MEASURE(2.E-2),#3);
#3896=PRESENTATION_STYLE_ASSIGNMENT((#3895));
#3897=STYLED_ITEM('',(#3896),#3894);
#3898=CARTESIAN_POINT('',(9.749999999992E-1,0.E0,-2.099999999991E-1));
#3899=DIRECTION('',(0.E0,1.E0,0.E0));
#3900=DIRECTION('',(0.E0,0.E0,-1.E0));
#3901=AXIS2_PLACEMENT_3D('',#3898,#3899,#3900);
#3903=CURVE_STYLE('',#34,POSITIVE_LENGTH_MEASURE(2.E-2),#3);
#3904=PRESENTATION_STYLE_ASSIGNMENT((#3903));
#3905=STYLED_ITEM('',(#3904),#3902);
#3906=DIRECTION('',(-1.E0,0.E0,0.E0));
#3907=VECTOR('',#3906,2.750000000008E-1);
#3908=CARTESIAN_POINT('',(1.25E0,0.E0,-3.349999999991E-1));
#3909=LINE('',#3908,#3907);
#3910=CURVE_STYLE('',#34,POSITIVE_LENGTH_MEASURE(2.E-2),#3);
#3911=PRESENTATION_STYLE_ASSIGNMENT((#3910));
#3912=STYLED_ITEM('',(#3911),#3909);
#3913=DIRECTION('',(0.E0,0.E0,-1.E0));
#3914=VECTOR('',#3913,2.5E-1);
#3915=CARTESIAN_POINT('',(1.25E0,0.E0,-3.349999999991E-1));
#3916=LINE('',#3915,#3914);
#3917=CURVE_STYLE('',#34,POSITIVE_LENGTH_MEASURE(2.E-2),#3);
#3918=PRESENTATION_STYLE_ASSIGNMENT((#3917));
#3919=STYLED_ITEM('',(#3918),#3916);
#3920=DIRECTION('',(-1.E0,0.E0,0.E0));
#3921=VECTOR('',#3920,2.750000000008E-1);
#3922=CARTESIAN_POINT('',(1.25E0,0.E0,-5.849999999991E-1));
#3923=LINE('',#3922,#3921);
#3924=CURVE_STYLE('',#34,POSITIVE_LENGTH_MEASURE(2.E-2),#3);
#3925=PRESENTATION_STYLE_ASSIGNMENT((#3924));
#3926=STYLED_ITEM('',(#3925),#3923);
#3927=CARTESIAN_POINT('',(9.749999999992E-1,0.E0,-7.099999999991E-1));
#3928=DIRECTION('',(0.E0,1.E0,0.E0));
#3929=DIRECTION('',(1.421085471520E-14,0.E0,-1.E0));
#3930=AXIS2_PLACEMENT_3D('',#3927,#3928,#3929);
#3932=CURVE_STYLE('',#34,POSITIVE_LENGTH_MEASURE(2.E-2),#3);
#3933=PRESENTATION_STYLE_ASSIGNMENT((#3932));
#3934=STYLED_ITEM('',(#3933),#3931);
#3935=DIRECTION('',(-1.E0,0.E0,0.E0));
#3936=VECTOR('',#3935,2.750000000008E-1);
#3937=CARTESIAN_POINT('',(1.25E0,0.E0,-8.349999999991E-1));
#3938=LINE('',#3937,#3936);
#3939=CURVE_STYLE('',#34,POSITIVE_LENGTH_MEASURE(2.E-2),#3);
#3940=PRESENTATION_STYLE_ASSIGNMENT((#3939));
#3941=STYLED_ITEM('',(#3940),#3938);
#3942=DIRECTION('',(0.E0,0.E0,-1.E0));
#3943=VECTOR('',#3942,6.650000000009E-1);
#3944=CARTESIAN_POINT('',(1.25E0,0.E0,-8.349999999991E-1));
#3945=LINE('',#3944,#3943);
#3946=CURVE_STYLE('',#34,POSITIVE_LENGTH_MEASURE(2.E-2),#3);
#3947=PRESENTATION_STYLE_ASSIGNMENT((#3946));
#3948=STYLED_ITEM('',(#3947),#3945);
#3949=DIRECTION('',(-1.E0,0.E0,0.E0));
#3950=VECTOR('',#3949,2.250000000009E-1);
#3951=CARTESIAN_POINT('',(1.25E0,0.E0,-1.5E0));
#3952=LINE('',#3951,#3950);
#3953=CURVE_STYLE('',#34,POSITIVE_LENGTH_MEASURE(2.E-2),#3);
#3954=PRESENTATION_STYLE_ASSIGNMENT((#3953));
#3955=STYLED_ITEM('',(#3954),#3952);
#3956=DIRECTION('',(0.E0,0.E0,1.E0));
#3957=VECTOR('',#3956,2.000000000009E-1);
#3958=CARTESIAN_POINT('',(1.024999999999E0,0.E0,-1.5E0));
#3959=LINE('',#3958,#3957);
#3960=CURVE_STYLE('',#34,POSITIVE_LENGTH_MEASURE(2.E-2),#3);
#3961=PRESENTATION_STYLE_ASSIGNMENT((#3960));
#3962=STYLED_ITEM('',(#3961),#3959);
#3963=CARTESIAN_POINT('',(8.249999999992E-1,0.E0,-1.299999999999E0));
#3964=DIRECTION('',(0.E0,1.E0,0.E0));
#3965=DIRECTION('',(-1.E0,0.E0,0.E0));
#3966=AXIS2_PLACEMENT_3D('',#3963,#3964,#3965);
#3968=CURVE_STYLE('',#34,POSITIVE_LENGTH_MEASURE(2.E-2),#3);
#3969=PRESENTATION_STYLE_ASSIGNMENT((#3968));
#3970=STYLED_ITEM('',(#3969),#3967);
#3971=DIRECTION('',(0.E0,0.E0,1.E0));
#3972=VECTOR('',#3971,2.000000000009E-1);
#3973=CARTESIAN_POINT('',(6.249999999992E-1,0.E0,-1.5E0));
#3974=LINE('',#3973,#3972);
#3975=CURVE_STYLE('',#34,POSITIVE_LENGTH_MEASURE(2.E-2),#3);
#3976=PRESENTATION_STYLE_ASSIGNMENT((#3975));
#3977=STYLED_ITEM('',(#3976),#3974);
#3978=DIRECTION('',(-1.E0,0.E0,0.E0));
#3979=VECTOR('',#3978,2.6E-1);
#3980=CARTESIAN_POINT('',(6.249999999992E-1,0.E0,-1.5E0));
#3981=LINE('',#3980,#3979);
#3982=CURVE_STYLE('',#34,POSITIVE_LENGTH_MEASURE(2.E-2),#3);
#3983=PRESENTATION_STYLE_ASSIGNMENT((#3982));
#3984=STYLED_ITEM('',(#3983),#3981);
#3985=DIRECTION('',(0.E0,0.E0,1.E0));
#3986=VECTOR('',#3985,8.000000000094E-2);
#3987=CARTESIAN_POINT('',(3.649999999992E-1,0.E0,-1.5E0));
#3988=LINE('',#3987,#3986);
#3989=CURVE_STYLE('',#34,POSITIVE_LENGTH_MEASURE(2.E-2),#3);
#3990=PRESENTATION_STYLE_ASSIGNMENT((#3989));
#3991=STYLED_ITEM('',(#3990),#3988);
#3992=DIRECTION('',(-4.472135955016E-1,0.E0,-8.944271909991E-1));
#3993=VECTOR('',#3992,2.236067977500E-2);
#3994=CARTESIAN_POINT('',(3.749999999992E-1,0.E0,-1.399999999999E0));
#3995=LINE('',#3994,#3993);
#3996=CURVE_STYLE('',#34,POSITIVE_LENGTH_MEASURE(2.E-2),#3);
#3997=PRESENTATION_STYLE_ASSIGNMENT((#3996));
#3998=STYLED_ITEM('',(#3997),#3995);
#3999=DIRECTION('',(0.E0,0.E0,-1.E0));
#4000=VECTOR('',#3999,1.75E-1);
#4001=CARTESIAN_POINT('',(3.749999999992E-1,0.E0,-1.224999999999E0));
#4002=LINE('',#4001,#4000);
#4003=CURVE_STYLE('',#34,POSITIVE_LENGTH_MEASURE(2.E-2),#3);
#4004=PRESENTATION_STYLE_ASSIGNMENT((#4003));
#4005=STYLED_ITEM('',(#4004),#4002);
#4006=CARTESIAN_POINT('',(2.499999999992E-1,0.E0,-1.224999999999E0));
#4007=DIRECTION('',(0.E0,1.E0,0.E0));
#4008=DIRECTION('',(-1.E0,0.E0,0.E0));
#4009=AXIS2_PLACEMENT_3D('',#4006,#4007,#4008);
#4011=CURVE_STYLE('',#34,POSITIVE_LENGTH_MEASURE(2.E-2),#3);
#4012=PRESENTATION_STYLE_ASSIGNMENT((#4011));
#4013=STYLED_ITEM('',(#4012),#4010);
#4014=DIRECTION('',(0.E0,0.E0,1.E0));
#4015=VECTOR('',#4014,1.75E-1);
#4016=CARTESIAN_POINT('',(1.249999999992E-1,0.E0,-1.399999999999E0));
#4017=LINE('',#4016,#4015);
#4018=CURVE_STYLE('',#34,POSITIVE_LENGTH_MEASURE(2.E-2),#3);
#4019=PRESENTATION_STYLE_ASSIGNMENT((#4018));
#4020=STYLED_ITEM('',(#4019),#4017);
#4021=DIRECTION('',(-4.472135955E-1,0.E0,8.944271909999E-1));
#4022=VECTOR('',#4021,2.236067977498E-2);
#4023=CARTESIAN_POINT('',(1.349999999992E-1,0.E0,-1.419999999999E0));
#4024=LINE('',#4023,#4022);
#4025=CURVE_STYLE('',#34,POSITIVE_LENGTH_MEASURE(2.E-2),#3);
#4026=PRESENTATION_STYLE_ASSIGNMENT((#4025));
#4027=STYLED_ITEM('',(#4026),#4024);
#4028=DIRECTION('',(0.E0,0.E0,1.E0));
#4029=VECTOR('',#4028,8.000000000094E-2);
#4030=CARTESIAN_POINT('',(1.349999999992E-1,0.E0,-1.5E0));
#4031=LINE('',#4030,#4029);
#4032=CURVE_STYLE('',#34,POSITIVE_LENGTH_MEASURE(2.E-2),#3);
#4033=PRESENTATION_STYLE_ASSIGNMENT((#4032));
#4034=STYLED_ITEM('',(#4033),#4031);
#4035=DIRECTION('',(-1.E0,0.E0,0.E0));
#4036=VECTOR('',#4035,2.7E-1);
#4037=CARTESIAN_POINT('',(1.349999999992E-1,0.E0,-1.5E0));
#4038=LINE('',#4037,#4036);
#4039=CURVE_STYLE('',#34,POSITIVE_LENGTH_MEASURE(2.E-2),#3);
#4040=PRESENTATION_STYLE_ASSIGNMENT((#4039));
#4041=STYLED_ITEM('',(#4040),#4038);
#4042=DIRECTION('',(0.E0,0.E0,1.E0));
#4043=VECTOR('',#4042,8.000000000094E-2);
#4044=CARTESIAN_POINT('',(-1.350000000008E-1,0.E0,-1.5E0));
#4045=LINE('',#4044,#4043);
#4046=CURVE_STYLE('',#34,POSITIVE_LENGTH_MEASURE(2.E-2),#3);
#4047=PRESENTATION_STYLE_ASSIGNMENT((#4046));
#4048=STYLED_ITEM('',(#4047),#4045);
#4049=DIRECTION('',(-4.472135955E-1,0.E0,-8.944271909999E-1));
#4050=VECTOR('',#4049,2.236067977498E-2);
#4051=CARTESIAN_POINT('',(-1.250000000008E-1,0.E0,-1.399999999999E0));
#4052=LINE('',#4051,#4050);
#4053=CURVE_STYLE('',#34,POSITIVE_LENGTH_MEASURE(2.E-2),#3);
#4054=PRESENTATION_STYLE_ASSIGNMENT((#4053));
#4055=STYLED_ITEM('',(#4054),#4052);
#4056=DIRECTION('',(0.E0,0.E0,-1.E0));
#4057=VECTOR('',#4056,1.75E-1);
#4058=CARTESIAN_POINT('',(-1.250000000008E-1,0.E0,-1.224999999999E0));
#4059=LINE('',#4058,#4057);
#4060=CURVE_STYLE('',#34,POSITIVE_LENGTH_MEASURE(2.E-2),#3);
#4061=PRESENTATION_STYLE_ASSIGNMENT((#4060));
#4062=STYLED_ITEM('',(#4061),#4059);
#4063=CARTESIAN_POINT('',(-2.500000000008E-1,0.E0,-1.224999999999E0));
#4064=DIRECTION('',(0.E0,1.E0,0.E0));
#4065=DIRECTION('',(-1.E0,0.E0,0.E0));
#4066=AXIS2_PLACEMENT_3D('',#4063,#4064,#4065);
#4068=CURVE_STYLE('',#34,POSITIVE_LENGTH_MEASURE(2.E-2),#3);
#4069=PRESENTATION_STYLE_ASSIGNMENT((#4068));
#4070=STYLED_ITEM('',(#4069),#4067);
#4071=DIRECTION('',(0.E0,0.E0,1.E0));
#4072=VECTOR('',#4071,1.75E-1);
#4073=CARTESIAN_POINT('',(-3.750000000008E-1,0.E0,-1.399999999999E0));
#4074=LINE('',#4073,#4072);
#4075=CURVE_STYLE('',#34,POSITIVE_LENGTH_MEASURE(2.E-2),#3);
#4076=PRESENTATION_STYLE_ASSIGNMENT((#4075));
#4077=STYLED_ITEM('',(#4076),#4074);
#4078=DIRECTION('',(-4.472135954999E-1,0.E0,8.944271909999E-1));
#4079=VECTOR('',#4078,2.236067977498E-2);
#4080=CARTESIAN_POINT('',(-3.650000000008E-1,0.E0,-1.419999999999E0));
#4081=LINE('',#4080,#4079);
#4082=CURVE_STYLE('',#34,POSITIVE_LENGTH_MEASURE(2.E-2),#3);
#4083=PRESENTATION_STYLE_ASSIGNMENT((#4082));
#4084=STYLED_ITEM('',(#4083),#4081);
#4085=DIRECTION('',(0.E0,0.E0,1.E0));
#4086=VECTOR('',#4085,8.000000000094E-2);
#4087=CARTESIAN_POINT('',(-3.650000000008E-1,0.E0,-1.5E0));
#4088=LINE('',#4087,#4086);
#4089=CURVE_STYLE('',#34,POSITIVE_LENGTH_MEASURE(2.E-2),#3);
#4090=PRESENTATION_STYLE_ASSIGNMENT((#4089));
#4091=STYLED_ITEM('',(#4090),#4088);
#4092=DIRECTION('',(-1.E0,0.E0,0.E0));
#4093=VECTOR('',#4092,2.6E-1);
#4094=CARTESIAN_POINT('',(-3.650000000008E-1,0.E0,-1.5E0));
#4095=LINE('',#4094,#4093);
#4096=CURVE_STYLE('',#34,POSITIVE_LENGTH_MEASURE(2.E-2),#3);
#4097=PRESENTATION_STYLE_ASSIGNMENT((#4096));
#4098=STYLED_ITEM('',(#4097),#4095);
#4099=DIRECTION('',(0.E0,0.E0,1.E0));
#4100=VECTOR('',#4099,2.000000000009E-1);
#4101=CARTESIAN_POINT('',(-6.250000000008E-1,0.E0,-1.5E0));
#4102=LINE('',#4101,#4100);
#4103=CURVE_STYLE('',#34,POSITIVE_LENGTH_MEASURE(2.E-2),#3);
#4104=PRESENTATION_STYLE_ASSIGNMENT((#4103));
#4105=STYLED_ITEM('',(#4104),#4102);
#4106=CARTESIAN_POINT('',(-8.250000000008E-1,0.E0,-1.299999999999E0));
#4107=DIRECTION('',(0.E0,1.E0,0.E0));
#4108=DIRECTION('',(-1.E0,0.E0,0.E0));
#4109=AXIS2_PLACEMENT_3D('',#4106,#4107,#4108);
#4111=CURVE_STYLE('',#34,POSITIVE_LENGTH_MEASURE(2.E-2),#3);
#4112=PRESENTATION_STYLE_ASSIGNMENT((#4111));
#4113=STYLED_ITEM('',(#4112),#4110);
#4114=DIRECTION('',(0.E0,0.E0,1.E0));
#4115=VECTOR('',#4114,2.000000000009E-1);
#4116=CARTESIAN_POINT('',(-1.025000000001E0,0.E0,-1.5E0));
#4117=LINE('',#4116,#4115);
#4118=CURVE_STYLE('',#34,POSITIVE_LENGTH_MEASURE(2.E-2),#3);
#4119=PRESENTATION_STYLE_ASSIGNMENT((#4118));
#4120=STYLED_ITEM('',(#4119),#4117);
#4121=DIRECTION('',(-1.E0,0.E0,0.E0));
#4122=VECTOR('',#4121,2.249999999992E-1);
#4123=CARTESIAN_POINT('',(-1.025000000001E0,0.E0,-1.5E0));
#4124=LINE('',#4123,#4122);
#4125=CURVE_STYLE('',#34,POSITIVE_LENGTH_MEASURE(2.E-2),#3);
#4126=PRESENTATION_STYLE_ASSIGNMENT((#4125));
#4127=STYLED_ITEM('',(#4126),#4124);
#4128=DIRECTION('',(0.E0,0.E0,1.E0));
#4129=VECTOR('',#4128,6.650000000009E-1);
#4130=CARTESIAN_POINT('',(-1.25E0,0.E0,-1.5E0));
#4131=LINE('',#4130,#4129);
#4132=CURVE_STYLE('',#34,POSITIVE_LENGTH_MEASURE(2.E-2),#3);
#4133=PRESENTATION_STYLE_ASSIGNMENT((#4132));
#4134=STYLED_ITEM('',(#4133),#4131);
#4135=DIRECTION('',(1.E0,0.E0,0.E0));
#4136=VECTOR('',#4135,2.999999999991E-1);
#4137=CARTESIAN_POINT('',(-1.25E0,0.E0,-8.349999999991E-1));
#4138=LINE('',#4137,#4136);
#4139=CURVE_STYLE('',#34,POSITIVE_LENGTH_MEASURE(2.E-2),#3);
#4140=PRESENTATION_STYLE_ASSIGNMENT((#4139));
#4141=STYLED_ITEM('',(#4140),#4138);
#4142=DIRECTION('',(-7.071067811865E-1,0.E0,-7.071067811865E-1));
#4143=VECTOR('',#4142,1.414213562373E-1);
#4144=CARTESIAN_POINT('',(-8.500000000008E-1,0.E0,-7.349999999991E-1));
#4145=LINE('',#4144,#4143);
#4146=CURVE_STYLE('',#34,POSITIVE_LENGTH_MEASURE(2.E-2),#3);
#4147=PRESENTATION_STYLE_ASSIGNMENT((#4146));
#4148=STYLED_ITEM('',(#4147),#4145);
#4149=DIRECTION('',(0.E0,0.E0,-1.E0));
#4150=VECTOR('',#4149,1.5E-1);
#4151=CARTESIAN_POINT('',(-8.500000000008E-1,0.E0,-5.849999999991E-1));
#4152=LINE('',#4151,#4150);
#4153=CURVE_STYLE('',#34,POSITIVE_LENGTH_MEASURE(2.E-2),#3);
#4154=PRESENTATION_STYLE_ASSIGNMENT((#4153));
#4155=STYLED_ITEM('',(#4154),#4152);
#4156=DIRECTION('',(0.E0,1.E0,0.E0));
#4157=VECTOR('',#4156,7.5E-2);
#4158=CARTESIAN_POINT('',(-8.500000000008E-1,0.E0,-5.849999999991E-1));
#4159=LINE('',#4158,#4157);
#4160=CURVE_STYLE('',#34,POSITIVE_LENGTH_MEASURE(2.E-2),#3);
#4161=PRESENTATION_STYLE_ASSIGNMENT((#4160));
#4162=STYLED_ITEM('',(#4161),#4159);
#4163=DIRECTION('',(0.E0,1.E0,0.E0));
#4164=VECTOR('',#4163,7.5E-2);
#4165=CARTESIAN_POINT('',(-8.500000000008E-1,0.E0,-7.349999999991E-1));
#4166=LINE('',#4165,#4164);
#4167=CURVE_STYLE('',#34,POSITIVE_LENGTH_MEASURE(2.E-2),#3);
#4168=PRESENTATION_STYLE_ASSIGNMENT((#4167));
#4169=STYLED_ITEM('',(#4168),#4166);
#4170=DIRECTION('',(0.E0,1.E0,0.E0));
#4171=VECTOR('',#4170,7.5E-2);
#4172=CARTESIAN_POINT('',(-9.500000000008E-1,0.E0,-8.349999999991E-1));
#4173=LINE('',#4172,#4171);
#4174=CURVE_STYLE('',#34,POSITIVE_LENGTH_MEASURE(2.E-2),#3);
#4175=PRESENTATION_STYLE_ASSIGNMENT((#4174));
#4176=STYLED_ITEM('',(#4175),#4173);
#4177=DIRECTION('',(0.E0,0.E0,1.E0));
#4178=VECTOR('',#4177,2.5E-1);
#4179=CARTESIAN_POINT('',(-1.25E0,7.5E-2,-8.349999999991E-1));
#4180=LINE('',#4179,#4178);
#4181=CURVE_STYLE('',#34,POSITIVE_LENGTH_MEASURE(2.E-2),#3);
#4182=PRESENTATION_STYLE_ASSIGNMENT((#4181));
#4183=STYLED_ITEM('',(#4182),#4180);
#4184=DIRECTION('',(0.E0,1.E0,0.E0));
#4185=VECTOR('',#4184,7.5E-2);
#4186=CARTESIAN_POINT('',(-1.25E0,0.E0,-8.349999999991E-1));
#4187=LINE('',#4186,#4185);
#4188=CURVE_STYLE('',#34,POSITIVE_LENGTH_MEASURE(2.E-2),#3);
#4189=PRESENTATION_STYLE_ASSIGNMENT((#4188));
#4190=STYLED_ITEM('',(#4189),#4187);
#4191=DIRECTION('',(0.E0,1.E0,0.E0));
#4192=VECTOR('',#4191,9.75E-1);
#4193=CARTESIAN_POINT('',(-1.25E0,0.E0,-1.5E0));
#4194=LINE('',#4193,#4192);
#4195=CURVE_STYLE('',#34,POSITIVE_LENGTH_MEASURE(2.E-2),#3);
#4196=PRESENTATION_STYLE_ASSIGNMENT((#4195));
#4197=STYLED_ITEM('',(#4196),#4194);
#4198=DIRECTION('',(0.E0,1.E0,0.E0));
#4199=VECTOR('',#4198,7.5E-2);
#4200=CARTESIAN_POINT('',(-1.25E0,0.E0,1.065000000001E0));
#4201=LINE('',#4200,#4199);
#4202=CURVE_STYLE('',#34,POSITIVE_LENGTH_MEASURE(2.E-2),#3);
#4203=PRESENTATION_STYLE_ASSIGNMENT((#4202));
#4204=STYLED_ITEM('',(#4203),#4201);
#4205=DIRECTION('',(0.E0,0.E0,1.E0));
#4206=VECTOR('',#4205,4.E-1);
#4207=CARTESIAN_POINT('',(-1.25E0,7.5E-2,6.650000000009E-1));
#4208=LINE('',#4207,#4206);
#4209=CURVE_STYLE('',#34,POSITIVE_LENGTH_MEASURE(2.E-2),#3);
#4210=PRESENTATION_STYLE_ASSIGNMENT((#4209));
#4211=STYLED_ITEM('',(#4210),#4208);
#4212=DIRECTION('',(0.E0,1.E0,0.E0));
#4213=VECTOR('',#4212,7.5E-2);
#4214=CARTESIAN_POINT('',(-1.25E0,0.E0,6.650000000009E-1));
#4215=LINE('',#4214,#4213);
#4216=CURVE_STYLE('',#34,POSITIVE_LENGTH_MEASURE(2.E-2),#3);
#4217=PRESENTATION_STYLE_ASSIGNMENT((#4216));
#4218=STYLED_ITEM('',(#4217),#4215);
#4219=DIRECTION('',(0.E0,1.E0,0.E0));
#4220=VECTOR('',#4219,7.5E-2);
#4221=CARTESIAN_POINT('',(-1.25E0,0.E0,4.150000000009E-1));
#4222=LINE('',#4221,#4220);
#4223=CURVE_STYLE('',#34,POSITIVE_LENGTH_MEASURE(2.E-2),#3);
#4224=PRESENTATION_STYLE_ASSIGNMENT((#4223));
#4225=STYLED_ITEM('',(#4224),#4222);
#4226=DIRECTION('',(0.E0,0.E0,1.E0));
#4227=VECTOR('',#4226,2.5E-1);
#4228=CARTESIAN_POINT('',(-1.25E0,7.5E-2,1.650000000009E-1));
#4229=LINE('',#4228,#4227);
#4230=CURVE_STYLE('',#34,POSITIVE_LENGTH_MEASURE(2.E-2),#3);
#4231=PRESENTATION_STYLE_ASSIGNMENT((#4230));
#4232=STYLED_ITEM('',(#4231),#4229);
#4233=DIRECTION('',(0.E0,1.E0,0.E0));
#4234=VECTOR('',#4233,7.5E-2);
#4235=CARTESIAN_POINT('',(-1.25E0,0.E0,1.650000000009E-1));
#4236=LINE('',#4235,#4234);
#4237=CURVE_STYLE('',#34,POSITIVE_LENGTH_MEASURE(2.E-2),#3);
#4238=PRESENTATION_STYLE_ASSIGNMENT((#4237));
#4239=STYLED_ITEM('',(#4238),#4236);
#4240=DIRECTION('',(0.E0,1.E0,0.E0));
#4241=VECTOR('',#4240,7.5E-2);
#4242=CARTESIAN_POINT('',(-1.25E0,0.E0,-8.499999999914E-2));
#4243=LINE('',#4242,#4241);
#4244=CURVE_STYLE('',#34,POSITIVE_LENGTH_MEASURE(2.E-2),#3);
#4245=PRESENTATION_STYLE_ASSIGNMENT((#4244));
#4246=STYLED_ITEM('',(#4245),#4243);
#4247=DIRECTION('',(0.E0,0.E0,1.E0));
#4248=VECTOR('',#4247,2.5E-1);
#4249=CARTESIAN_POINT('',(-1.25E0,7.5E-2,-3.349999999991E-1));
#4250=LINE('',#4249,#4248);
#4251=CURVE_STYLE('',#34,POSITIVE_LENGTH_MEASURE(2.E-2),#3);
#4252=PRESENTATION_STYLE_ASSIGNMENT((#4251));
#4253=STYLED_ITEM('',(#4252),#4250);
#4254=DIRECTION('',(0.E0,1.E0,0.E0));
#4255=VECTOR('',#4254,7.5E-2);
#4256=CARTESIAN_POINT('',(-1.25E0,0.E0,-3.349999999991E-1));
#4257=LINE('',#4256,#4255);
#4258=CURVE_STYLE('',#34,POSITIVE_LENGTH_MEASURE(2.E-2),#3);
#4259=PRESENTATION_STYLE_ASSIGNMENT((#4258));
#4260=STYLED_ITEM('',(#4259),#4257);
#4261=DIRECTION('',(0.E0,1.E0,0.E0));
#4262=VECTOR('',#4261,7.5E-2);
#4263=CARTESIAN_POINT('',(-1.25E0,0.E0,-5.849999999991E-1));
#4264=LINE('',#4263,#4262);
#4265=CURVE_STYLE('',#34,POSITIVE_LENGTH_MEASURE(2.E-2),#3);
#4266=PRESENTATION_STYLE_ASSIGNMENT((#4265));
#4267=STYLED_ITEM('',(#4266),#4264);
#4268=DIRECTION('',(0.E0,0.E0,-1.E0));
#4269=VECTOR('',#4268,7.999999999914E-2);
#4270=CARTESIAN_POINT('',(-1.350000000008E-1,7.5E-2,1.5E0));
#4271=LINE('',#4270,#4269);
#4272=CURVE_STYLE('',#34,POSITIVE_LENGTH_MEASURE(2.E-2),#3);
#4273=PRESENTATION_STYLE_ASSIGNMENT((#4272));
#4274=STYLED_ITEM('',(#4273),#4271);
#4275=DIRECTION('',(4.472135954999E-1,0.E0,-8.944271909999E-1));
#4276=VECTOR('',#4275,2.236067977498E-2);
#4277=CARTESIAN_POINT('',(-1.350000000008E-1,7.5E-2,1.420000000001E0));
#4278=LINE('',#4277,#4276);
#4279=CURVE_STYLE('',#34,POSITIVE_LENGTH_MEASURE(2.E-2),#3);
#4280=PRESENTATION_STYLE_ASSIGNMENT((#4279));
#4281=STYLED_ITEM('',(#4280),#4278);
#4282=DIRECTION('',(0.E0,0.E0,-1.E0));
#4283=VECTOR('',#4282,1.6E0);
#4284=CARTESIAN_POINT('',(-1.250000000008E-1,7.5E-2,1.400000000001E0));
#4285=LINE('',#4284,#4283);
#4286=CURVE_STYLE('',#34,POSITIVE_LENGTH_MEASURE(2.E-2),#3);
#4287=PRESENTATION_STYLE_ASSIGNMENT((#4286));
#4288=STYLED_ITEM('',(#4287),#4285);
#4289=DIRECTION('',(-1.E0,0.E0,0.E0));
#4290=VECTOR('',#4289,2.5E-1);
#4291=CARTESIAN_POINT('',(-1.250000000008E-1,7.5E-2,-1.999999999991E-1));
#4292=LINE('',#4291,#4290);
#4293=CURVE_STYLE('',#34,POSITIVE_LENGTH_MEASURE(2.E-2),#3);
#4294=PRESENTATION_STYLE_ASSIGNMENT((#4293));
#4295=STYLED_ITEM('',(#4294),#4292);
#4296=DIRECTION('',(0.E0,0.E0,1.E0));
#4297=VECTOR('',#4296,1.6E0);
#4298=CARTESIAN_POINT('',(-3.750000000008E-1,7.5E-2,-1.999999999991E-1));
#4299=LINE('',#4298,#4297);
#4300=CURVE_STYLE('',#34,POSITIVE_LENGTH_MEASURE(2.E-2),#3);
#4301=PRESENTATION_STYLE_ASSIGNMENT((#4300));
#4302=STYLED_ITEM('',(#4301),#4299);
#4303=DIRECTION('',(4.472135954999E-1,0.E0,8.944271909999E-1));
#4304=VECTOR('',#4303,2.236067977498E-2);
#4305=CARTESIAN_POINT('',(-3.750000000008E-1,7.5E-2,1.400000000001E0));
#4306=LINE('',#4305,#4304);
#4307=CURVE_STYLE('',#34,POSITIVE_LENGTH_MEASURE(2.E-2),#3);
#4308=PRESENTATION_STYLE_ASSIGNMENT((#4307));
#4309=STYLED_ITEM('',(#4308),#4306);
#4310=DIRECTION('',(0.E0,0.E0,1.E0));
#4311=VECTOR('',#4310,7.999999999914E-2);
#4312=CARTESIAN_POINT('',(-3.650000000008E-1,7.5E-2,1.420000000001E0));
#4313=LINE('',#4312,#4311);
#4314=CURVE_STYLE('',#34,POSITIVE_LENGTH_MEASURE(2.E-2),#3);
#4315=PRESENTATION_STYLE_ASSIGNMENT((#4314));
#4316=STYLED_ITEM('',(#4315),#4313);
#4317=DIRECTION('',(0.E0,0.E0,-1.E0));
#4318=VECTOR('',#4317,7.999999999914E-2);
#4319=CARTESIAN_POINT('',(3.649999999992E-1,7.5E-2,1.5E0));
#4320=LINE('',#4319,#4318);
#4321=CURVE_STYLE('',#34,POSITIVE_LENGTH_MEASURE(2.E-2),#3);
#4322=PRESENTATION_STYLE_ASSIGNMENT((#4321));
#4323=STYLED_ITEM('',(#4322),#4320);
#4324=DIRECTION('',(4.472135955016E-1,0.E0,-8.944271909991E-1));
#4325=VECTOR('',#4324,2.236067977500E-2);
#4326=CARTESIAN_POINT('',(3.649999999992E-1,7.5E-2,1.420000000001E0));
#4327=LINE('',#4326,#4325);
#4328=CURVE_STYLE('',#34,POSITIVE_LENGTH_MEASURE(2.E-2),#3);
#4329=PRESENTATION_STYLE_ASSIGNMENT((#4328));
#4330=STYLED_ITEM('',(#4329),#4327);
#4331=DIRECTION('',(0.E0,0.E0,-1.E0));
#4332=VECTOR('',#4331,1.6E0);
#4333=CARTESIAN_POINT('',(3.749999999992E-1,7.5E-2,1.400000000001E0));
#4334=LINE('',#4333,#4332);
#4335=CURVE_STYLE('',#34,POSITIVE_LENGTH_MEASURE(2.E-2),#3);
#4336=PRESENTATION_STYLE_ASSIGNMENT((#4335));
#4337=STYLED_ITEM('',(#4336),#4334);
#4338=DIRECTION('',(-1.E0,0.E0,0.E0));
#4339=VECTOR('',#4338,2.5E-1);
#4340=CARTESIAN_POINT('',(3.749999999992E-1,7.5E-2,-1.999999999991E-1));
#4341=LINE('',#4340,#4339);
#4342=CURVE_STYLE('',#34,POSITIVE_LENGTH_MEASURE(2.E-2),#3);
#4343=PRESENTATION_STYLE_ASSIGNMENT((#4342));
#4344=STYLED_ITEM('',(#4343),#4341);
#4345=DIRECTION('',(0.E0,0.E0,1.E0));
#4346=VECTOR('',#4345,1.6E0);
#4347=CARTESIAN_POINT('',(1.249999999992E-1,7.5E-2,-1.999999999991E-1));
#4348=LINE('',#4347,#4346);
#4349=CURVE_STYLE('',#34,POSITIVE_LENGTH_MEASURE(2.E-2),#3);
#4350=PRESENTATION_STYLE_ASSIGNMENT((#4349));
#4351=STYLED_ITEM('',(#4350),#4348);
#4352=DIRECTION('',(4.472135954999E-1,0.E0,8.944271909999E-1));
#4353=VECTOR('',#4352,2.236067977498E-2);
#4354=CARTESIAN_POINT('',(1.249999999992E-1,7.5E-2,1.400000000001E0));
#4355=LINE('',#4354,#4353);
#4356=CURVE_STYLE('',#34,POSITIVE_LENGTH_MEASURE(2.E-2),#3);
#4357=PRESENTATION_STYLE_ASSIGNMENT((#4356));
#4358=STYLED_ITEM('',(#4357),#4355);
#4359=DIRECTION('',(0.E0,0.E0,1.E0));
#4360=VECTOR('',#4359,7.999999999914E-2);
#4361=CARTESIAN_POINT('',(1.349999999992E-1,7.5E-2,1.420000000001E0));
#4362=LINE('',#4361,#4360);
#4363=CURVE_STYLE('',#34,POSITIVE_LENGTH_MEASURE(2.E-2),#3);
#4364=PRESENTATION_STYLE_ASSIGNMENT((#4363));
#4365=STYLED_ITEM('',(#4364),#4362);
#4366=DIRECTION('',(-1.E0,0.E0,0.E0));
#4367=VECTOR('',#4366,2.000000000008E-1);
#4368=CARTESIAN_POINT('',(1.25E0,7.5E-2,6.650000000009E-1));
#4369=LINE('',#4368,#4367);
#4370=CURVE_STYLE('',#34,POSITIVE_LENGTH_MEASURE(2.E-2),#3);
#4371=PRESENTATION_STYLE_ASSIGNMENT((#4370));
#4372=STYLED_ITEM('',(#4371),#4369);
#4373=CARTESIAN_POINT('',(1.049999999999E0,7.5E-2,8.650000000009E-1));
#4374=DIRECTION('',(0.E0,1.E0,0.E0));
#4375=DIRECTION('',(0.E0,0.E0,-1.E0));
#4376=AXIS2_PLACEMENT_3D('',#4373,#4374,#4375);
#4378=CURVE_STYLE('',#34,POSITIVE_LENGTH_MEASURE(2.E-2),#3);
#4379=PRESENTATION_STYLE_ASSIGNMENT((#4378));
#4380=STYLED_ITEM('',(#4379),#4377);
#4381=DIRECTION('',(1.E0,0.E0,0.E0));
#4382=VECTOR('',#4381,2.000000000008E-1);
#4383=CARTESIAN_POINT('',(1.049999999999E0,7.5E-2,1.065000000001E0));
#4384=LINE('',#4383,#4382);
#4385=CURVE_STYLE('',#34,POSITIVE_LENGTH_MEASURE(2.E-2),#3);
#4386=PRESENTATION_STYLE_ASSIGNMENT((#4385));
#4387=STYLED_ITEM('',(#4386),#4384);
#4388=DIRECTION('',(-1.E0,0.E0,0.E0));
#4389=VECTOR('',#4388,2.750000000008E-1);
#4390=CARTESIAN_POINT('',(1.25E0,7.5E-2,1.650000000009E-1));
#4391=LINE('',#4390,#4389);
#4392=CURVE_STYLE('',#34,POSITIVE_LENGTH_MEASURE(2.E-2),#3);
#4393=PRESENTATION_STYLE_ASSIGNMENT((#4392));
#4394=STYLED_ITEM('',(#4393),#4391);
#4395=CARTESIAN_POINT('',(9.749999999992E-1,7.5E-2,2.900000000009E-1));
#4396=DIRECTION('',(0.E0,1.E0,0.E0));
#4397=DIRECTION('',(0.E0,0.E0,-1.E0));
#4398=AXIS2_PLACEMENT_3D('',#4395,#4396,#4397);
#4400=CURVE_STYLE('',#34,POSITIVE_LENGTH_MEASURE(2.E-2),#3);
#4401=PRESENTATION_STYLE_ASSIGNMENT((#4400));
#4402=STYLED_ITEM('',(#4401),#4399);
#4403=DIRECTION('',(1.E0,0.E0,0.E0));
#4404=VECTOR('',#4403,2.750000000008E-1);
#4405=CARTESIAN_POINT('',(9.749999999992E-1,7.5E-2,4.150000000009E-1));
#4406=LINE('',#4405,#4404);
#4407=CURVE_STYLE('',#34,POSITIVE_LENGTH_MEASURE(2.E-2),#3);
#4408=PRESENTATION_STYLE_ASSIGNMENT((#4407));
#4409=STYLED_ITEM('',(#4408),#4406);
#4410=DIRECTION('',(-1.E0,0.E0,0.E0));
#4411=VECTOR('',#4410,2.750000000008E-1);
#4412=CARTESIAN_POINT('',(1.25E0,7.5E-2,-3.349999999991E-1));
#4413=LINE('',#4412,#4411);
#4414=CURVE_STYLE('',#34,POSITIVE_LENGTH_MEASURE(2.E-2),#3);
#4415=PRESENTATION_STYLE_ASSIGNMENT((#4414));
#4416=STYLED_ITEM('',(#4415),#4413);
#4417=CARTESIAN_POINT('',(9.749999999992E-1,7.5E-2,-2.099999999991E-1));
#4418=DIRECTION('',(0.E0,1.E0,0.E0));
#4419=DIRECTION('',(0.E0,0.E0,-1.E0));
#4420=AXIS2_PLACEMENT_3D('',#4417,#4418,#4419);
#4422=CURVE_STYLE('',#34,POSITIVE_LENGTH_MEASURE(2.E-2),#3);
#4423=PRESENTATION_STYLE_ASSIGNMENT((#4422));
#4424=STYLED_ITEM('',(#4423),#4421);
#4425=DIRECTION('',(1.E0,0.E0,0.E0));
#4426=VECTOR('',#4425,2.750000000008E-1);
#4427=CARTESIAN_POINT('',(9.749999999992E-1,7.5E-2,-8.499999999914E-2));
#4428=LINE('',#4427,#4426);
#4429=CURVE_STYLE('',#34,POSITIVE_LENGTH_MEASURE(2.E-2),#3);
#4430=PRESENTATION_STYLE_ASSIGNMENT((#4429));
#4431=STYLED_ITEM('',(#4430),#4428);
#4432=DIRECTION('',(-1.E0,0.E0,0.E0));
#4433=VECTOR('',#4432,2.750000000008E-1);
#4434=CARTESIAN_POINT('',(1.25E0,7.5E-2,-8.349999999991E-1));
#4435=LINE('',#4434,#4433);
#4436=CURVE_STYLE('',#34,POSITIVE_LENGTH_MEASURE(2.E-2),#3);
#4437=PRESENTATION_STYLE_ASSIGNMENT((#4436));
#4438=STYLED_ITEM('',(#4437),#4435);
#4439=CARTESIAN_POINT('',(9.749999999992E-1,7.5E-2,-7.099999999991E-1));
#4440=DIRECTION('',(0.E0,1.E0,0.E0));
#4441=DIRECTION('',(1.243449787580E-14,0.E0,-1.E0));
#4442=AXIS2_PLACEMENT_3D('',#4439,#4440,#4441);
#4444=CURVE_STYLE('',#34,POSITIVE_LENGTH_MEASURE(2.E-2),#3);
#4445=PRESENTATION_STYLE_ASSIGNMENT((#4444));
#4446=STYLED_ITEM('',(#4445),#4443);
#4447=DIRECTION('',(1.E0,0.E0,0.E0));
#4448=VECTOR('',#4447,2.750000000008E-1);
#4449=CARTESIAN_POINT('',(9.749999999992E-1,7.5E-2,-5.849999999991E-1));
#4450=LINE('',#4449,#4448);
#4451=CURVE_STYLE('',#34,POSITIVE_LENGTH_MEASURE(2.E-2),#3);
#4452=PRESENTATION_STYLE_ASSIGNMENT((#4451));
#4453=STYLED_ITEM('',(#4452),#4450);
#4454=DIRECTION('',(0.E0,0.E0,1.E0));
#4455=VECTOR('',#4454,2.000000000009E-1);
#4456=CARTESIAN_POINT('',(6.249999999992E-1,7.5E-2,-1.5E0));
#4457=LINE('',#4456,#4455);
#4458=CURVE_STYLE('',#34,POSITIVE_LENGTH_MEASURE(2.E-2),#3);
#4459=PRESENTATION_STYLE_ASSIGNMENT((#4458));
#4460=STYLED_ITEM('',(#4459),#4457);
#4461=CARTESIAN_POINT('',(8.249999999992E-1,7.5E-2,-1.299999999999E0));
#4462=DIRECTION('',(0.E0,1.E0,0.E0));
#4463=DIRECTION('',(-1.E0,0.E0,0.E0));
#4464=AXIS2_PLACEMENT_3D('',#4461,#4462,#4463);
#4466=CURVE_STYLE('',#34,POSITIVE_LENGTH_MEASURE(2.E-2),#3);
#4467=PRESENTATION_STYLE_ASSIGNMENT((#4466));
#4468=STYLED_ITEM('',(#4467),#4465);
#4469=DIRECTION('',(0.E0,0.E0,-1.E0));
#4470=VECTOR('',#4469,2.000000000009E-1);
#4471=CARTESIAN_POINT('',(1.024999999999E0,7.5E-2,-1.299999999999E0));
#4472=LINE('',#4471,#4470);
#4473=CURVE_STYLE('',#34,POSITIVE_LENGTH_MEASURE(2.E-2),#3);
#4474=PRESENTATION_STYLE_ASSIGNMENT((#4473));
#4475=STYLED_ITEM('',(#4474),#4472);
#4476=DIRECTION('',(0.E0,0.E0,1.E0));
#4477=VECTOR('',#4476,8.000000000098E-2);
#4478=CARTESIAN_POINT('',(1.349999999992E-1,7.5E-2,-1.5E0));
#4479=LINE('',#4478,#4477);
#4480=CURVE_STYLE('',#34,POSITIVE_LENGTH_MEASURE(2.E-2),#3);
#4481=PRESENTATION_STYLE_ASSIGNMENT((#4480));
#4482=STYLED_ITEM('',(#4481),#4479);
#4483=DIRECTION('',(-4.472135955006E-1,0.E0,8.944271909996E-1));
#4484=VECTOR('',#4483,2.236067977494E-2);
#4485=CARTESIAN_POINT('',(1.349999999992E-1,7.5E-2,-1.419999999999E0));
#4486=LINE('',#4485,#4484);
#4487=CURVE_STYLE('',#34,POSITIVE_LENGTH_MEASURE(2.E-2),#3);
#4488=PRESENTATION_STYLE_ASSIGNMENT((#4487));
#4489=STYLED_ITEM('',(#4488),#4486);
#4490=DIRECTION('',(0.E0,0.E0,1.E0));
#4491=VECTOR('',#4490,1.75E-1);
#4492=CARTESIAN_POINT('',(1.249999999992E-1,7.5E-2,-1.399999999999E0));
#4493=LINE('',#4492,#4491);
#4494=CURVE_STYLE('',#34,POSITIVE_LENGTH_MEASURE(2.E-2),#3);
#4495=PRESENTATION_STYLE_ASSIGNMENT((#4494));
#4496=STYLED_ITEM('',(#4495),#4493);
#4497=CARTESIAN_POINT('',(2.499999999992E-1,7.5E-2,-1.224999999999E0));
#4498=DIRECTION('',(0.E0,1.E0,0.E0));
#4499=DIRECTION('',(-1.E0,0.E0,0.E0));
#4500=AXIS2_PLACEMENT_3D('',#4497,#4498,#4499);
#4502=CURVE_STYLE('',#34,POSITIVE_LENGTH_MEASURE(2.E-2),#3);
#4503=PRESENTATION_STYLE_ASSIGNMENT((#4502));
#4504=STYLED_ITEM('',(#4503),#4501);
#4505=DIRECTION('',(0.E0,0.E0,-1.E0));
#4506=VECTOR('',#4505,1.75E-1);
#4507=CARTESIAN_POINT('',(3.749999999992E-1,7.5E-2,-1.224999999999E0));
#4508=LINE('',#4507,#4506);
#4509=CURVE_STYLE('',#34,POSITIVE_LENGTH_MEASURE(2.E-2),#3);
#4510=PRESENTATION_STYLE_ASSIGNMENT((#4509));
#4511=STYLED_ITEM('',(#4510),#4508);
#4512=DIRECTION('',(-4.472135955023E-1,0.E0,-8.944271909988E-1));
#4513=VECTOR('',#4512,2.236067977496E-2);
#4514=CARTESIAN_POINT('',(3.749999999992E-1,7.5E-2,-1.399999999999E0));
#4515=LINE('',#4514,#4513);
#4516=CURVE_STYLE('',#34,POSITIVE_LENGTH_MEASURE(2.E-2),#3);
#4517=PRESENTATION_STYLE_ASSIGNMENT((#4516));
#4518=STYLED_ITEM('',(#4517),#4515);
#4519=DIRECTION('',(0.E0,0.E0,-1.E0));
#4520=VECTOR('',#4519,8.000000000098E-2);
#4521=CARTESIAN_POINT('',(3.649999999992E-1,7.5E-2,-1.419999999999E0));
#4522=LINE('',#4521,#4520);
#4523=CURVE_STYLE('',#34,POSITIVE_LENGTH_MEASURE(2.E-2),#3);
#4524=PRESENTATION_STYLE_ASSIGNMENT((#4523));
#4525=STYLED_ITEM('',(#4524),#4522);
#4526=DIRECTION('',(0.E0,0.E0,1.E0));
#4527=VECTOR('',#4526,8.000000000098E-2);
#4528=CARTESIAN_POINT('',(-3.650000000008E-1,7.5E-2,-1.5E0));
#4529=LINE('',#4528,#4527);
#4530=CURVE_STYLE('',#34,POSITIVE_LENGTH_MEASURE(2.E-2),#3);
#4531=PRESENTATION_STYLE_ASSIGNMENT((#4530));
#4532=STYLED_ITEM('',(#4531),#4529);
#4533=DIRECTION('',(-4.472135955E-1,0.E0,8.944271909999E-1));
#4534=VECTOR('',#4533,2.236067977498E-2);
#4535=CARTESIAN_POINT('',(-3.650000000008E-1,7.5E-2,-1.419999999999E0));
#4536=LINE('',#4535,#4534);
#4537=CURVE_STYLE('',#34,POSITIVE_LENGTH_MEASURE(2.E-2),#3);
#4538=PRESENTATION_STYLE_ASSIGNMENT((#4537));
#4539=STYLED_ITEM('',(#4538),#4536);
#4540=DIRECTION('',(0.E0,0.E0,1.E0));
#4541=VECTOR('',#4540,1.749999999999E-1);
#4542=CARTESIAN_POINT('',(-3.750000000008E-1,7.5E-2,-1.399999999999E0));
#4543=LINE('',#4542,#4541);
#4544=CURVE_STYLE('',#34,POSITIVE_LENGTH_MEASURE(2.E-2),#3);
#4545=PRESENTATION_STYLE_ASSIGNMENT((#4544));
#4546=STYLED_ITEM('',(#4545),#4543);
#4547=CARTESIAN_POINT('',(-2.500000000008E-1,7.5E-2,-1.224999999999E0));
#4548=DIRECTION('',(0.E0,1.E0,0.E0));
#4549=DIRECTION('',(-1.E0,0.E0,0.E0));
#4550=AXIS2_PLACEMENT_3D('',#4547,#4548,#4549);
#4552=CURVE_STYLE('',#34,POSITIVE_LENGTH_MEASURE(2.E-2),#3);
#4553=PRESENTATION_STYLE_ASSIGNMENT((#4552));
#4554=STYLED_ITEM('',(#4553),#4551);
#4555=DIRECTION('',(0.E0,0.E0,-1.E0));
#4556=VECTOR('',#4555,1.749999999999E-1);
#4557=CARTESIAN_POINT('',(-1.250000000008E-1,7.5E-2,-1.224999999999E0));
#4558=LINE('',#4557,#4556);
#4559=CURVE_STYLE('',#34,POSITIVE_LENGTH_MEASURE(2.E-2),#3);
#4560=PRESENTATION_STYLE_ASSIGNMENT((#4559));
#4561=STYLED_ITEM('',(#4560),#4558);
#4562=DIRECTION('',(-4.472135955E-1,0.E0,-8.944271909999E-1));
#4563=VECTOR('',#4562,2.236067977498E-2);
#4564=CARTESIAN_POINT('',(-1.250000000008E-1,7.5E-2,-1.399999999999E0));
#4565=LINE('',#4564,#4563);
#4566=CURVE_STYLE('',#34,POSITIVE_LENGTH_MEASURE(2.E-2),#3);
#4567=PRESENTATION_STYLE_ASSIGNMENT((#4566));
#4568=STYLED_ITEM('',(#4567),#4565);
#4569=DIRECTION('',(0.E0,0.E0,-1.E0));
#4570=VECTOR('',#4569,8.000000000098E-2);
#4571=CARTESIAN_POINT('',(-1.350000000008E-1,7.5E-2,-1.419999999999E0));
#4572=LINE('',#4571,#4570);
#4573=CURVE_STYLE('',#34,POSITIVE_LENGTH_MEASURE(2.E-2),#3);
#4574=PRESENTATION_STYLE_ASSIGNMENT((#4573));
#4575=STYLED_ITEM('',(#4574),#4572);
#4576=DIRECTION('',(0.E0,0.E0,1.E0));
#4577=VECTOR('',#4576,2.000000000009E-1);
#4578=CARTESIAN_POINT('',(-1.025000000001E0,7.5E-2,-1.5E0));
#4579=LINE('',#4578,#4577);
#4580=CURVE_STYLE('',#34,POSITIVE_LENGTH_MEASURE(2.E-2),#3);
#4581=PRESENTATION_STYLE_ASSIGNMENT((#4580));
#4582=STYLED_ITEM('',(#4581),#4579);
#4583=CARTESIAN_POINT('',(-8.250000000008E-1,7.5E-2,-1.299999999999E0));
#4584=DIRECTION('',(0.E0,1.E0,0.E0));
#4585=DIRECTION('',(-1.E0,0.E0,0.E0));
#4586=AXIS2_PLACEMENT_3D('',#4583,#4584,#4585);
#4588=CURVE_STYLE('',#34,POSITIVE_LENGTH_MEASURE(2.E-2),#3);
#4589=PRESENTATION_STYLE_ASSIGNMENT((#4588));
#4590=STYLED_ITEM('',(#4589),#4587);
#4591=DIRECTION('',(0.E0,0.E0,-1.E0));
#4592=VECTOR('',#4591,2.000000000009E-1);
#4593=CARTESIAN_POINT('',(-6.250000000008E-1,7.5E-2,-1.299999999999E0));
#4594=LINE('',#4593,#4592);
#4595=CURVE_STYLE('',#34,POSITIVE_LENGTH_MEASURE(2.E-2),#3);
#4596=PRESENTATION_STYLE_ASSIGNMENT((#4595));
#4597=STYLED_ITEM('',(#4596),#4594);
#4598=DIRECTION('',(1.E0,0.E0,0.E0));
#4599=VECTOR('',#4598,3.999999999992E-1);
#4600=CARTESIAN_POINT('',(-1.25E0,7.5E-2,-5.849999999991E-1));
#4601=LINE('',#4600,#4599);
#4602=CURVE_STYLE('',#34,POSITIVE_LENGTH_MEASURE(2.E-2),#3);
#4603=PRESENTATION_STYLE_ASSIGNMENT((#4602));
#4604=STYLED_ITEM('',(#4603),#4601);
#4605=DIRECTION('',(0.E0,0.E0,-1.E0));
#4606=VECTOR('',#4605,1.5E-1);
#4607=CARTESIAN_POINT('',(-8.500000000008E-1,7.5E-2,-5.849999999991E-1));
#4608=LINE('',#4607,#4606);
#4609=CURVE_STYLE('',#34,POSITIVE_LENGTH_MEASURE(2.E-2),#3);
#4610=PRESENTATION_STYLE_ASSIGNMENT((#4609));
#4611=STYLED_ITEM('',(#4610),#4608);
#4612=DIRECTION('',(-7.071067811865E-1,0.E0,-7.071067811865E-1));
#4613=VECTOR('',#4612,1.414213562373E-1);
#4614=CARTESIAN_POINT('',(-8.500000000008E-1,7.5E-2,-7.349999999991E-1));
#4615=LINE('',#4614,#4613);
#4616=CURVE_STYLE('',#34,POSITIVE_LENGTH_MEASURE(2.E-2),#3);
#4617=PRESENTATION_STYLE_ASSIGNMENT((#4616));
#4618=STYLED_ITEM('',(#4617),#4615);
#4619=DIRECTION('',(-1.E0,0.E0,0.E0));
#4620=VECTOR('',#4619,2.999999999991E-1);
#4621=CARTESIAN_POINT('',(-9.500000000008E-1,7.5E-2,-8.349999999991E-1));
#4622=LINE('',#4621,#4620);
#4623=CURVE_STYLE('',#34,POSITIVE_LENGTH_MEASURE(2.E-2),#3);
#4624=PRESENTATION_STYLE_ASSIGNMENT((#4623));
#4625=STYLED_ITEM('',(#4624),#4622);
#4626=DIRECTION('',(1.E0,0.E0,0.E0));
#4627=VECTOR('',#4626,2.749999999991E-1);
#4628=CARTESIAN_POINT('',(-1.25E0,7.5E-2,-8.499999999914E-2));
#4629=LINE('',#4628,#4627);
#4630=CURVE_STYLE('',#34,POSITIVE_LENGTH_MEASURE(2.E-2),#3);
#4631=PRESENTATION_STYLE_ASSIGNMENT((#4630));
#4632=STYLED_ITEM('',(#4631),#4629);
#4633=CARTESIAN_POINT('',(-9.750000000008E-1,7.5E-2,-2.099999999991E-1));
#4634=DIRECTION('',(0.E0,1.E0,0.E0));
#4635=DIRECTION('',(0.E0,0.E0,1.E0));
#4636=AXIS2_PLACEMENT_3D('',#4633,#4634,#4635);
#4638=CURVE_STYLE('',#34,POSITIVE_LENGTH_MEASURE(2.E-2),#3);
#4639=PRESENTATION_STYLE_ASSIGNMENT((#4638));
#4640=STYLED_ITEM('',(#4639),#4637);
#4641=DIRECTION('',(-1.E0,0.E0,0.E0));
#4642=VECTOR('',#4641,2.749999999991E-1);
#4643=CARTESIAN_POINT('',(-9.750000000008E-1,7.5E-2,-3.349999999991E-1));
#4644=LINE('',#4643,#4642);
#4645=CURVE_STYLE('',#34,POSITIVE_LENGTH_MEASURE(2.E-2),#3);
#4646=PRESENTATION_STYLE_ASSIGNMENT((#4645));
#4647=STYLED_ITEM('',(#4646),#4644);
#4648=DIRECTION('',(1.E0,0.E0,0.E0));
#4649=VECTOR('',#4648,2.749999999991E-1);
#4650=CARTESIAN_POINT('',(-1.25E0,7.5E-2,4.150000000009E-1));
#4651=LINE('',#4650,#4649);
#4652=CURVE_STYLE('',#34,POSITIVE_LENGTH_MEASURE(2.E-2),#3);
#4653=PRESENTATION_STYLE_ASSIGNMENT((#4652));
#4654=STYLED_ITEM('',(#4653),#4651);
#4655=CARTESIAN_POINT('',(-9.750000000008E-1,7.5E-2,2.900000000009E-1));
#4656=DIRECTION('',(0.E0,1.E0,0.E0));
#4657=DIRECTION('',(0.E0,0.E0,1.E0));
#4658=AXIS2_PLACEMENT_3D('',#4655,#4656,#4657);
#4660=CURVE_STYLE('',#34,POSITIVE_LENGTH_MEASURE(2.E-2),#3);
#4661=PRESENTATION_STYLE_ASSIGNMENT((#4660));
#4662=STYLED_ITEM('',(#4661),#4659);
#4663=DIRECTION('',(-1.E0,0.E0,0.E0));
#4664=VECTOR('',#4663,2.749999999991E-1);
#4665=CARTESIAN_POINT('',(-9.750000000008E-1,7.5E-2,1.650000000009E-1));
#4666=LINE('',#4665,#4664);
#4667=CURVE_STYLE('',#34,POSITIVE_LENGTH_MEASURE(2.E-2),#3);
#4668=PRESENTATION_STYLE_ASSIGNMENT((#4667));
#4669=STYLED_ITEM('',(#4668),#4666);
#4670=DIRECTION('',(1.E0,0.E0,0.E0));
#4671=VECTOR('',#4670,1.999999999992E-1);
#4672=CARTESIAN_POINT('',(-1.25E0,7.5E-2,1.065000000001E0));
#4673=LINE('',#4672,#4671);
#4674=CURVE_STYLE('',#34,POSITIVE_LENGTH_MEASURE(2.E-2),#3);
#4675=PRESENTATION_STYLE_ASSIGNMENT((#4674));
#4676=STYLED_ITEM('',(#4675),#4673);
#4677=CARTESIAN_POINT('',(-1.050000000001E0,7.5E-2,8.650000000009E-1));
#4678=DIRECTION('',(0.E0,1.E0,0.E0));
#4679=DIRECTION('',(0.E0,0.E0,1.E0));
#4680=AXIS2_PLACEMENT_3D('',#4677,#4678,#4679);
#4682=CURVE_STYLE('',#34,POSITIVE_LENGTH_MEASURE(2.E-2),#3);
#4683=PRESENTATION_STYLE_ASSIGNMENT((#4682));
#4684=STYLED_ITEM('',(#4683),#4681);
#4685=DIRECTION('',(-1.E0,0.E0,0.E0));
#4686=VECTOR('',#4685,1.999999999992E-1);
#4687=CARTESIAN_POINT('',(-1.050000000001E0,7.5E-2,6.650000000009E-1));
#4688=LINE('',#4687,#4686);
#4689=CURVE_STYLE('',#34,POSITIVE_LENGTH_MEASURE(2.E-2),#3);
#4690=PRESENTATION_STYLE_ASSIGNMENT((#4689));
#4691=STYLED_ITEM('',(#4690),#4688);
#4692=DIRECTION('',(1.E0,0.E0,0.E0));
#4693=VECTOR('',#4692,2.3E-1);
#4694=CARTESIAN_POINT('',(-3.650000000008E-1,7.5E-2,1.5E0));
#4695=LINE('',#4694,#4693);
#4696=CURVE_STYLE('',#34,POSITIVE_LENGTH_MEASURE(2.E-2),#3);
#4697=PRESENTATION_STYLE_ASSIGNMENT((#4696));
#4698=STYLED_ITEM('',(#4697),#4695);
#4699=DIRECTION('',(0.E0,1.E0,0.E0));
#4700=VECTOR('',#4699,7.5E-2);
#4701=CARTESIAN_POINT('',(-3.650000000008E-1,0.E0,1.5E0));
#4702=LINE('',#4701,#4700);
#4703=CURVE_STYLE('',#34,POSITIVE_LENGTH_MEASURE(2.E-2),#3);
#4704=PRESENTATION_STYLE_ASSIGNMENT((#4703));
#4705=STYLED_ITEM('',(#4704),#4702);
#4706=DIRECTION('',(0.E0,1.E0,0.E0));
#4707=VECTOR('',#4706,9.75E-1);
#4708=CARTESIAN_POINT('',(-1.25E0,0.E0,1.5E0));
#4709=LINE('',#4708,#4707);
#4710=CURVE_STYLE('',#34,POSITIVE_LENGTH_MEASURE(2.E-2),#3);
#4711=PRESENTATION_STYLE_ASSIGNMENT((#4710));
#4712=STYLED_ITEM('',(#4711),#4709);
#4713=DIRECTION('',(0.E0,1.E0,0.E0));
#4714=VECTOR('',#4713,7.5E-2);
#4715=CARTESIAN_POINT('',(3.649999999992E-1,0.E0,1.5E0));
#4716=LINE('',#4715,#4714);
#4717=CURVE_STYLE('',#34,POSITIVE_LENGTH_MEASURE(2.E-2),#3);
#4718=PRESENTATION_STYLE_ASSIGNMENT((#4717));
#4719=STYLED_ITEM('',(#4718),#4716);
#4720=DIRECTION('',(1.E0,0.E0,0.E0));
#4721=VECTOR('',#4720,2.3E-1);
#4722=CARTESIAN_POINT('',(1.349999999992E-1,7.5E-2,1.5E0));
#4723=LINE('',#4722,#4721);
#4724=CURVE_STYLE('',#34,POSITIVE_LENGTH_MEASURE(2.E-2),#3);
#4725=PRESENTATION_STYLE_ASSIGNMENT((#4724));
#4726=STYLED_ITEM('',(#4725),#4723);
#4727=DIRECTION('',(0.E0,1.E0,0.E0));
#4728=VECTOR('',#4727,7.5E-2);
#4729=CARTESIAN_POINT('',(1.349999999992E-1,0.E0,1.5E0));
#4730=LINE('',#4729,#4728);
#4731=CURVE_STYLE('',#34,POSITIVE_LENGTH_MEASURE(2.E-2),#3);
#4732=PRESENTATION_STYLE_ASSIGNMENT((#4731));
#4733=STYLED_ITEM('',(#4732),#4730);
#4734=DIRECTION('',(0.E0,1.E0,0.E0));
#4735=VECTOR('',#4734,7.5E-2);
#4736=CARTESIAN_POINT('',(-1.350000000008E-1,0.E0,1.5E0));
#4737=LINE('',#4736,#4735);
#4738=CURVE_STYLE('',#34,POSITIVE_LENGTH_MEASURE(2.E-2),#3);
#4739=PRESENTATION_STYLE_ASSIGNMENT((#4738));
#4740=STYLED_ITEM('',(#4739),#4737);
#4741=DIRECTION('',(0.E0,1.E0,0.E0));
#4742=VECTOR('',#4741,7.5E-2);
#4743=CARTESIAN_POINT('',(-3.650000000008E-1,0.E0,1.420000000001E0));
#4744=LINE('',#4743,#4742);
#4745=CURVE_STYLE('',#34,POSITIVE_LENGTH_MEASURE(2.E-2),#3);
#4746=PRESENTATION_STYLE_ASSIGNMENT((#4745));
#4747=STYLED_ITEM('',(#4746),#4744);
#4748=DIRECTION('',(0.E0,1.E0,0.E0));
#4749=VECTOR('',#4748,7.5E-2);
#4750=CARTESIAN_POINT('',(-3.750000000008E-1,0.E0,1.400000000001E0));
#4751=LINE('',#4750,#4749);
#4752=CURVE_STYLE('',#34,POSITIVE_LENGTH_MEASURE(2.E-2),#3);
#4753=PRESENTATION_STYLE_ASSIGNMENT((#4752));
#4754=STYLED_ITEM('',(#4753),#4751);
#4755=DIRECTION('',(0.E0,1.E0,0.E0));
#4756=VECTOR('',#4755,7.5E-2);
#4757=CARTESIAN_POINT('',(-3.750000000008E-1,0.E0,-1.999999999991E-1));
#4758=LINE('',#4757,#4756);
#4759=CURVE_STYLE('',#34,POSITIVE_LENGTH_MEASURE(2.E-2),#3);
#4760=PRESENTATION_STYLE_ASSIGNMENT((#4759));
#4761=STYLED_ITEM('',(#4760),#4758);
#4762=DIRECTION('',(0.E0,1.E0,0.E0));
#4763=VECTOR('',#4762,7.5E-2);
#4764=CARTESIAN_POINT('',(-1.250000000008E-1,0.E0,-1.999999999991E-1));
#4765=LINE('',#4764,#4763);
#4766=CURVE_STYLE('',#34,POSITIVE_LENGTH_MEASURE(2.E-2),#3);
#4767=PRESENTATION_STYLE_ASSIGNMENT((#4766));
#4768=STYLED_ITEM('',(#4767),#4765);
#4769=DIRECTION('',(0.E0,1.E0,0.E0));
#4770=VECTOR('',#4769,7.5E-2);
#4771=CARTESIAN_POINT('',(-1.250000000008E-1,0.E0,1.400000000001E0));
#4772=LINE('',#4771,#4770);
#4773=CURVE_STYLE('',#34,POSITIVE_LENGTH_MEASURE(2.E-2),#3);
#4774=PRESENTATION_STYLE_ASSIGNMENT((#4773));
#4775=STYLED_ITEM('',(#4774),#4772);
#4776=DIRECTION('',(0.E0,1.E0,0.E0));
#4777=VECTOR('',#4776,7.5E-2);
#4778=CARTESIAN_POINT('',(-1.350000000008E-1,0.E0,1.420000000001E0));
#4779=LINE('',#4778,#4777);
#4780=CURVE_STYLE('',#34,POSITIVE_LENGTH_MEASURE(2.E-2),#3);
#4781=PRESENTATION_STYLE_ASSIGNMENT((#4780));
#4782=STYLED_ITEM('',(#4781),#4779);
#4783=DIRECTION('',(1.E0,0.E0,0.E0));
#4784=VECTOR('',#4783,2.5E0);
#4785=CARTESIAN_POINT('',(-1.25E0,9.75E-1,1.5E0));
#4786=LINE('',#4785,#4784);
#4787=CURVE_STYLE('',#34,POSITIVE_LENGTH_MEASURE(2.E-2),#3);
#4788=PRESENTATION_STYLE_ASSIGNMENT((#4787));
#4789=STYLED_ITEM('',(#4788),#4786);
#4790=DIRECTION('',(0.E0,0.E0,1.E0));
#4791=VECTOR('',#4790,3.E0);
#4792=CARTESIAN_POINT('',(-1.25E0,9.75E-1,-1.5E0));
#4793=LINE('',#4792,#4791);
#4794=CURVE_STYLE('',#34,POSITIVE_LENGTH_MEASURE(2.E-2),#3);
#4795=PRESENTATION_STYLE_ASSIGNMENT((#4794));
#4796=STYLED_ITEM('',(#4795),#4793);
#4797=DIRECTION('',(-1.E0,0.E0,0.E0));
#4798=VECTOR('',#4797,2.5E0);
#4799=CARTESIAN_POINT('',(1.25E0,9.75E-1,-1.5E0));
#4800=LINE('',#4799,#4798);
#4801=CURVE_STYLE('',#34,POSITIVE_LENGTH_MEASURE(2.E-2),#3);
#4802=PRESENTATION_STYLE_ASSIGNMENT((#4801));
#4803=STYLED_ITEM('',(#4802),#4800);
#4804=DIRECTION('',(0.E0,0.E0,-1.E0));
#4805=VECTOR('',#4804,3.E0);
#4806=CARTESIAN_POINT('',(1.25E0,9.75E-1,1.5E0));
#4807=LINE('',#4806,#4805);
#4808=CURVE_STYLE('',#34,POSITIVE_LENGTH_MEASURE(2.E-2),#3);
#4809=PRESENTATION_STYLE_ASSIGNMENT((#4808));
#4810=STYLED_ITEM('',(#4809),#4807);
#4811=DIRECTION('',(-1.E0,0.E0,0.E0));
#4812=VECTOR('',#4811,4.E-1);
#4813=CARTESIAN_POINT('',(1.024999999999E0,7.5E-2,-1.5E0));
#4814=LINE('',#4813,#4812);
#4815=CURVE_STYLE('',#34,POSITIVE_LENGTH_MEASURE(2.E-2),#3);
#4816=PRESENTATION_STYLE_ASSIGNMENT((#4815));
#4817=STYLED_ITEM('',(#4816),#4814);
#4818=DIRECTION('',(0.E0,1.E0,0.E0));
#4819=VECTOR('',#4818,7.5E-2);
#4820=CARTESIAN_POINT('',(1.024999999999E0,0.E0,-1.5E0));
#4821=LINE('',#4820,#4819);
#4822=CURVE_STYLE('',#34,POSITIVE_LENGTH_MEASURE(2.E-2),#3);
#4823=PRESENTATION_STYLE_ASSIGNMENT((#4822));
#4824=STYLED_ITEM('',(#4823),#4821);
#4825=DIRECTION('',(0.E0,1.E0,0.E0));
#4826=VECTOR('',#4825,9.75E-1);
#4827=CARTESIAN_POINT('',(1.25E0,0.E0,-1.5E0));
#4828=LINE('',#4827,#4826);
#4829=CURVE_STYLE('',#34,POSITIVE_LENGTH_MEASURE(2.E-2),#3);
#4830=PRESENTATION_STYLE_ASSIGNMENT((#4829));
#4831=STYLED_ITEM('',(#4830),#4828);
#4832=DIRECTION('',(0.E0,1.E0,0.E0));
#4833=VECTOR('',#4832,7.5E-2);
#4834=CARTESIAN_POINT('',(-1.025000000001E0,0.E0,-1.5E0));
#4835=LINE('',#4834,#4833);
#4836=CURVE_STYLE('',#34,POSITIVE_LENGTH_MEASURE(2.E-2),#3);
#4837=PRESENTATION_STYLE_ASSIGNMENT((#4836));
#4838=STYLED_ITEM('',(#4837),#4835);
#4839=DIRECTION('',(-1.E0,0.E0,0.E0));
#4840=VECTOR('',#4839,4.E-1);
#4841=CARTESIAN_POINT('',(-6.250000000008E-1,7.5E-2,-1.5E0));
#4842=LINE('',#4841,#4840);
#4843=CURVE_STYLE('',#34,POSITIVE_LENGTH_MEASURE(2.E-2),#3);
#4844=PRESENTATION_STYLE_ASSIGNMENT((#4843));
#4845=STYLED_ITEM('',(#4844),#4842);
#4846=DIRECTION('',(0.E0,1.E0,0.E0));
#4847=VECTOR('',#4846,7.5E-2);
#4848=CARTESIAN_POINT('',(-6.250000000008E-1,0.E0,-1.5E0));
#4849=LINE('',#4848,#4847);
#4850=CURVE_STYLE('',#34,POSITIVE_LENGTH_MEASURE(2.E-2),#3);
#4851=PRESENTATION_STYLE_ASSIGNMENT((#4850));
#4852=STYLED_ITEM('',(#4851),#4849);
#4853=DIRECTION('',(0.E0,1.E0,0.E0));
#4854=VECTOR('',#4853,7.5E-2);
#4855=CARTESIAN_POINT('',(-3.650000000008E-1,0.E0,-1.5E0));
#4856=LINE('',#4855,#4854);
#4857=CURVE_STYLE('',#34,POSITIVE_LENGTH_MEASURE(2.E-2),#3);
#4858=PRESENTATION_STYLE_ASSIGNMENT((#4857));
#4859=STYLED_ITEM('',(#4858),#4856);
#4860=DIRECTION('',(-1.E0,0.E0,0.E0));
#4861=VECTOR('',#4860,2.3E-1);
#4862=CARTESIAN_POINT('',(-1.350000000008E-1,7.5E-2,-1.5E0));
#4863=LINE('',#4862,#4861);
#4864=CURVE_STYLE('',#34,POSITIVE_LENGTH_MEASURE(2.E-2),#3);
#4865=PRESENTATION_STYLE_ASSIGNMENT((#4864));
#4866=STYLED_ITEM('',(#4865),#4863);
#4867=DIRECTION('',(0.E0,1.E0,0.E0));
#4868=VECTOR('',#4867,7.5E-2);
#4869=CARTESIAN_POINT('',(-1.350000000008E-1,0.E0,-1.5E0));
#4870=LINE('',#4869,#4868);
#4871=CURVE_STYLE('',#34,POSITIVE_LENGTH_MEASURE(2.E-2),#3);
#4872=PRESENTATION_STYLE_ASSIGNMENT((#4871));
#4873=STYLED_ITEM('',(#4872),#4870);
#4874=DIRECTION('',(0.E0,1.E0,0.E0));
#4875=VECTOR('',#4874,7.5E-2);
#4876=CARTESIAN_POINT('',(1.349999999992E-1,0.E0,-1.5E0));
#4877=LINE('',#4876,#4875);
#4878=CURVE_STYLE('',#34,POSITIVE_LENGTH_MEASURE(2.E-2),#3);
#4879=PRESENTATION_STYLE_ASSIGNMENT((#4878));
#4880=STYLED_ITEM('',(#4879),#4877);
#4881=DIRECTION('',(-1.E0,0.E0,0.E0));
#4882=VECTOR('',#4881,2.3E-1);
#4883=CARTESIAN_POINT('',(3.649999999992E-1,7.5E-2,-1.5E0));
#4884=LINE('',#4883,#4882);
#4885=CURVE_STYLE('',#34,POSITIVE_LENGTH_MEASURE(2.E-2),#3);
#4886=PRESENTATION_STYLE_ASSIGNMENT((#4885));
#4887=STYLED_ITEM('',(#4886),#4884);
#4888=DIRECTION('',(0.E0,1.E0,0.E0));
#4889=VECTOR('',#4888,7.5E-2);
#4890=CARTESIAN_POINT('',(3.649999999992E-1,0.E0,-1.5E0));
#4891=LINE('',#4890,#4889);
#4892=CURVE_STYLE('',#34,POSITIVE_LENGTH_MEASURE(2.E-2),#3);
#4893=PRESENTATION_STYLE_ASSIGNMENT((#4892));
#4894=STYLED_ITEM('',(#4893),#4891);
#4895=DIRECTION('',(0.E0,1.E0,0.E0));
#4896=VECTOR('',#4895,7.5E-2);
#4897=CARTESIAN_POINT('',(6.249999999992E-1,0.E0,-1.5E0));
#4898=LINE('',#4897,#4896);
#4899=CURVE_STYLE('',#34,POSITIVE_LENGTH_MEASURE(2.E-2),#3);
#4900=PRESENTATION_STYLE_ASSIGNMENT((#4899));
#4901=STYLED_ITEM('',(#4900),#4898);
#4902=DIRECTION('',(0.E0,1.E0,0.E0));
#4903=VECTOR('',#4902,7.5E-2);
#4904=CARTESIAN_POINT('',(1.024999999999E0,0.E0,-1.299999999999E0));
#4905=LINE('',#4904,#4903);
#4906=CURVE_STYLE('',#34,POSITIVE_LENGTH_MEASURE(2.E-2),#3);
#4907=PRESENTATION_STYLE_ASSIGNMENT((#4906));
#4908=STYLED_ITEM('',(#4907),#4905);
#4909=DIRECTION('',(0.E0,1.E0,0.E0));
#4910=VECTOR('',#4909,7.5E-2);
#4911=CARTESIAN_POINT('',(6.249999999992E-1,0.E0,-1.299999999999E0));
#4912=LINE('',#4911,#4910);
#4913=CURVE_STYLE('',#34,POSITIVE_LENGTH_MEASURE(2.E-2),#3);
#4914=PRESENTATION_STYLE_ASSIGNMENT((#4913));
#4915=STYLED_ITEM('',(#4914),#4912);
#4916=DIRECTION('',(0.E0,0.E0,-1.E0));
#4917=VECTOR('',#4916,4.E-1);
#4918=CARTESIAN_POINT('',(1.25E0,7.5E-2,1.065000000001E0));
#4919=LINE('',#4918,#4917);
#4920=CURVE_STYLE('',#34,POSITIVE_LENGTH_MEASURE(2.E-2),#3);
#4921=PRESENTATION_STYLE_ASSIGNMENT((#4920));
#4922=STYLED_ITEM('',(#4921),#4919);
#4923=DIRECTION('',(0.E0,1.E0,0.E0));
#4924=VECTOR('',#4923,7.5E-2);
#4925=CARTESIAN_POINT('',(1.25E0,0.E0,1.065000000001E0));
#4926=LINE('',#4925,#4924);
#4927=CURVE_STYLE('',#34,POSITIVE_LENGTH_MEASURE(2.E-2),#3);
#4928=PRESENTATION_STYLE_ASSIGNMENT((#4927));
#4929=STYLED_ITEM('',(#4928),#4926);
#4930=DIRECTION('',(0.E0,1.E0,0.E0));
#4931=VECTOR('',#4930,9.75E-1);
#4932=CARTESIAN_POINT('',(1.25E0,0.E0,1.5E0));
#4933=LINE('',#4932,#4931);
#4934=CURVE_STYLE('',#34,POSITIVE_LENGTH_MEASURE(2.E-2),#3);
#4935=PRESENTATION_STYLE_ASSIGNMENT((#4934));
#4936=STYLED_ITEM('',(#4935),#4933);
#4937=DIRECTION('',(0.E0,1.E0,0.E0));
#4938=VECTOR('',#4937,7.5E-2);
#4939=CARTESIAN_POINT('',(1.25E0,0.E0,-8.349999999991E-1));
#4940=LINE('',#4939,#4938);
#4941=CURVE_STYLE('',#34,POSITIVE_LENGTH_MEASURE(2.E-2),#3);
#4942=PRESENTATION_STYLE_ASSIGNMENT((#4941));
#4943=STYLED_ITEM('',(#4942),#4940);
#4944=DIRECTION('',(0.E0,0.E0,-1.E0));
#4945=VECTOR('',#4944,2.5E-1);
#4946=CARTESIAN_POINT('',(1.25E0,7.5E-2,-5.849999999991E-1));
#4947=LINE('',#4946,#4945);
#4948=CURVE_STYLE('',#34,POSITIVE_LENGTH_MEASURE(2.E-2),#3);
#4949=PRESENTATION_STYLE_ASSIGNMENT((#4948));
#4950=STYLED_ITEM('',(#4949),#4947);
#4951=DIRECTION('',(0.E0,1.E0,0.E0));
#4952=VECTOR('',#4951,7.5E-2);
#4953=CARTESIAN_POINT('',(1.25E0,0.E0,-5.849999999991E-1));
#4954=LINE('',#4953,#4952);
#4955=CURVE_STYLE('',#34,POSITIVE_LENGTH_MEASURE(2.E-2),#3);
#4956=PRESENTATION_STYLE_ASSIGNMENT((#4955));
#4957=STYLED_ITEM('',(#4956),#4954);
#4958=DIRECTION('',(0.E0,1.E0,0.E0));
#4959=VECTOR('',#4958,7.5E-2);
#4960=CARTESIAN_POINT('',(1.25E0,0.E0,-3.349999999991E-1));
#4961=LINE('',#4960,#4959);
#4962=CURVE_STYLE('',#34,POSITIVE_LENGTH_MEASURE(2.E-2),#3);
#4963=PRESENTATION_STYLE_ASSIGNMENT((#4962));
#4964=STYLED_ITEM('',(#4963),#4961);
#4965=DIRECTION('',(0.E0,0.E0,-1.E0));
#4966=VECTOR('',#4965,2.5E-1);
#4967=CARTESIAN_POINT('',(1.25E0,7.5E-2,-8.499999999914E-2));
#4968=LINE('',#4967,#4966);
#4969=CURVE_STYLE('',#34,POSITIVE_LENGTH_MEASURE(2.E-2),#3);
#4970=PRESENTATION_STYLE_ASSIGNMENT((#4969));
#4971=STYLED_ITEM('',(#4970),#4968);
#4972=DIRECTION('',(0.E0,1.E0,0.E0));
#4973=VECTOR('',#4972,7.5E-2);
#4974=CARTESIAN_POINT('',(1.25E0,0.E0,-8.499999999914E-2));
#4975=LINE('',#4974,#4973);
#4976=CURVE_STYLE('',#34,POSITIVE_LENGTH_MEASURE(2.E-2),#3);
#4977=PRESENTATION_STYLE_ASSIGNMENT((#4976));
#4978=STYLED_ITEM('',(#4977),#4975);
#4979=DIRECTION('',(0.E0,1.E0,0.E0));
#4980=VECTOR('',#4979,7.5E-2);
#4981=CARTESIAN_POINT('',(1.25E0,0.E0,1.650000000009E-1));
#4982=LINE('',#4981,#4980);
#4983=CURVE_STYLE('',#34,POSITIVE_LENGTH_MEASURE(2.E-2),#3);
#4984=PRESENTATION_STYLE_ASSIGNMENT((#4983));
#4985=STYLED_ITEM('',(#4984),#4982);
#4986=DIRECTION('',(0.E0,0.E0,-1.E0));
#4987=VECTOR('',#4986,2.5E-1);
#4988=CARTESIAN_POINT('',(1.25E0,7.5E-2,4.150000000009E-1));
#4989=LINE('',#4988,#4987);
#4990=CURVE_STYLE('',#34,POSITIVE_LENGTH_MEASURE(2.E-2),#3);
#4991=PRESENTATION_STYLE_ASSIGNMENT((#4990));
#4992=STYLED_ITEM('',(#4991),#4989);
#4993=DIRECTION('',(0.E0,1.E0,0.E0));
#4994=VECTOR('',#4993,7.5E-2);
#4995=CARTESIAN_POINT('',(1.25E0,0.E0,4.150000000009E-1));
#4996=LINE('',#4995,#4994);
#4997=CURVE_STYLE('',#34,POSITIVE_LENGTH_MEASURE(2.E-2),#3);
#4998=PRESENTATION_STYLE_ASSIGNMENT((#4997));
#4999=STYLED_ITEM('',(#4998),#4996);
#5000=DIRECTION('',(0.E0,1.E0,0.E0));
#5001=VECTOR('',#5000,7.5E-2);
#5002=CARTESIAN_POINT('',(1.25E0,0.E0,6.650000000009E-1));
#5003=LINE('',#5002,#5001);
#5004=CURVE_STYLE('',#34,POSITIVE_LENGTH_MEASURE(2.E-2),#3);
#5005=PRESENTATION_STYLE_ASSIGNMENT((#5004));
#5006=STYLED_ITEM('',(#5005),#5003);
#5007=DIRECTION('',(0.E0,1.E0,0.E0));
#5008=VECTOR('',#5007,7.5E-2);
#5009=CARTESIAN_POINT('',(1.049999999999E0,0.E0,1.065000000001E0));
#5010=LINE('',#5009,#5008);
#5011=CURVE_STYLE('',#34,POSITIVE_LENGTH_MEASURE(2.E-2),#3);
#5012=PRESENTATION_STYLE_ASSIGNMENT((#5011));
#5013=STYLED_ITEM('',(#5012),#5010);
#5014=DIRECTION('',(0.E0,1.E0,0.E0));
#5015=VECTOR('',#5014,7.5E-2);
#5016=CARTESIAN_POINT('',(1.049999999999E0,0.E0,6.650000000009E-1));
#5017=LINE('',#5016,#5015);
#5018=CURVE_STYLE('',#34,POSITIVE_LENGTH_MEASURE(2.E-2),#3);
#5019=PRESENTATION_STYLE_ASSIGNMENT((#5018));
#5020=STYLED_ITEM('',(#5019),#5017);
#5021=DIRECTION('',(0.E0,1.E0,0.E0));
#5022=VECTOR('',#5021,7.5E-2);
#5023=CARTESIAN_POINT('',(9.749999999992E-1,0.E0,-8.349999999991E-1));
#5024=LINE('',#5023,#5022);
#5025=CURVE_STYLE('',#34,POSITIVE_LENGTH_MEASURE(2.E-2),#3);
#5026=PRESENTATION_STYLE_ASSIGNMENT((#5025));
#5027=STYLED_ITEM('',(#5026),#5024);
#5028=DIRECTION('',(0.E0,1.E0,0.E0));
#5029=VECTOR('',#5028,7.5E-2);
#5030=CARTESIAN_POINT('',(9.749999999992E-1,0.E0,-5.849999999991E-1));
#5031=LINE('',#5030,#5029);
#5032=CURVE_STYLE('',#34,POSITIVE_LENGTH_MEASURE(2.E-2),#3);
#5033=PRESENTATION_STYLE_ASSIGNMENT((#5032));
#5034=STYLED_ITEM('',(#5033),#5031);
#5035=DIRECTION('',(0.E0,1.E0,0.E0));
#5036=VECTOR('',#5035,7.5E-2);
#5037=CARTESIAN_POINT('',(9.749999999992E-1,0.E0,-3.349999999991E-1));
#5038=LINE('',#5037,#5036);
#5039=CURVE_STYLE('',#34,POSITIVE_LENGTH_MEASURE(2.E-2),#3);
#5040=PRESENTATION_STYLE_ASSIGNMENT((#5039));
#5041=STYLED_ITEM('',(#5040),#5038);
#5042=DIRECTION('',(0.E0,1.E0,0.E0));
#5043=VECTOR('',#5042,7.5E-2);
#5044=CARTESIAN_POINT('',(9.749999999992E-1,0.E0,-8.499999999914E-2));
#5045=LINE('',#5044,#5043);
#5046=CURVE_STYLE('',#34,POSITIVE_LENGTH_MEASURE(2.E-2),#3);
#5047=PRESENTATION_STYLE_ASSIGNMENT((#5046));
#5048=STYLED_ITEM('',(#5047),#5045);
#5049=DIRECTION('',(0.E0,1.E0,0.E0));
#5050=VECTOR('',#5049,7.5E-2);
#5051=CARTESIAN_POINT('',(9.749999999992E-1,0.E0,1.650000000009E-1));
#5052=LINE('',#5051,#5050);
#5053=CURVE_STYLE('',#34,POSITIVE_LENGTH_MEASURE(2.E-2),#3);
#5054=PRESENTATION_STYLE_ASSIGNMENT((#5053));
#5055=STYLED_ITEM('',(#5054),#5052);
#5056=DIRECTION('',(0.E0,1.E0,0.E0));
#5057=VECTOR('',#5056,7.5E-2);
#5058=CARTESIAN_POINT('',(9.749999999992E-1,0.E0,4.150000000009E-1));
#5059=LINE('',#5058,#5057);
#5060=CURVE_STYLE('',#34,POSITIVE_LENGTH_MEASURE(2.E-2),#3);
#5061=PRESENTATION_STYLE_ASSIGNMENT((#5060));
#5062=STYLED_ITEM('',(#5061),#5059);
#5063=DIRECTION('',(0.E0,1.E0,0.E0));
#5064=VECTOR('',#5063,7.5E-2);
#5065=CARTESIAN_POINT('',(-1.025000000001E0,0.E0,-1.299999999999E0));
#5066=LINE('',#5065,#5064);
#5067=CURVE_STYLE('',#34,POSITIVE_LENGTH_MEASURE(2.E-2),#3);
#5068=PRESENTATION_STYLE_ASSIGNMENT((#5067));
#5069=STYLED_ITEM('',(#5068),#5066);
#5070=DIRECTION('',(0.E0,1.E0,0.E0));
#5071=VECTOR('',#5070,7.5E-2);
#5072=CARTESIAN_POINT('',(-6.250000000008E-1,0.E0,-1.299999999999E0));
#5073=LINE('',#5072,#5071);
#5074=CURVE_STYLE('',#34,POSITIVE_LENGTH_MEASURE(2.E-2),#3);
#5075=PRESENTATION_STYLE_ASSIGNMENT((#5074));
#5076=STYLED_ITEM('',(#5075),#5073);
#5077=DIRECTION('',(0.E0,1.E0,5.092222939614E-13));
#5078=VECTOR('',#5077,7.5E-2);
#5079=CARTESIAN_POINT('',(-3.650000000008E-1,0.E0,-1.419999999999E0));
#5080=LINE('',#5079,#5078);
#5081=CURVE_STYLE('',#34,POSITIVE_LENGTH_MEASURE(2.E-2),#3);
#5082=PRESENTATION_STYLE_ASSIGNMENT((#5081));
#5083=STYLED_ITEM('',(#5082),#5080);
#5084=DIRECTION('',(0.E0,1.E0,5.062616992291E-13));
#5085=VECTOR('',#5084,7.5E-2);
#5086=CARTESIAN_POINT('',(-3.750000000008E-1,0.E0,-1.399999999999E0));
#5087=LINE('',#5086,#5085);
#5088=CURVE_STYLE('',#34,POSITIVE_LENGTH_MEASURE(2.E-2),#3);
#5089=PRESENTATION_STYLE_ASSIGNMENT((#5088));
#5090=STYLED_ITEM('',(#5089),#5087);
#5091=DIRECTION('',(0.E0,1.E0,0.E0));
#5092=VECTOR('',#5091,7.5E-2);
#5093=CARTESIAN_POINT('',(-3.750000000008E-1,0.E0,-1.224999999999E0));
#5094=LINE('',#5093,#5092);
#5095=CURVE_STYLE('',#34,POSITIVE_LENGTH_MEASURE(2.E-2),#3);
#5096=PRESENTATION_STYLE_ASSIGNMENT((#5095));
#5097=STYLED_ITEM('',(#5096),#5094);
#5098=DIRECTION('',(0.E0,1.E0,0.E0));
#5099=VECTOR('',#5098,7.5E-2);
#5100=CARTESIAN_POINT('',(-1.250000000008E-1,0.E0,-1.224999999999E0));
#5101=LINE('',#5100,#5099);
#5102=CURVE_STYLE('',#34,POSITIVE_LENGTH_MEASURE(2.E-2),#3);
#5103=PRESENTATION_STYLE_ASSIGNMENT((#5102));
#5104=STYLED_ITEM('',(#5103),#5101);
#5105=DIRECTION('',(0.E0,1.E0,5.062616992291E-13));
#5106=VECTOR('',#5105,7.5E-2);
#5107=CARTESIAN_POINT('',(-1.250000000008E-1,0.E0,-1.399999999999E0));
#5108=LINE('',#5107,#5106);
#5109=CURVE_STYLE('',#34,POSITIVE_LENGTH_MEASURE(2.E-2),#3);
#5110=PRESENTATION_STYLE_ASSIGNMENT((#5109));
#5111=STYLED_ITEM('',(#5110),#5108);
#5112=DIRECTION('',(0.E0,1.E0,5.033011044967E-13));
#5113=VECTOR('',#5112,7.5E-2);
#5114=CARTESIAN_POINT('',(-1.350000000008E-1,0.E0,-1.419999999999E0));
#5115=LINE('',#5114,#5113);
#5116=CURVE_STYLE('',#34,POSITIVE_LENGTH_MEASURE(2.E-2),#3);
#5117=PRESENTATION_STYLE_ASSIGNMENT((#5116));
#5118=STYLED_ITEM('',(#5117),#5115);
#5119=DIRECTION('',(0.E0,1.E0,5.033011044967E-13));
#5120=VECTOR('',#5119,7.5E-2);
#5121=CARTESIAN_POINT('',(1.349999999992E-1,0.E0,-1.419999999999E0));
#5122=LINE('',#5121,#5120);
#5123=CURVE_STYLE('',#34,POSITIVE_LENGTH_MEASURE(2.E-2),#3);
#5124=PRESENTATION_STYLE_ASSIGNMENT((#5123));
#5125=STYLED_ITEM('',(#5124),#5122);
#5126=DIRECTION('',(0.E0,1.E0,0.E0));
#5127=VECTOR('',#5126,7.5E-2);
#5128=CARTESIAN_POINT('',(1.249999999992E-1,0.E0,-1.399999999999E0));
#5129=LINE('',#5128,#5127);
#5130=CURVE_STYLE('',#34,POSITIVE_LENGTH_MEASURE(2.E-2),#3);
#5131=PRESENTATION_STYLE_ASSIGNMENT((#5130));
#5132=STYLED_ITEM('',(#5131),#5129);
#5133=DIRECTION('',(0.E0,1.E0,0.E0));
#5134=VECTOR('',#5133,7.5E-2);
#5135=CARTESIAN_POINT('',(1.249999999992E-1,0.E0,-1.224999999999E0));
#5136=LINE('',#5135,#5134);
#5137=CURVE_STYLE('',#34,POSITIVE_LENGTH_MEASURE(2.E-2),#3);
#5138=PRESENTATION_STYLE_ASSIGNMENT((#5137));
#5139=STYLED_ITEM('',(#5138),#5136);
#5140=DIRECTION('',(0.E0,1.E0,0.E0));
#5141=VECTOR('',#5140,7.5E-2);
#5142=CARTESIAN_POINT('',(3.749999999992E-1,0.E0,-1.224999999999E0));
#5143=LINE('',#5142,#5141);
#5144=CURVE_STYLE('',#34,POSITIVE_LENGTH_MEASURE(2.E-2),#3);
#5145=PRESENTATION_STYLE_ASSIGNMENT((#5144));
#5146=STYLED_ITEM('',(#5145),#5143);
#5147=DIRECTION('',(0.E0,1.E0,0.E0));
#5148=VECTOR('',#5147,7.5E-2);
#5149=CARTESIAN_POINT('',(3.749999999992E-1,0.E0,-1.399999999999E0));
#5150=LINE('',#5149,#5148);
#5151=CURVE_STYLE('',#34,POSITIVE_LENGTH_MEASURE(2.E-2),#3);
#5152=PRESENTATION_STYLE_ASSIGNMENT((#5151));
#5153=STYLED_ITEM('',(#5152),#5150);
#5154=DIRECTION('',(0.E0,1.E0,5.092222939614E-13));
#5155=VECTOR('',#5154,7.5E-2);
#5156=CARTESIAN_POINT('',(3.649999999992E-1,0.E0,-1.419999999999E0));
#5157=LINE('',#5156,#5155);
#5158=CURVE_STYLE('',#34,POSITIVE_LENGTH_MEASURE(2.E-2),#3);
#5159=PRESENTATION_STYLE_ASSIGNMENT((#5158));
#5160=STYLED_ITEM('',(#5159),#5157);
#5161=DIRECTION('',(0.E0,1.E0,0.E0));
#5162=VECTOR('',#5161,7.5E-2);
#5163=CARTESIAN_POINT('',(3.649999999992E-1,0.E0,1.420000000001E0));
#5164=LINE('',#5163,#5162);
#5165=CURVE_STYLE('',#34,POSITIVE_LENGTH_MEASURE(2.E-2),#3);
#5166=PRESENTATION_STYLE_ASSIGNMENT((#5165));
#5167=STYLED_ITEM('',(#5166),#5164);
#5168=DIRECTION('',(0.E0,1.E0,0.E0));
#5169=VECTOR('',#5168,7.5E-2);
#5170=CARTESIAN_POINT('',(3.749999999992E-1,0.E0,1.400000000001E0));
#5171=LINE('',#5170,#5169);
#5172=CURVE_STYLE('',#34,POSITIVE_LENGTH_MEASURE(2.E-2),#3);
#5173=PRESENTATION_STYLE_ASSIGNMENT((#5172));
#5174=STYLED_ITEM('',(#5173),#5171);
#5175=DIRECTION('',(0.E0,1.E0,0.E0));
#5176=VECTOR('',#5175,7.5E-2);
#5177=CARTESIAN_POINT('',(3.749999999992E-1,0.E0,-1.999999999991E-1));
#5178=LINE('',#5177,#5176);
#5179=CURVE_STYLE('',#34,POSITIVE_LENGTH_MEASURE(2.E-2),#3);
#5180=PRESENTATION_STYLE_ASSIGNMENT((#5179));
#5181=STYLED_ITEM('',(#5180),#5178);
#5182=DIRECTION('',(0.E0,1.E0,0.E0));
#5183=VECTOR('',#5182,7.5E-2);
#5184=CARTESIAN_POINT('',(1.249999999992E-1,0.E0,-1.999999999991E-1));
#5185=LINE('',#5184,#5183);
#5186=CURVE_STYLE('',#34,POSITIVE_LENGTH_MEASURE(2.E-2),#3);
#5187=PRESENTATION_STYLE_ASSIGNMENT((#5186));
#5188=STYLED_ITEM('',(#5187),#5185);
#5189=DIRECTION('',(0.E0,1.E0,0.E0));
#5190=VECTOR('',#5189,7.5E-2);
#5191=CARTESIAN_POINT('',(1.249999999992E-1,0.E0,1.400000000001E0));
#5192=LINE('',#5191,#5190);
#5193=CURVE_STYLE('',#34,POSITIVE_LENGTH_MEASURE(2.E-2),#3);
#5194=PRESENTATION_STYLE_ASSIGNMENT((#5193));
#5195=STYLED_ITEM('',(#5194),#5192);
#5196=DIRECTION('',(0.E0,1.E0,0.E0));
#5197=VECTOR('',#5196,7.5E-2);
#5198=CARTESIAN_POINT('',(1.349999999992E-1,0.E0,1.420000000001E0));
#5199=LINE('',#5198,#5197);
#5200=CURVE_STYLE('',#34,POSITIVE_LENGTH_MEASURE(2.E-2),#3);
#5201=PRESENTATION_STYLE_ASSIGNMENT((#5200));
#5202=STYLED_ITEM('',(#5201),#5199);
#5203=DIRECTION('',(0.E0,1.E0,0.E0));
#5204=VECTOR('',#5203,7.5E-2);
#5205=CARTESIAN_POINT('',(-9.750000000008E-1,0.E0,-8.499999999914E-2));
#5206=LINE('',#5205,#5204);
#5207=CURVE_STYLE('',#34,POSITIVE_LENGTH_MEASURE(2.E-2),#3);
#5208=PRESENTATION_STYLE_ASSIGNMENT((#5207));
#5209=STYLED_ITEM('',(#5208),#5206);
#5210=DIRECTION('',(0.E0,1.E0,0.E0));
#5211=VECTOR('',#5210,7.5E-2);
#5212=CARTESIAN_POINT('',(-9.750000000008E-1,0.E0,-3.349999999991E-1));
#5213=LINE('',#5212,#5211);
#5214=CURVE_STYLE('',#34,POSITIVE_LENGTH_MEASURE(2.E-2),#3);
#5215=PRESENTATION_STYLE_ASSIGNMENT((#5214));
#5216=STYLED_ITEM('',(#5215),#5213);
#5217=DIRECTION('',(0.E0,1.E0,0.E0));
#5218=VECTOR('',#5217,7.5E-2);
#5219=CARTESIAN_POINT('',(-9.750000000008E-1,0.E0,4.150000000009E-1));
#5220=LINE('',#5219,#5218);
#5221=CURVE_STYLE('',#34,POSITIVE_LENGTH_MEASURE(2.E-2),#3);
#5222=PRESENTATION_STYLE_ASSIGNMENT((#5221));
#5223=STYLED_ITEM('',(#5222),#5220);
#5224=DIRECTION('',(0.E0,1.E0,0.E0));
#5225=VECTOR('',#5224,7.5E-2);
#5226=CARTESIAN_POINT('',(-9.750000000008E-1,0.E0,1.650000000009E-1));
#5227=LINE('',#5226,#5225);
#5228=CURVE_STYLE('',#34,POSITIVE_LENGTH_MEASURE(2.E-2),#3);
#5229=PRESENTATION_STYLE_ASSIGNMENT((#5228));
#5230=STYLED_ITEM('',(#5229),#5227);
#5231=DIRECTION('',(0.E0,1.E0,0.E0));
#5232=VECTOR('',#5231,7.5E-2);
#5233=CARTESIAN_POINT('',(-1.050000000001E0,0.E0,1.065000000001E0));
#5234=LINE('',#5233,#5232);
#5235=CURVE_STYLE('',#34,POSITIVE_LENGTH_MEASURE(2.E-2),#3);
#5236=PRESENTATION_STYLE_ASSIGNMENT((#5235));
#5237=STYLED_ITEM('',(#5236),#5234);
#5238=DIRECTION('',(0.E0,1.E0,0.E0));
#5239=VECTOR('',#5238,7.5E-2);
#5240=CARTESIAN_POINT('',(-1.050000000001E0,0.E0,6.650000000009E-1));
#5241=LINE('',#5240,#5239);
#5242=CURVE_STYLE('',#34,POSITIVE_LENGTH_MEASURE(2.E-2),#3);
#5243=PRESENTATION_STYLE_ASSIGNMENT((#5242));
#5244=STYLED_ITEM('',(#5243),#5241);
#5245=CARTESIAN_POINT('',(-1.25E0,9.75E-1,1.5E0));
#5246=CARTESIAN_POINT('',(1.25E0,9.75E-1,1.5E0));
#5247=VERTEX_POINT('',#5245);
#5248=VERTEX_POINT('',#5246);
#5249=CARTESIAN_POINT('',(1.25E0,9.75E-1,-1.5E0));
#5250=VERTEX_POINT('',#5249);
#5251=CARTESIAN_POINT('',(-1.25E0,9.75E-1,-1.5E0));
#5252=VERTEX_POINT('',#5251);
#5253=CARTESIAN_POINT('',(-1.25E0,0.E0,1.5E0));
#5254=VERTEX_POINT('',#5253);
#5255=CARTESIAN_POINT('',(1.25E0,0.E0,1.5E0));
#5256=VERTEX_POINT('',#5255);
#5257=CARTESIAN_POINT('',(1.25E0,0.E0,-1.5E0));
#5258=VERTEX_POINT('',#5257);
#5259=CARTESIAN_POINT('',(-1.25E0,0.E0,-1.5E0));
#5260=VERTEX_POINT('',#5259);
#5261=CARTESIAN_POINT('',(-8.500000000008E-1,7.5E-2,-5.849999999991E-1));
#5262=CARTESIAN_POINT('',(-8.500000000008E-1,7.5E-2,-7.349999999991E-1));
#5263=VERTEX_POINT('',#5261);
#5264=VERTEX_POINT('',#5262);
#5265=CARTESIAN_POINT('',(-9.500000000008E-1,7.5E-2,-8.349999999991E-1));
#5266=VERTEX_POINT('',#5265);
#5267=CARTESIAN_POINT('',(-9.750000000008E-1,7.5E-2,-8.499999999914E-2));
#5268=CARTESIAN_POINT('',(-9.750000000008E-1,7.5E-2,-3.349999999991E-1));
#5269=VERTEX_POINT('',#5267);
#5270=VERTEX_POINT('',#5268);
#5271=CARTESIAN_POINT('',(-9.750000000008E-1,7.5E-2,4.150000000009E-1));
#5272=CARTESIAN_POINT('',(-9.750000000008E-1,7.5E-2,1.650000000009E-1));
#5273=VERTEX_POINT('',#5271);
#5274=VERTEX_POINT('',#5272);
#5275=CARTESIAN_POINT('',(-1.050000000001E0,7.5E-2,1.065000000001E0));
#5276=CARTESIAN_POINT('',(-1.050000000001E0,7.5E-2,6.650000000009E-1));
#5277=VERTEX_POINT('',#5275);
#5278=VERTEX_POINT('',#5276);
#5279=CARTESIAN_POINT('',(-3.750000000008E-1,7.5E-2,1.400000000001E0));
#5280=CARTESIAN_POINT('',(-3.650000000008E-1,7.5E-2,1.420000000001E0));
#5281=VERTEX_POINT('',#5279);
#5282=VERTEX_POINT('',#5280);
#5283=CARTESIAN_POINT('',(-1.350000000008E-1,7.5E-2,1.420000000001E0));
#5284=CARTESIAN_POINT('',(-1.250000000008E-1,7.5E-2,1.400000000001E0));
#5285=VERTEX_POINT('',#5283);
#5286=VERTEX_POINT('',#5284);
#5287=CARTESIAN_POINT('',(-1.250000000008E-1,7.5E-2,-1.999999999991E-1));
#5288=VERTEX_POINT('',#5287);
#5289=CARTESIAN_POINT('',(-3.750000000008E-1,7.5E-2,-1.999999999991E-1));
#5290=VERTEX_POINT('',#5289);
#5291=CARTESIAN_POINT('',(3.749999999992E-1,7.5E-2,-1.999999999991E-1));
#5292=CARTESIAN_POINT('',(1.249999999992E-1,7.5E-2,-1.999999999991E-1));
#5293=VERTEX_POINT('',#5291);
#5294=VERTEX_POINT('',#5292);
#5295=CARTESIAN_POINT('',(1.249999999992E-1,7.5E-2,1.400000000001E0));
#5296=VERTEX_POINT('',#5295);
#5297=CARTESIAN_POINT('',(1.349999999992E-1,7.5E-2,1.420000000001E0));
#5298=VERTEX_POINT('',#5297);
#5299=CARTESIAN_POINT('',(3.649999999992E-1,7.5E-2,1.420000000001E0));
#5300=CARTESIAN_POINT('',(3.749999999992E-1,7.5E-2,1.400000000001E0));
#5301=VERTEX_POINT('',#5299);
#5302=VERTEX_POINT('',#5300);
#5303=CARTESIAN_POINT('',(1.049999999999E0,7.5E-2,6.650000000009E-1));
#5304=CARTESIAN_POINT('',(1.049999999999E0,7.5E-2,1.065000000001E0));
#5305=VERTEX_POINT('',#5303);
#5306=VERTEX_POINT('',#5304);
#5307=CARTESIAN_POINT('',(9.749999999992E-1,7.5E-2,1.650000000009E-1));
#5308=CARTESIAN_POINT('',(9.749999999992E-1,7.5E-2,4.150000000009E-1));
#5309=VERTEX_POINT('',#5307);
#5310=VERTEX_POINT('',#5308);
#5311=CARTESIAN_POINT('',(9.749999999992E-1,7.5E-2,-3.349999999991E-1));
#5312=CARTESIAN_POINT('',(9.749999999992E-1,7.5E-2,-8.499999999914E-2));
#5313=VERTEX_POINT('',#5311);
#5314=VERTEX_POINT('',#5312);
#5315=CARTESIAN_POINT('',(9.749999999992E-1,7.5E-2,-8.349999999991E-1));
#5316=CARTESIAN_POINT('',(9.749999999992E-1,7.5E-2,-5.849999999991E-1));
#5317=VERTEX_POINT('',#5315);
#5318=VERTEX_POINT('',#5316);
#5319=CARTESIAN_POINT('',(6.249999999992E-1,7.5E-2,-1.299999999999E0));
#5320=CARTESIAN_POINT('',(1.024999999999E0,7.5E-2,-1.299999999999E0));
#5321=VERTEX_POINT('',#5319);
#5322=VERTEX_POINT('',#5320);
#5323=CARTESIAN_POINT('',(1.349999999992E-1,7.5E-2,-1.419999999999E0));
#5324=CARTESIAN_POINT('',(1.249999999992E-1,7.5E-2,-1.399999999999E0));
#5325=VERTEX_POINT('',#5323);
#5326=VERTEX_POINT('',#5324);
#5327=CARTESIAN_POINT('',(1.249999999992E-1,7.5E-2,-1.224999999999E0));
#5328=VERTEX_POINT('',#5327);
#5329=CARTESIAN_POINT('',(3.749999999992E-1,7.5E-2,-1.224999999999E0));
#5330=VERTEX_POINT('',#5329);
#5331=CARTESIAN_POINT('',(3.749999999992E-1,7.5E-2,-1.399999999999E0));
#5332=VERTEX_POINT('',#5331);
#5333=CARTESIAN_POINT('',(3.649999999992E-1,7.5E-2,-1.419999999999E0));
#5334=VERTEX_POINT('',#5333);
#5335=CARTESIAN_POINT('',(-3.650000000008E-1,7.5E-2,-1.419999999999E0));
#5336=CARTESIAN_POINT('',(-3.750000000008E-1,7.5E-2,-1.399999999999E0));
#5337=VERTEX_POINT('',#5335);
#5338=VERTEX_POINT('',#5336);
#5339=CARTESIAN_POINT('',(-3.750000000008E-1,7.5E-2,-1.224999999999E0));
#5340=VERTEX_POINT('',#5339);
#5341=CARTESIAN_POINT('',(-1.250000000008E-1,7.5E-2,-1.224999999999E0));
#5342=VERTEX_POINT('',#5341);
#5343=CARTESIAN_POINT('',(-1.250000000008E-1,7.5E-2,-1.399999999999E0));
#5344=VERTEX_POINT('',#5343);
#5345=CARTESIAN_POINT('',(-1.350000000008E-1,7.5E-2,-1.419999999999E0));
#5346=VERTEX_POINT('',#5345);
#5347=CARTESIAN_POINT('',(-1.025000000001E0,7.5E-2,-1.299999999999E0));
#5348=CARTESIAN_POINT('',(-6.250000000008E-1,7.5E-2,-1.299999999999E0));
#5349=VERTEX_POINT('',#5347);
#5350=VERTEX_POINT('',#5348);
#5351=CARTESIAN_POINT('',(-1.25E0,0.E0,-5.849999999991E-1));
#5352=CARTESIAN_POINT('',(-8.500000000008E-1,0.E0,-5.849999999991E-1));
#5353=VERTEX_POINT('',#5351);
#5354=VERTEX_POINT('',#5352);
#5355=CARTESIAN_POINT('',(-8.500000000008E-1,0.E0,-7.349999999991E-1));
#5356=VERTEX_POINT('',#5355);
#5357=CARTESIAN_POINT('',(-9.500000000008E-1,0.E0,-8.349999999991E-1));
#5358=VERTEX_POINT('',#5357);
#5359=CARTESIAN_POINT('',(-1.25E0,0.E0,-8.349999999991E-1));
#5360=VERTEX_POINT('',#5359);
#5361=CARTESIAN_POINT('',(-1.25E0,0.E0,-8.499999999914E-2));
#5362=CARTESIAN_POINT('',(-9.750000000008E-1,0.E0,-8.499999999914E-2));
#5363=VERTEX_POINT('',#5361);
#5364=VERTEX_POINT('',#5362);
#5365=CARTESIAN_POINT('',(-9.750000000008E-1,0.E0,-3.349999999991E-1));
#5366=VERTEX_POINT('',#5365);
#5367=CARTESIAN_POINT('',(-1.25E0,0.E0,-3.349999999991E-1));
#5368=VERTEX_POINT('',#5367);
#5369=CARTESIAN_POINT('',(-1.25E0,0.E0,4.150000000009E-1));
#5370=CARTESIAN_POINT('',(-9.750000000008E-1,0.E0,4.150000000009E-1));
#5371=VERTEX_POINT('',#5369);
#5372=VERTEX_POINT('',#5370);
#5373=CARTESIAN_POINT('',(-9.750000000008E-1,0.E0,1.650000000009E-1));
#5374=VERTEX_POINT('',#5373);
#5375=CARTESIAN_POINT('',(-1.25E0,0.E0,1.650000000009E-1));
#5376=VERTEX_POINT('',#5375);
#5377=CARTESIAN_POINT('',(-1.25E0,0.E0,1.065000000001E0));
#5378=CARTESIAN_POINT('',(-1.050000000001E0,0.E0,1.065000000001E0));
#5379=VERTEX_POINT('',#5377);
#5380=VERTEX_POINT('',#5378);
#5381=CARTESIAN_POINT('',(-1.050000000001E0,0.E0,6.650000000009E-1));
#5382=VERTEX_POINT('',#5381);
#5383=CARTESIAN_POINT('',(-1.25E0,0.E0,6.650000000009E-1));
#5384=VERTEX_POINT('',#5383);
#5385=CARTESIAN_POINT('',(-3.750000000008E-1,0.E0,1.400000000001E0));
#5386=CARTESIAN_POINT('',(-3.650000000008E-1,0.E0,1.420000000001E0));
#5387=VERTEX_POINT('',#5385);
#5388=VERTEX_POINT('',#5386);
#5389=CARTESIAN_POINT('',(-3.650000000008E-1,0.E0,1.5E0));
#5390=VERTEX_POINT('',#5389);
#5391=CARTESIAN_POINT('',(-1.350000000008E-1,0.E0,1.5E0));
#5392=CARTESIAN_POINT('',(-1.350000000008E-1,0.E0,1.420000000001E0));
#5393=VERTEX_POINT('',#5391);
#5394=VERTEX_POINT('',#5392);
#5395=CARTESIAN_POINT('',(-1.250000000008E-1,0.E0,1.400000000001E0));
#5396=VERTEX_POINT('',#5395);
#5397=CARTESIAN_POINT('',(-1.250000000008E-1,0.E0,-1.999999999991E-1));
#5398=VERTEX_POINT('',#5397);
#5399=CARTESIAN_POINT('',(-3.750000000008E-1,0.E0,-1.999999999991E-1));
#5400=VERTEX_POINT('',#5399);
#5401=CARTESIAN_POINT('',(3.749999999992E-1,0.E0,-1.999999999991E-1));
#5402=CARTESIAN_POINT('',(1.249999999992E-1,0.E0,-1.999999999991E-1));
#5403=VERTEX_POINT('',#5401);
#5404=VERTEX_POINT('',#5402);
#5405=CARTESIAN_POINT('',(1.249999999992E-1,0.E0,1.400000000001E0));
#5406=VERTEX_POINT('',#5405);
#5407=CARTESIAN_POINT('',(1.349999999992E-1,0.E0,1.420000000001E0));
#5408=VERTEX_POINT('',#5407);
#5409=CARTESIAN_POINT('',(1.349999999992E-1,0.E0,1.5E0));
#5410=VERTEX_POINT('',#5409);
#5411=CARTESIAN_POINT('',(3.649999999992E-1,0.E0,1.5E0));
#5412=CARTESIAN_POINT('',(3.649999999992E-1,0.E0,1.420000000001E0));
#5413=VERTEX_POINT('',#5411);
#5414=VERTEX_POINT('',#5412);
#5415=CARTESIAN_POINT('',(3.749999999992E-1,0.E0,1.400000000001E0));
#5416=VERTEX_POINT('',#5415);
#5417=CARTESIAN_POINT('',(1.25E0,0.E0,6.650000000009E-1));
#5418=CARTESIAN_POINT('',(1.049999999999E0,0.E0,6.650000000009E-1));
#5419=VERTEX_POINT('',#5417);
#5420=VERTEX_POINT('',#5418);
#5421=CARTESIAN_POINT('',(1.049999999999E0,0.E0,1.065000000001E0));
#5422=VERTEX_POINT('',#5421);
#5423=CARTESIAN_POINT('',(1.25E0,0.E0,1.065000000001E0));
#5424=VERTEX_POINT('',#5423);
#5425=CARTESIAN_POINT('',(1.25E0,0.E0,1.650000000009E-1));
#5426=CARTESIAN_POINT('',(9.749999999992E-1,0.E0,1.650000000009E-1));
#5427=VERTEX_POINT('',#5425);
#5428=VERTEX_POINT('',#5426);
#5429=CARTESIAN_POINT('',(9.749999999992E-1,0.E0,4.150000000009E-1));
#5430=VERTEX_POINT('',#5429);
#5431=CARTESIAN_POINT('',(1.25E0,0.E0,4.150000000009E-1));
#5432=VERTEX_POINT('',#5431);
#5433=CARTESIAN_POINT('',(1.25E0,0.E0,-3.349999999991E-1));
#5434=CARTESIAN_POINT('',(9.749999999992E-1,0.E0,-3.349999999991E-1));
#5435=VERTEX_POINT('',#5433);
#5436=VERTEX_POINT('',#5434);
#5437=CARTESIAN_POINT('',(9.749999999992E-1,0.E0,-8.499999999914E-2));
#5438=VERTEX_POINT('',#5437);
#5439=CARTESIAN_POINT('',(1.25E0,0.E0,-8.499999999914E-2));
#5440=VERTEX_POINT('',#5439);
#5441=CARTESIAN_POINT('',(1.25E0,0.E0,-8.349999999991E-1));
#5442=CARTESIAN_POINT('',(9.749999999992E-1,0.E0,-8.349999999991E-1));
#5443=VERTEX_POINT('',#5441);
#5444=VERTEX_POINT('',#5442);
#5445=CARTESIAN_POINT('',(9.749999999992E-1,0.E0,-5.849999999991E-1));
#5446=VERTEX_POINT('',#5445);
#5447=CARTESIAN_POINT('',(1.25E0,0.E0,-5.849999999991E-1));
#5448=VERTEX_POINT('',#5447);
#5449=CARTESIAN_POINT('',(6.249999999992E-1,0.E0,-1.5E0));
#5450=CARTESIAN_POINT('',(6.249999999992E-1,0.E0,-1.299999999999E0));
#5451=VERTEX_POINT('',#5449);
#5452=VERTEX_POINT('',#5450);
#5453=CARTESIAN_POINT('',(1.024999999999E0,0.E0,-1.299999999999E0));
#5454=VERTEX_POINT('',#5453);
#5455=CARTESIAN_POINT('',(1.024999999999E0,0.E0,-1.5E0));
#5456=VERTEX_POINT('',#5455);
#5457=CARTESIAN_POINT('',(1.349999999992E-1,0.E0,-1.419999999999E0));
#5458=CARTESIAN_POINT('',(1.249999999992E-1,0.E0,-1.399999999999E0));
#5459=VERTEX_POINT('',#5457);
#5460=VERTEX_POINT('',#5458);
#5461=CARTESIAN_POINT('',(1.249999999992E-1,0.E0,-1.224999999999E0));
#5462=VERTEX_POINT('',#5461);
#5463=CARTESIAN_POINT('',(3.749999999992E-1,0.E0,-1.224999999999E0));
#5464=VERTEX_POINT('',#5463);
#5465=CARTESIAN_POINT('',(3.749999999992E-1,0.E0,-1.399999999999E0));
#5466=VERTEX_POINT('',#5465);
#5467=CARTESIAN_POINT('',(3.649999999992E-1,0.E0,-1.419999999999E0));
#5468=VERTEX_POINT('',#5467);
#5469=CARTESIAN_POINT('',(3.649999999992E-1,0.E0,-1.5E0));
#5470=VERTEX_POINT('',#5469);
#5471=CARTESIAN_POINT('',(1.349999999992E-1,0.E0,-1.5E0));
#5472=VERTEX_POINT('',#5471);
#5473=CARTESIAN_POINT('',(-3.650000000008E-1,0.E0,-1.419999999999E0));
#5474=CARTESIAN_POINT('',(-3.750000000008E-1,0.E0,-1.399999999999E0));
#5475=VERTEX_POINT('',#5473);
#5476=VERTEX_POINT('',#5474);
#5477=CARTESIAN_POINT('',(-3.750000000008E-1,0.E0,-1.224999999999E0));
#5478=VERTEX_POINT('',#5477);
#5479=CARTESIAN_POINT('',(-1.250000000008E-1,0.E0,-1.224999999999E0));
#5480=VERTEX_POINT('',#5479);
#5481=CARTESIAN_POINT('',(-1.250000000008E-1,0.E0,-1.399999999999E0));
#5482=VERTEX_POINT('',#5481);
#5483=CARTESIAN_POINT('',(-1.350000000008E-1,0.E0,-1.419999999999E0));
#5484=VERTEX_POINT('',#5483);
#5485=CARTESIAN_POINT('',(-1.350000000008E-1,0.E0,-1.5E0));
#5486=VERTEX_POINT('',#5485);
#5487=CARTESIAN_POINT('',(-3.650000000008E-1,0.E0,-1.5E0));
#5488=VERTEX_POINT('',#5487);
#5489=CARTESIAN_POINT('',(-1.025000000001E0,0.E0,-1.5E0));
#5490=CARTESIAN_POINT('',(-1.025000000001E0,0.E0,-1.299999999999E0));
#5491=VERTEX_POINT('',#5489);
#5492=VERTEX_POINT('',#5490);
#5493=CARTESIAN_POINT('',(-6.250000000008E-1,0.E0,-1.299999999999E0));
#5494=VERTEX_POINT('',#5493);
#5495=CARTESIAN_POINT('',(-6.250000000008E-1,0.E0,-1.5E0));
#5496=VERTEX_POINT('',#5495);
#5497=CARTESIAN_POINT('',(-3.650000000008E-1,7.5E-2,1.5E0));
#5498=CARTESIAN_POINT('',(-1.350000000008E-1,7.5E-2,1.5E0));
#5499=VERTEX_POINT('',#5497);
#5500=VERTEX_POINT('',#5498);
#5501=CARTESIAN_POINT('',(1.349999999992E-1,7.5E-2,1.5E0));
#5502=CARTESIAN_POINT('',(3.649999999992E-1,7.5E-2,1.5E0));
#5503=VERTEX_POINT('',#5501);
#5504=VERTEX_POINT('',#5502);
#5505=CARTESIAN_POINT('',(1.25E0,7.5E-2,1.065000000001E0));
#5506=CARTESIAN_POINT('',(1.25E0,7.5E-2,6.650000000009E-1));
#5507=VERTEX_POINT('',#5505);
#5508=VERTEX_POINT('',#5506);
#5509=CARTESIAN_POINT('',(1.25E0,7.5E-2,4.150000000009E-1));
#5510=CARTESIAN_POINT('',(1.25E0,7.5E-2,1.650000000009E-1));
#5511=VERTEX_POINT('',#5509);
#5512=VERTEX_POINT('',#5510);
#5513=CARTESIAN_POINT('',(1.25E0,7.5E-2,-8.499999999914E-2));
#5514=CARTESIAN_POINT('',(1.25E0,7.5E-2,-3.349999999991E-1));
#5515=VERTEX_POINT('',#5513);
#5516=VERTEX_POINT('',#5514);
#5517=CARTESIAN_POINT('',(1.25E0,7.5E-2,-5.849999999991E-1));
#5518=CARTESIAN_POINT('',(1.25E0,7.5E-2,-8.349999999991E-1));
#5519=VERTEX_POINT('',#5517);
#5520=VERTEX_POINT('',#5518);
#5521=CARTESIAN_POINT('',(1.024999999999E0,7.5E-2,-1.5E0));
#5522=CARTESIAN_POINT('',(6.249999999992E-1,7.5E-2,-1.5E0));
#5523=VERTEX_POINT('',#5521);
#5524=VERTEX_POINT('',#5522);
#5525=CARTESIAN_POINT('',(3.649999999992E-1,7.5E-2,-1.5E0));
#5526=CARTESIAN_POINT('',(1.349999999992E-1,7.5E-2,-1.5E0));
#5527=VERTEX_POINT('',#5525);
#5528=VERTEX_POINT('',#5526);
#5529=CARTESIAN_POINT('',(-1.350000000008E-1,7.5E-2,-1.5E0));
#5530=CARTESIAN_POINT('',(-3.650000000008E-1,7.5E-2,-1.5E0));
#5531=VERTEX_POINT('',#5529);
#5532=VERTEX_POINT('',#5530);
#5533=CARTESIAN_POINT('',(-6.250000000008E-1,7.5E-2,-1.5E0));
#5534=CARTESIAN_POINT('',(-1.025000000001E0,7.5E-2,-1.5E0));
#5535=VERTEX_POINT('',#5533);
#5536=VERTEX_POINT('',#5534);
#5537=CARTESIAN_POINT('',(-1.25E0,7.5E-2,-8.349999999991E-1));
#5538=CARTESIAN_POINT('',(-1.25E0,7.5E-2,-5.849999999991E-1));
#5539=VERTEX_POINT('',#5537);
#5540=VERTEX_POINT('',#5538);
#5541=CARTESIAN_POINT('',(-1.25E0,7.5E-2,-3.349999999991E-1));
#5542=CARTESIAN_POINT('',(-1.25E0,7.5E-2,-8.499999999914E-2));
#5543=VERTEX_POINT('',#5541);
#5544=VERTEX_POINT('',#5542);
#5545=CARTESIAN_POINT('',(-1.25E0,7.5E-2,1.650000000009E-1));
#5546=CARTESIAN_POINT('',(-1.25E0,7.5E-2,4.150000000009E-1));
#5547=VERTEX_POINT('',#5545);
#5548=VERTEX_POINT('',#5546);
#5549=CARTESIAN_POINT('',(-1.25E0,7.5E-2,6.650000000009E-1));
#5550=CARTESIAN_POINT('',(-1.25E0,7.5E-2,1.065000000001E0));
#5551=VERTEX_POINT('',#5549);
#5552=VERTEX_POINT('',#5550);
#5553=CARTESIAN_POINT('',(0.E0,0.E0,0.E0));
#5554=DIRECTION('',(0.E0,1.E0,0.E0));
#5555=DIRECTION('',(1.E0,0.E0,0.E0));
#5556=AXIS2_PLACEMENT_3D('',#5553,#5554,#5555);
#5557=PLANE('',#5556);
#5559=ORIENTED_EDGE('',*,*,#5558,.F.);
#5561=ORIENTED_EDGE('',*,*,#5560,.T.);
#5563=ORIENTED_EDGE('',*,*,#5562,.T.);
#5565=ORIENTED_EDGE('',*,*,#5564,.F.);
#5567=ORIENTED_EDGE('',*,*,#5566,.F.);
#5569=ORIENTED_EDGE('',*,*,#5568,.T.);
#5571=ORIENTED_EDGE('',*,*,#5570,.T.);
#5573=ORIENTED_EDGE('',*,*,#5572,.F.);
#5575=ORIENTED_EDGE('',*,*,#5574,.F.);
#5577=ORIENTED_EDGE('',*,*,#5576,.T.);
#5579=ORIENTED_EDGE('',*,*,#5578,.T.);
#5581=ORIENTED_EDGE('',*,*,#5580,.F.);
#5583=ORIENTED_EDGE('',*,*,#5582,.F.);
#5585=ORIENTED_EDGE('',*,*,#5584,.T.);
#5587=ORIENTED_EDGE('',*,*,#5586,.T.);
#5589=ORIENTED_EDGE('',*,*,#5588,.T.);
#5591=ORIENTED_EDGE('',*,*,#5590,.F.);
#5593=ORIENTED_EDGE('',*,*,#5592,.F.);
#5595=ORIENTED_EDGE('',*,*,#5594,.F.);
#5597=ORIENTED_EDGE('',*,*,#5596,.F.);
#5599=ORIENTED_EDGE('',*,*,#5598,.F.);
#5601=ORIENTED_EDGE('',*,*,#5600,.F.);
#5603=ORIENTED_EDGE('',*,*,#5602,.T.);
#5605=ORIENTED_EDGE('',*,*,#5604,.T.);
#5607=ORIENTED_EDGE('',*,*,#5606,.F.);
#5609=ORIENTED_EDGE('',*,*,#5608,.F.);
#5611=ORIENTED_EDGE('',*,*,#5610,.F.);
#5613=ORIENTED_EDGE('',*,*,#5612,.F.);
#5615=ORIENTED_EDGE('',*,*,#5614,.F.);
#5617=ORIENTED_EDGE('',*,*,#5616,.F.);
#5619=ORIENTED_EDGE('',*,*,#5618,.T.);
#5621=ORIENTED_EDGE('',*,*,#5620,.T.);
#5623=ORIENTED_EDGE('',*,*,#5622,.T.);
#5625=ORIENTED_EDGE('',*,*,#5624,.F.);
#5627=ORIENTED_EDGE('',*,*,#5626,.F.);
#5629=ORIENTED_EDGE('',*,*,#5628,.T.);
#5631=ORIENTED_EDGE('',*,*,#5630,.T.);
#5633=ORIENTED_EDGE('',*,*,#5632,.F.);
#5635=ORIENTED_EDGE('',*,*,#5634,.F.);
#5637=ORIENTED_EDGE('',*,*,#5636,.T.);
#5639=ORIENTED_EDGE('',*,*,#5638,.T.);
#5641=ORIENTED_EDGE('',*,*,#5640,.F.);
#5643=ORIENTED_EDGE('',*,*,#5642,.F.);
#5645=ORIENTED_EDGE('',*,*,#5644,.T.);
#5647=ORIENTED_EDGE('',*,*,#5646,.T.);
#5649=ORIENTED_EDGE('',*,*,#5648,.F.);
#5651=ORIENTED_EDGE('',*,*,#5650,.F.);
#5653=ORIENTED_EDGE('',*,*,#5652,.T.);
#5655=ORIENTED_EDGE('',*,*,#5654,.T.);
#5657=ORIENTED_EDGE('',*,*,#5656,.T.);
#5659=ORIENTED_EDGE('',*,*,#5658,.F.);
#5661=ORIENTED_EDGE('',*,*,#5660,.F.);
#5663=ORIENTED_EDGE('',*,*,#5662,.T.);
#5665=ORIENTED_EDGE('',*,*,#5664,.T.);
#5667=ORIENTED_EDGE('',*,*,#5666,.F.);
#5669=ORIENTED_EDGE('',*,*,#5668,.F.);
#5671=ORIENTED_EDGE('',*,*,#5670,.F.);
#5673=ORIENTED_EDGE('',*,*,#5672,.F.);
#5675=ORIENTED_EDGE('',*,*,#5674,.F.);
#5677=ORIENTED_EDGE('',*,*,#5676,.F.);
#5679=ORIENTED_EDGE('',*,*,#5678,.T.);
#5681=ORIENTED_EDGE('',*,*,#5680,.T.);
#5683=ORIENTED_EDGE('',*,*,#5682,.F.);
#5685=ORIENTED_EDGE('',*,*,#5684,.F.);
#5687=ORIENTED_EDGE('',*,*,#5686,.F.);
#5689=ORIENTED_EDGE('',*,*,#5688,.F.);
#5691=ORIENTED_EDGE('',*,*,#5690,.F.);
#5693=ORIENTED_EDGE('',*,*,#5692,.F.);
#5695=ORIENTED_EDGE('',*,*,#5694,.T.);
#5697=ORIENTED_EDGE('',*,*,#5696,.T.);
#5699=ORIENTED_EDGE('',*,*,#5698,.F.);
#5701=ORIENTED_EDGE('',*,*,#5700,.F.);
#5703=ORIENTED_EDGE('',*,*,#5702,.T.);
#5705=ORIENTED_EDGE('',*,*,#5704,.T.);
#5707=ORIENTED_EDGE('',*,*,#5706,.T.);
#5709=ORIENTED_EDGE('',*,*,#5708,.F.);
#5711=ORIENTED_EDGE('',*,*,#5710,.F.);
#5712=EDGE_LOOP('',(#5559,#5561,#5563,#5565,#5567,#5569,#5571,#5573,#5575,#5577,
#5579,#5581,#5583,#5585,#5587,#5589,#5591,#5593,#5595,#5597,#5599,#5601,#5603,
#5605,#5607,#5609,#5611,#5613,#5615,#5617,#5619,#5621,#5623,#5625,#5627,#5629,
#5631,#5633,#5635,#5637,#5639,#5641,#5643,#5645,#5647,#5649,#5651,#5653,#5655,
#5657,#5659,#5661,#5663,#5665,#5667,#5669,#5671,#5673,#5675,#5677,#5679,#5681,
#5683,#5685,#5687,#5689,#5691,#5693,#5695,#5697,#5699,#5701,#5703,#5705,#5707,
#5709,#5711));
#5713=FACE_OUTER_BOUND('',#5712,.F.);
#5714=ADVANCED_FACE('',(#5713),#5557,.F.);
#5715=CARTESIAN_POINT('',(-1.280000000001E0,-2.5E-2,-5.849999999991E-1));
#5716=DIRECTION('',(0.E0,0.E0,1.E0));
#5717=DIRECTION('',(1.E0,0.E0,0.E0));
#5718=AXIS2_PLACEMENT_3D('',#5715,#5716,#5717);
#5719=PLANE('',#5718);
#5720=ORIENTED_EDGE('',*,*,#5558,.T.);
#5722=ORIENTED_EDGE('',*,*,#5721,.T.);
#5724=ORIENTED_EDGE('',*,*,#5723,.F.);
#5726=ORIENTED_EDGE('',*,*,#5725,.F.);
#5727=EDGE_LOOP('',(#5720,#5722,#5724,#5726));
#5728=FACE_OUTER_BOUND('',#5727,.F.);
#5729=ADVANCED_FACE('',(#5728),#5719,.F.);
#5730=CARTESIAN_POINT('',(-8.500000000008E-1,-2.5E-2,-5.849999999991E-1));
#5731=DIRECTION('',(1.E0,0.E0,0.E0));
#5732=DIRECTION('',(0.E0,0.E0,-1.E0));
#5733=AXIS2_PLACEMENT_3D('',#5730,#5731,#5732);
#5734=PLANE('',#5733);
#5735=ORIENTED_EDGE('',*,*,#5710,.T.);
#5737=ORIENTED_EDGE('',*,*,#5736,.T.);
#5739=ORIENTED_EDGE('',*,*,#5738,.F.);
#5740=ORIENTED_EDGE('',*,*,#5721,.F.);
#5741=EDGE_LOOP('',(#5735,#5737,#5739,#5740));
#5742=FACE_OUTER_BOUND('',#5741,.F.);
#5743=ADVANCED_FACE('',(#5742),#5734,.F.);
#5744=CARTESIAN_POINT('',(-8.500000000008E-1,-2.5E-2,-7.349999999991E-1));
#5745=DIRECTION('',(7.071067811865E-1,0.E0,-7.071067811865E-1));
#5746=DIRECTION('',(-7.071067811865E-1,0.E0,-7.071067811865E-1));
#5747=AXIS2_PLACEMENT_3D('',#5744,#5745,#5746);
#5748=PLANE('',#5747);
#5749=ORIENTED_EDGE('',*,*,#5708,.T.);
#5751=ORIENTED_EDGE('',*,*,#5750,.T.);
#5753=ORIENTED_EDGE('',*,*,#5752,.F.);
#5754=ORIENTED_EDGE('',*,*,#5736,.F.);
#5755=EDGE_LOOP('',(#5749,#5751,#5753,#5754));
#5756=FACE_OUTER_BOUND('',#5755,.F.);
#5757=ADVANCED_FACE('',(#5756),#5748,.F.);
#5758=CARTESIAN_POINT('',(-9.500000000008E-1,-2.5E-2,-8.349999999991E-1));
#5759=DIRECTION('',(0.E0,0.E0,-1.E0));
#5760=DIRECTION('',(-1.E0,0.E0,0.E0));
#5761=AXIS2_PLACEMENT_3D('',#5758,#5759,#5760);
#5762=PLANE('',#5761);
#5763=ORIENTED_EDGE('',*,*,#5706,.F.);
#5765=ORIENTED_EDGE('',*,*,#5764,.T.);
#5767=ORIENTED_EDGE('',*,*,#5766,.F.);
#5768=ORIENTED_EDGE('',*,*,#5750,.F.);
#5769=EDGE_LOOP('',(#5763,#5765,#5767,#5768));
#5770=FACE_OUTER_BOUND('',#5769,.F.);
#5771=ADVANCED_FACE('',(#5770),#5762,.F.);
#5772=CARTESIAN_POINT('',(-1.25E0,0.E0,-1.5E0));
#5773=DIRECTION('',(-1.E0,0.E0,0.E0));
#5774=DIRECTION('',(0.E0,0.E0,1.E0));
#5775=AXIS2_PLACEMENT_3D('',#5772,#5773,#5774);
#5776=PLANE('',#5775);
#5778=ORIENTED_EDGE('',*,*,#5777,.F.);
#5779=ORIENTED_EDGE('',*,*,#5764,.F.);
#5780=ORIENTED_EDGE('',*,*,#5704,.F.);
#5782=ORIENTED_EDGE('',*,*,#5781,.T.);
#5784=ORIENTED_EDGE('',*,*,#5783,.T.);
#5786=ORIENTED_EDGE('',*,*,#5785,.F.);
#5787=ORIENTED_EDGE('',*,*,#5584,.F.);
#5789=ORIENTED_EDGE('',*,*,#5788,.T.);
#5791=ORIENTED_EDGE('',*,*,#5790,.F.);
#5793=ORIENTED_EDGE('',*,*,#5792,.F.);
#5794=ORIENTED_EDGE('',*,*,#5576,.F.);
#5796=ORIENTED_EDGE('',*,*,#5795,.T.);
#5798=ORIENTED_EDGE('',*,*,#5797,.F.);
#5800=ORIENTED_EDGE('',*,*,#5799,.F.);
#5801=ORIENTED_EDGE('',*,*,#5568,.F.);
#5803=ORIENTED_EDGE('',*,*,#5802,.T.);
#5805=ORIENTED_EDGE('',*,*,#5804,.F.);
#5807=ORIENTED_EDGE('',*,*,#5806,.F.);
#5808=ORIENTED_EDGE('',*,*,#5560,.F.);
#5809=ORIENTED_EDGE('',*,*,#5725,.T.);
#5810=EDGE_LOOP('',(#5778,#5779,#5780,#5782,#5784,#5786,#5787,#5789,#5791,#5793,
#5794,#5796,#5798,#5800,#5801,#5803,#5805,#5807,#5808,#5809));
#5811=FACE_OUTER_BOUND('',#5810,.F.);
#5812=ADVANCED_FACE('',(#5811),#5776,.T.);
#5813=CARTESIAN_POINT('',(0.E0,7.5E-2,0.E0));
#5814=DIRECTION('',(0.E0,1.E0,0.E0));
#5815=DIRECTION('',(1.E0,0.E0,0.E0));
#5816=AXIS2_PLACEMENT_3D('',#5813,#5814,#5815);
#5817=PLANE('',#5816);
#5819=ORIENTED_EDGE('',*,*,#5818,.T.);
#5821=ORIENTED_EDGE('',*,*,#5820,.T.);
#5823=ORIENTED_EDGE('',*,*,#5822,.T.);
#5825=ORIENTED_EDGE('',*,*,#5824,.T.);
#5827=ORIENTED_EDGE('',*,*,#5826,.T.);
#5829=ORIENTED_EDGE('',*,*,#5828,.T.);
#5831=ORIENTED_EDGE('',*,*,#5830,.T.);
#5833=ORIENTED_EDGE('',*,*,#5832,.T.);
#5834=EDGE_LOOP('',(#5819,#5821,#5823,#5825,#5827,#5829,#5831,#5833));
#5835=FACE_OUTER_BOUND('',#5834,.F.);
#5836=ADVANCED_FACE('',(#5835),#5817,.F.);
#5837=CARTESIAN_POINT('',(0.E0,7.5E-2,0.E0));
#5838=DIRECTION('',(0.E0,1.E0,0.E0));
#5839=DIRECTION('',(1.E0,0.E0,0.E0));
#5840=AXIS2_PLACEMENT_3D('',#5837,#5838,#5839);
#5841=PLANE('',#5840);
#5843=ORIENTED_EDGE('',*,*,#5842,.T.);
#5845=ORIENTED_EDGE('',*,*,#5844,.T.);
#5847=ORIENTED_EDGE('',*,*,#5846,.T.);
#5849=ORIENTED_EDGE('',*,*,#5848,.T.);
#5851=ORIENTED_EDGE('',*,*,#5850,.T.);
#5853=ORIENTED_EDGE('',*,*,#5852,.T.);
#5855=ORIENTED_EDGE('',*,*,#5854,.T.);
#5857=ORIENTED_EDGE('',*,*,#5856,.T.);
#5858=EDGE_LOOP('',(#5843,#5845,#5847,#5849,#5851,#5853,#5855,#5857));
#5859=FACE_OUTER_BOUND('',#5858,.F.);
#5860=ADVANCED_FACE('',(#5859),#5841,.F.);
#5861=CARTESIAN_POINT('',(0.E0,7.5E-2,0.E0));
#5862=DIRECTION('',(0.E0,1.E0,0.E0));
#5863=DIRECTION('',(1.E0,0.E0,0.E0));
#5864=AXIS2_PLACEMENT_3D('',#5861,#5862,#5863);
#5865=PLANE('',#5864);
#5867=ORIENTED_EDGE('',*,*,#5866,.T.);
#5869=ORIENTED_EDGE('',*,*,#5868,.T.);
#5871=ORIENTED_EDGE('',*,*,#5870,.T.);
#5873=ORIENTED_EDGE('',*,*,#5872,.T.);
#5874=EDGE_LOOP('',(#5867,#5869,#5871,#5873));
#5875=FACE_OUTER_BOUND('',#5874,.F.);
#5876=ADVANCED_FACE('',(#5875),#5865,.F.);
#5877=CARTESIAN_POINT('',(0.E0,7.5E-2,0.E0));
#5878=DIRECTION('',(0.E0,1.E0,0.E0));
#5879=DIRECTION('',(1.E0,0.E0,0.E0));
#5880=AXIS2_PLACEMENT_3D('',#5877,#5878,#5879);
#5881=PLANE('',#5880);
#5883=ORIENTED_EDGE('',*,*,#5882,.T.);
#5885=ORIENTED_EDGE('',*,*,#5884,.T.);
#5887=ORIENTED_EDGE('',*,*,#5886,.T.);
#5889=ORIENTED_EDGE('',*,*,#5888,.T.);
#5890=EDGE_LOOP('',(#5883,#5885,#5887,#5889));
#5891=FACE_OUTER_BOUND('',#5890,.F.);
#5892=ADVANCED_FACE('',(#5891),#5881,.F.);
#5893=CARTESIAN_POINT('',(0.E0,7.5E-2,0.E0));
#5894=DIRECTION('',(0.E0,1.E0,0.E0));
#5895=DIRECTION('',(1.E0,0.E0,0.E0));
#5896=AXIS2_PLACEMENT_3D('',#5893,#5894,#5895);
#5897=PLANE('',#5896);
#5899=ORIENTED_EDGE('',*,*,#5898,.T.);
#5901=ORIENTED_EDGE('',*,*,#5900,.T.);
#5903=ORIENTED_EDGE('',*,*,#5902,.T.);
#5905=ORIENTED_EDGE('',*,*,#5904,.T.);
#5906=EDGE_LOOP('',(#5899,#5901,#5903,#5905));
#5907=FACE_OUTER_BOUND('',#5906,.F.);
#5908=ADVANCED_FACE('',(#5907),#5897,.F.);
#5909=CARTESIAN_POINT('',(0.E0,7.5E-2,0.E0));
#5910=DIRECTION('',(0.E0,1.E0,0.E0));
#5911=DIRECTION('',(1.E0,0.E0,0.E0));
#5912=AXIS2_PLACEMENT_3D('',#5909,#5910,#5911);
#5913=PLANE('',#5912);
#5915=ORIENTED_EDGE('',*,*,#5914,.T.);
#5917=ORIENTED_EDGE('',*,*,#5916,.T.);
#5919=ORIENTED_EDGE('',*,*,#5918,.T.);
#5921=ORIENTED_EDGE('',*,*,#5920,.T.);
#5922=EDGE_LOOP('',(#5915,#5917,#5919,#5921));
#5923=FACE_OUTER_BOUND('',#5922,.F.);
#5924=ADVANCED_FACE('',(#5923),#5913,.F.);
#5925=CARTESIAN_POINT('',(0.E0,7.5E-2,0.E0));
#5926=DIRECTION('',(0.E0,1.E0,0.E0));
#5927=DIRECTION('',(1.E0,0.E0,0.E0));
#5928=AXIS2_PLACEMENT_3D('',#5925,#5926,#5927);
#5929=PLANE('',#5928);
#5931=ORIENTED_EDGE('',*,*,#5930,.T.);
#5933=ORIENTED_EDGE('',*,*,#5932,.T.);
#5935=ORIENTED_EDGE('',*,*,#5934,.T.);
#5937=ORIENTED_EDGE('',*,*,#5936,.T.);
#5938=EDGE_LOOP('',(#5931,#5933,#5935,#5937));
#5939=FACE_OUTER_BOUND('',#5938,.F.);
#5940=ADVANCED_FACE('',(#5939),#5929,.F.);
#5941=CARTESIAN_POINT('',(0.E0,7.5E-2,0.E0));
#5942=DIRECTION('',(0.E0,1.E0,0.E0));
#5943=DIRECTION('',(1.E0,0.E0,0.E0));
#5944=AXIS2_PLACEMENT_3D('',#5941,#5942,#5943);
#5945=PLANE('',#5944);
#5947=ORIENTED_EDGE('',*,*,#5946,.T.);
#5949=ORIENTED_EDGE('',*,*,#5948,.T.);
#5951=ORIENTED_EDGE('',*,*,#5950,.T.);
#5953=ORIENTED_EDGE('',*,*,#5952,.T.);
#5955=ORIENTED_EDGE('',*,*,#5954,.T.);
#5957=ORIENTED_EDGE('',*,*,#5956,.T.);
#5959=ORIENTED_EDGE('',*,*,#5958,.T.);
#5961=ORIENTED_EDGE('',*,*,#5960,.T.);
#5962=EDGE_LOOP('',(#5947,#5949,#5951,#5953,#5955,#5957,#5959,#5961));
#5963=FACE_OUTER_BOUND('',#5962,.F.);
#5964=ADVANCED_FACE('',(#5963),#5945,.F.);
#5965=CARTESIAN_POINT('',(0.E0,7.5E-2,0.E0));
#5966=DIRECTION('',(0.E0,1.E0,0.E0));
#5967=DIRECTION('',(1.E0,0.E0,0.E0));
#5968=AXIS2_PLACEMENT_3D('',#5965,#5966,#5967);
#5969=PLANE('',#5968);
#5971=ORIENTED_EDGE('',*,*,#5970,.T.);
#5973=ORIENTED_EDGE('',*,*,#5972,.T.);
#5975=ORIENTED_EDGE('',*,*,#5974,.T.);
#5977=ORIENTED_EDGE('',*,*,#5976,.T.);
#5979=ORIENTED_EDGE('',*,*,#5978,.T.);
#5981=ORIENTED_EDGE('',*,*,#5980,.T.);
#5983=ORIENTED_EDGE('',*,*,#5982,.T.);
#5985=ORIENTED_EDGE('',*,*,#5984,.T.);
#5986=EDGE_LOOP('',(#5971,#5973,#5975,#5977,#5979,#5981,#5983,#5985));
#5987=FACE_OUTER_BOUND('',#5986,.F.);
#5988=ADVANCED_FACE('',(#5987),#5969,.F.);
#5989=CARTESIAN_POINT('',(0.E0,7.5E-2,0.E0));
#5990=DIRECTION('',(0.E0,1.E0,0.E0));
#5991=DIRECTION('',(1.E0,0.E0,0.E0));
#5992=AXIS2_PLACEMENT_3D('',#5989,#5990,#5991);
#5993=PLANE('',#5992);
#5995=ORIENTED_EDGE('',*,*,#5994,.T.);
#5997=ORIENTED_EDGE('',*,*,#5996,.T.);
#5999=ORIENTED_EDGE('',*,*,#5998,.T.);
#6001=ORIENTED_EDGE('',*,*,#6000,.T.);
#6002=EDGE_LOOP('',(#5995,#5997,#5999,#6001));
#6003=FACE_OUTER_BOUND('',#6002,.F.);
#6004=ADVANCED_FACE('',(#6003),#5993,.F.);
#6005=CARTESIAN_POINT('',(0.E0,7.5E-2,0.E0));
#6006=DIRECTION('',(0.E0,1.E0,0.E0));
#6007=DIRECTION('',(1.E0,0.E0,0.E0));
#6008=AXIS2_PLACEMENT_3D('',#6005,#6006,#6007);
#6009=PLANE('',#6008);
#6010=ORIENTED_EDGE('',*,*,#5777,.T.);
#6011=ORIENTED_EDGE('',*,*,#5723,.T.);
#6012=ORIENTED_EDGE('',*,*,#5738,.T.);
#6013=ORIENTED_EDGE('',*,*,#5752,.T.);
#6014=ORIENTED_EDGE('',*,*,#5766,.T.);
#6015=EDGE_LOOP('',(#6010,#6011,#6012,#6013,#6014));
#6016=FACE_OUTER_BOUND('',#6015,.F.);
#6017=ADVANCED_FACE('',(#6016),#6009,.F.);
#6018=CARTESIAN_POINT('',(0.E0,7.5E-2,0.E0));
#6019=DIRECTION('',(0.E0,1.E0,0.E0));
#6020=DIRECTION('',(1.E0,0.E0,0.E0));
#6021=AXIS2_PLACEMENT_3D('',#6018,#6019,#6020);
#6022=PLANE('',#6021);
#6023=ORIENTED_EDGE('',*,*,#5804,.T.);
#6025=ORIENTED_EDGE('',*,*,#6024,.T.);
#6027=ORIENTED_EDGE('',*,*,#6026,.T.);
#6029=ORIENTED_EDGE('',*,*,#6028,.T.);
#6030=EDGE_LOOP('',(#6023,#6025,#6027,#6029));
#6031=FACE_OUTER_BOUND('',#6030,.F.);
#6032=ADVANCED_FACE('',(#6031),#6022,.F.);
#6033=CARTESIAN_POINT('',(0.E0,7.5E-2,0.E0));
#6034=DIRECTION('',(0.E0,1.E0,0.E0));
#6035=DIRECTION('',(1.E0,0.E0,0.E0));
#6036=AXIS2_PLACEMENT_3D('',#6033,#6034,#6035);
#6037=PLANE('',#6036);
#6038=ORIENTED_EDGE('',*,*,#5797,.T.);
#6040=ORIENTED_EDGE('',*,*,#6039,.T.);
#6042=ORIENTED_EDGE('',*,*,#6041,.T.);
#6044=ORIENTED_EDGE('',*,*,#6043,.T.);
#6045=EDGE_LOOP('',(#6038,#6040,#6042,#6044));
#6046=FACE_OUTER_BOUND('',#6045,.F.);
#6047=ADVANCED_FACE('',(#6046),#6037,.F.);
#6048=CARTESIAN_POINT('',(0.E0,7.5E-2,0.E0));
#6049=DIRECTION('',(0.E0,1.E0,0.E0));
#6050=DIRECTION('',(1.E0,0.E0,0.E0));
#6051=AXIS2_PLACEMENT_3D('',#6048,#6049,#6050);
#6052=PLANE('',#6051);
#6053=ORIENTED_EDGE('',*,*,#5790,.T.);
#6055=ORIENTED_EDGE('',*,*,#6054,.T.);
#6057=ORIENTED_EDGE('',*,*,#6056,.T.);
#6059=ORIENTED_EDGE('',*,*,#6058,.T.);
#6060=EDGE_LOOP('',(#6053,#6055,#6057,#6059));
#6061=FACE_OUTER_BOUND('',#6060,.F.);
#6062=ADVANCED_FACE('',(#6061),#6052,.F.);
#6063=CARTESIAN_POINT('',(-1.25E0,0.E0,1.5E0));
#6064=DIRECTION('',(0.E0,0.E0,1.E0));
#6065=DIRECTION('',(1.E0,0.E0,0.E0));
#6066=AXIS2_PLACEMENT_3D('',#6063,#6064,#6065);
#6067=PLANE('',#6066);
#6068=ORIENTED_EDGE('',*,*,#5818,.F.);
#6070=ORIENTED_EDGE('',*,*,#6069,.F.);
#6071=ORIENTED_EDGE('',*,*,#5586,.F.);
#6072=ORIENTED_EDGE('',*,*,#5785,.T.);
#6074=ORIENTED_EDGE('',*,*,#6073,.T.);
#6076=ORIENTED_EDGE('',*,*,#6075,.F.);
#6077=ORIENTED_EDGE('',*,*,#5618,.F.);
#6079=ORIENTED_EDGE('',*,*,#6078,.T.);
#6080=ORIENTED_EDGE('',*,*,#5842,.F.);
#6082=ORIENTED_EDGE('',*,*,#6081,.F.);
#6083=ORIENTED_EDGE('',*,*,#5602,.F.);
#6085=ORIENTED_EDGE('',*,*,#6084,.T.);
#6086=EDGE_LOOP('',(#6068,#6070,#6071,#6072,#6074,#6076,#6077,#6079,#6080,#6082,
#6083,#6085));
#6087=FACE_OUTER_BOUND('',#6086,.F.);
#6088=ADVANCED_FACE('',(#6087),#6067,.T.);
#6089=CARTESIAN_POINT('',(-3.650000000008E-1,-2.5E-2,1.420000000001E0));
#6090=DIRECTION('',(-1.E0,0.E0,0.E0));
#6091=DIRECTION('',(0.E0,0.E0,1.E0));
#6092=AXIS2_PLACEMENT_3D('',#6089,#6090,#6091);
#6093=PLANE('',#6092);
#6094=ORIENTED_EDGE('',*,*,#5588,.F.);
#6095=ORIENTED_EDGE('',*,*,#6069,.T.);
#6096=ORIENTED_EDGE('',*,*,#5832,.F.);
#6098=ORIENTED_EDGE('',*,*,#6097,.F.);
#6099=EDGE_LOOP('',(#6094,#6095,#6096,#6098));
#6100=FACE_OUTER_BOUND('',#6099,.F.);
#6101=ADVANCED_FACE('',(#6100),#6093,.F.);
#6102=CARTESIAN_POINT('',(-3.750000000008E-1,-2.5E-2,1.400000000001E0));
#6103=DIRECTION('',(-8.944271909999E-1,0.E0,4.472135954999E-1));
#6104=DIRECTION('',(4.472135954999E-1,0.E0,8.944271909999E-1));
#6105=AXIS2_PLACEMENT_3D('',#6102,#6103,#6104);
#6106=PLANE('',#6105);
#6107=ORIENTED_EDGE('',*,*,#5590,.T.);
#6108=ORIENTED_EDGE('',*,*,#6097,.T.);
#6109=ORIENTED_EDGE('',*,*,#5830,.F.);
#6111=ORIENTED_EDGE('',*,*,#6110,.F.);
#6112=EDGE_LOOP('',(#6107,#6108,#6109,#6111));
#6113=FACE_OUTER_BOUND('',#6112,.F.);
#6114=ADVANCED_FACE('',(#6113),#6106,.F.);
#6115=CARTESIAN_POINT('',(-3.750000000008E-1,-2.5E-2,-1.999999999991E-1));
#6116=DIRECTION('',(-1.E0,0.E0,0.E0));
#6117=DIRECTION('',(0.E0,0.E0,1.E0));
#6118=AXIS2_PLACEMENT_3D('',#6115,#6116,#6117);
#6119=PLANE('',#6118);
#6120=ORIENTED_EDGE('',*,*,#5592,.T.);
#6121=ORIENTED_EDGE('',*,*,#6110,.T.);
#6122=ORIENTED_EDGE('',*,*,#5828,.F.);
#6124=ORIENTED_EDGE('',*,*,#6123,.F.);
#6125=EDGE_LOOP('',(#6120,#6121,#6122,#6124));
#6126=FACE_OUTER_BOUND('',#6125,.F.);
#6127=ADVANCED_FACE('',(#6126),#6119,.F.);
#6128=CARTESIAN_POINT('',(-1.250000000008E-1,-2.5E-2,-1.999999999991E-1));
#6129=DIRECTION('',(0.E0,0.E0,-1.E0));
#6130=DIRECTION('',(-1.E0,0.E0,0.E0));
#6131=AXIS2_PLACEMENT_3D('',#6128,#6129,#6130);
#6132=PLANE('',#6131);
#6133=ORIENTED_EDGE('',*,*,#5594,.T.);
#6134=ORIENTED_EDGE('',*,*,#6123,.T.);
#6135=ORIENTED_EDGE('',*,*,#5826,.F.);
#6137=ORIENTED_EDGE('',*,*,#6136,.F.);
#6138=EDGE_LOOP('',(#6133,#6134,#6135,#6137));
#6139=FACE_OUTER_BOUND('',#6138,.F.);
#6140=ADVANCED_FACE('',(#6139),#6132,.F.);
#6141=CARTESIAN_POINT('',(-1.250000000008E-1,-2.5E-2,1.400000000001E0));
#6142=DIRECTION('',(1.E0,0.E0,0.E0));
#6143=DIRECTION('',(0.E0,0.E0,-1.E0));
#6144=AXIS2_PLACEMENT_3D('',#6141,#6142,#6143);
#6145=PLANE('',#6144);
#6146=ORIENTED_EDGE('',*,*,#5596,.T.);
#6147=ORIENTED_EDGE('',*,*,#6136,.T.);
#6148=ORIENTED_EDGE('',*,*,#5824,.F.);
#6150=ORIENTED_EDGE('',*,*,#6149,.F.);
#6151=EDGE_LOOP('',(#6146,#6147,#6148,#6150));
#6152=FACE_OUTER_BOUND('',#6151,.F.);
#6153=ADVANCED_FACE('',(#6152),#6145,.F.);
#6154=CARTESIAN_POINT('',(-1.350000000008E-1,-2.5E-2,1.420000000001E0));
#6155=DIRECTION('',(8.944271909999E-1,0.E0,4.472135955E-1));
#6156=DIRECTION('',(4.472135955E-1,0.E0,-8.944271909999E-1));
#6157=AXIS2_PLACEMENT_3D('',#6154,#6155,#6156);
#6158=PLANE('',#6157);
#6159=ORIENTED_EDGE('',*,*,#5598,.T.);
#6160=ORIENTED_EDGE('',*,*,#6149,.T.);
#6161=ORIENTED_EDGE('',*,*,#5822,.F.);
#6163=ORIENTED_EDGE('',*,*,#6162,.F.);
#6164=EDGE_LOOP('',(#6159,#6160,#6161,#6163));
#6165=FACE_OUTER_BOUND('',#6164,.F.);
#6166=ADVANCED_FACE('',(#6165),#6158,.F.);
#6167=CARTESIAN_POINT('',(-1.350000000008E-1,-2.5E-2,1.675000000001E0));
#6168=DIRECTION('',(1.E0,0.E0,0.E0));
#6169=DIRECTION('',(0.E0,0.E0,-1.E0));
#6170=AXIS2_PLACEMENT_3D('',#6167,#6168,#6169);
#6171=PLANE('',#6170);
#6172=ORIENTED_EDGE('',*,*,#5600,.T.);
#6173=ORIENTED_EDGE('',*,*,#6162,.T.);
#6174=ORIENTED_EDGE('',*,*,#5820,.F.);
#6175=ORIENTED_EDGE('',*,*,#6084,.F.);
#6176=EDGE_LOOP('',(#6172,#6173,#6174,#6175));
#6177=FACE_OUTER_BOUND('',#6176,.F.);
#6178=ADVANCED_FACE('',(#6177),#6171,.F.);
#6179=CARTESIAN_POINT('',(0.E0,9.75E-1,0.E0));
#6180=DIRECTION('',(0.E0,1.E0,0.E0));
#6181=DIRECTION('',(1.E0,0.E0,0.E0));
#6182=AXIS2_PLACEMENT_3D('',#6179,#6180,#6181);
#6183=PLANE('',#6182);
#6184=ORIENTED_EDGE('',*,*,#6073,.F.);
#6185=ORIENTED_EDGE('',*,*,#5783,.F.);
#6187=ORIENTED_EDGE('',*,*,#6186,.F.);
#6189=ORIENTED_EDGE('',*,*,#6188,.F.);
#6190=EDGE_LOOP('',(#6184,#6185,#6187,#6189));
#6191=FACE_OUTER_BOUND('',#6190,.F.);
#6192=ADVANCED_FACE('',(#6191),#6183,.T.);
#6193=CARTESIAN_POINT('',(1.25E0,0.E0,-1.5E0));
#6194=DIRECTION('',(0.E0,0.E0,-1.E0));
#6195=DIRECTION('',(-1.E0,0.E0,0.E0));
#6196=AXIS2_PLACEMENT_3D('',#6193,#6194,#6195);
#6197=PLANE('',#6196);
#6198=ORIENTED_EDGE('',*,*,#5930,.F.);
#6200=ORIENTED_EDGE('',*,*,#6199,.F.);
#6201=ORIENTED_EDGE('',*,*,#5654,.F.);
#6203=ORIENTED_EDGE('',*,*,#6202,.T.);
#6204=ORIENTED_EDGE('',*,*,#6186,.T.);
#6205=ORIENTED_EDGE('',*,*,#5781,.F.);
#6206=ORIENTED_EDGE('',*,*,#5702,.F.);
#6208=ORIENTED_EDGE('',*,*,#6207,.T.);
#6209=ORIENTED_EDGE('',*,*,#5994,.F.);
#6211=ORIENTED_EDGE('',*,*,#6210,.F.);
#6212=ORIENTED_EDGE('',*,*,#5694,.F.);
#6214=ORIENTED_EDGE('',*,*,#6213,.T.);
#6215=ORIENTED_EDGE('',*,*,#5970,.F.);
#6217=ORIENTED_EDGE('',*,*,#6216,.F.);
#6218=ORIENTED_EDGE('',*,*,#5678,.F.);
#6220=ORIENTED_EDGE('',*,*,#6219,.T.);
#6221=ORIENTED_EDGE('',*,*,#5946,.F.);
#6223=ORIENTED_EDGE('',*,*,#6222,.F.);
#6224=ORIENTED_EDGE('',*,*,#5662,.F.);
#6226=ORIENTED_EDGE('',*,*,#6225,.T.);
#6227=EDGE_LOOP('',(#6198,#6200,#6201,#6203,#6204,#6205,#6206,#6208,#6209,#6211,
#6212,#6214,#6215,#6217,#6218,#6220,#6221,#6223,#6224,#6226));
#6228=FACE_OUTER_BOUND('',#6227,.F.);
#6229=ADVANCED_FACE('',(#6228),#6197,.T.);
#6230=CARTESIAN_POINT('',(1.024999999999E0,-2.5E-2,-1.299999999999E0));
#6231=DIRECTION('',(1.E0,0.E0,0.E0));
#6232=DIRECTION('',(0.E0,0.E0,-1.E0));
#6233=AXIS2_PLACEMENT_3D('',#6230,#6231,#6232);
#6234=PLANE('',#6233);
#6235=ORIENTED_EDGE('',*,*,#5656,.F.);
#6236=ORIENTED_EDGE('',*,*,#6199,.T.);
#6237=ORIENTED_EDGE('',*,*,#5936,.F.);
#6239=ORIENTED_EDGE('',*,*,#6238,.F.);
#6240=EDGE_LOOP('',(#6235,#6236,#6237,#6239));
#6241=FACE_OUTER_BOUND('',#6240,.F.);
#6242=ADVANCED_FACE('',(#6241),#6234,.F.);
#6243=CARTESIAN_POINT('',(8.249999999992E-1,-2.5E-2,-1.299999999999E0));
#6244=DIRECTION('',(0.E0,1.E0,0.E0));
#6245=DIRECTION('',(1.E0,0.E0,0.E0));
#6246=AXIS2_PLACEMENT_3D('',#6243,#6244,#6245);
#6247=CYLINDRICAL_SURFACE('',#6246,2.E-1);
#6248=ORIENTED_EDGE('',*,*,#5658,.T.);
#6249=ORIENTED_EDGE('',*,*,#6238,.T.);
#6250=ORIENTED_EDGE('',*,*,#5934,.F.);
#6252=ORIENTED_EDGE('',*,*,#6251,.F.);
#6253=EDGE_LOOP('',(#6248,#6249,#6250,#6252));
#6254=FACE_OUTER_BOUND('',#6253,.F.);
#6255=ADVANCED_FACE('',(#6254),#6247,.F.);
#6256=CARTESIAN_POINT('',(6.249999999992E-1,-2.5E-2,-1.529999999992E0));
#6257=DIRECTION('',(-1.E0,0.E0,0.E0));
#6258=DIRECTION('',(0.E0,0.E0,1.E0));
#6259=AXIS2_PLACEMENT_3D('',#6256,#6257,#6258);
#6260=PLANE('',#6259);
#6261=ORIENTED_EDGE('',*,*,#5660,.T.);
#6262=ORIENTED_EDGE('',*,*,#6251,.T.);
#6263=ORIENTED_EDGE('',*,*,#5932,.F.);
#6264=ORIENTED_EDGE('',*,*,#6225,.F.);
#6265=EDGE_LOOP('',(#6261,#6262,#6263,#6264));
#6266=FACE_OUTER_BOUND('',#6265,.F.);
#6267=ADVANCED_FACE('',(#6266),#6260,.F.);
#6268=CARTESIAN_POINT('',(1.25E0,0.E0,1.5E0));
#6269=DIRECTION('',(1.E0,0.E0,0.E0));
#6270=DIRECTION('',(0.E0,0.E0,-1.E0));
#6271=AXIS2_PLACEMENT_3D('',#6268,#6269,#6270);
#6272=PLANE('',#6271);
#6273=ORIENTED_EDGE('',*,*,#5866,.F.);
#6275=ORIENTED_EDGE('',*,*,#6274,.F.);
#6276=ORIENTED_EDGE('',*,*,#5620,.F.);
#6277=ORIENTED_EDGE('',*,*,#6075,.T.);
#6278=ORIENTED_EDGE('',*,*,#6188,.T.);
#6279=ORIENTED_EDGE('',*,*,#6202,.F.);
#6280=ORIENTED_EDGE('',*,*,#5652,.F.);
#6282=ORIENTED_EDGE('',*,*,#6281,.T.);
#6283=ORIENTED_EDGE('',*,*,#5914,.F.);
#6285=ORIENTED_EDGE('',*,*,#6284,.F.);
#6286=ORIENTED_EDGE('',*,*,#5644,.F.);
#6288=ORIENTED_EDGE('',*,*,#6287,.T.);
#6289=ORIENTED_EDGE('',*,*,#5898,.F.);
#6291=ORIENTED_EDGE('',*,*,#6290,.F.);
#6292=ORIENTED_EDGE('',*,*,#5636,.F.);
#6294=ORIENTED_EDGE('',*,*,#6293,.T.);
#6295=ORIENTED_EDGE('',*,*,#5882,.F.);
#6297=ORIENTED_EDGE('',*,*,#6296,.F.);
#6298=ORIENTED_EDGE('',*,*,#5628,.F.);
#6300=ORIENTED_EDGE('',*,*,#6299,.T.);
#6301=EDGE_LOOP('',(#6273,#6275,#6276,#6277,#6278,#6279,#6280,#6282,#6283,#6285,
#6286,#6288,#6289,#6291,#6292,#6294,#6295,#6297,#6298,#6300));
#6302=FACE_OUTER_BOUND('',#6301,.F.);
#6303=ADVANCED_FACE('',(#6302),#6272,.T.);
#6304=CARTESIAN_POINT('',(1.049999999999E0,-2.5E-2,1.065000000001E0));
#6305=DIRECTION('',(0.E0,0.E0,1.E0));
#6306=DIRECTION('',(1.E0,0.E0,0.E0));
#6307=AXIS2_PLACEMENT_3D('',#6304,#6305,#6306);
#6308=PLANE('',#6307);
#6309=ORIENTED_EDGE('',*,*,#5622,.F.);
#6310=ORIENTED_EDGE('',*,*,#6274,.T.);
#6311=ORIENTED_EDGE('',*,*,#5872,.F.);
#6313=ORIENTED_EDGE('',*,*,#6312,.F.);
#6314=EDGE_LOOP('',(#6309,#6310,#6311,#6313));
#6315=FACE_OUTER_BOUND('',#6314,.F.);
#6316=ADVANCED_FACE('',(#6315),#6308,.F.);
#6317=CARTESIAN_POINT('',(1.049999999999E0,-2.5E-2,8.650000000009E-1));
#6318=DIRECTION('',(0.E0,1.E0,0.E0));
#6319=DIRECTION('',(1.E0,0.E0,0.E0));
#6320=AXIS2_PLACEMENT_3D('',#6317,#6318,#6319);
#6321=CYLINDRICAL_SURFACE('',#6320,2.E-1);
#6322=ORIENTED_EDGE('',*,*,#5624,.T.);
#6323=ORIENTED_EDGE('',*,*,#6312,.T.);
#6324=ORIENTED_EDGE('',*,*,#5870,.F.);
#6326=ORIENTED_EDGE('',*,*,#6325,.F.);
#6327=EDGE_LOOP('',(#6322,#6323,#6324,#6326));
#6328=FACE_OUTER_BOUND('',#6327,.F.);
#6329=ADVANCED_FACE('',(#6328),#6321,.F.);
#6330=CARTESIAN_POINT('',(1.279999999999E0,-2.5E-2,6.650000000009E-1));
#6331=DIRECTION('',(0.E0,0.E0,-1.E0));
#6332=DIRECTION('',(-1.E0,0.E0,0.E0));
#6333=AXIS2_PLACEMENT_3D('',#6330,#6331,#6332);
#6334=PLANE('',#6333);
#6335=ORIENTED_EDGE('',*,*,#5626,.T.);
#6336=ORIENTED_EDGE('',*,*,#6325,.T.);
#6337=ORIENTED_EDGE('',*,*,#5868,.F.);
#6338=ORIENTED_EDGE('',*,*,#6299,.F.);
#6339=EDGE_LOOP('',(#6335,#6336,#6337,#6338));
#6340=FACE_OUTER_BOUND('',#6339,.F.);
#6341=ADVANCED_FACE('',(#6340),#6334,.F.);
#6342=CARTESIAN_POINT('',(1.279999999999E0,-2.5E-2,-8.349999999991E-1));
#6343=DIRECTION('',(0.E0,0.E0,-1.E0));
#6344=DIRECTION('',(-1.E0,0.E0,0.E0));
#6345=AXIS2_PLACEMENT_3D('',#6342,#6343,#6344);
#6346=PLANE('',#6345);
#6347=ORIENTED_EDGE('',*,*,#5650,.T.);
#6349=ORIENTED_EDGE('',*,*,#6348,.T.);
#6350=ORIENTED_EDGE('',*,*,#5916,.F.);
#6351=ORIENTED_EDGE('',*,*,#6281,.F.);
#6352=EDGE_LOOP('',(#6347,#6349,#6350,#6351));
#6353=FACE_OUTER_BOUND('',#6352,.F.);
#6354=ADVANCED_FACE('',(#6353),#6346,.F.);
#6355=CARTESIAN_POINT('',(9.749999999992E-1,-2.5E-2,-7.099999999991E-1));
#6356=DIRECTION('',(0.E0,1.E0,0.E0));
#6357=DIRECTION('',(1.E0,0.E0,0.E0));
#6358=AXIS2_PLACEMENT_3D('',#6355,#6356,#6357);
#6359=CYLINDRICAL_SURFACE('',#6358,1.25E-1);
#6360=ORIENTED_EDGE('',*,*,#5648,.T.);
#6362=ORIENTED_EDGE('',*,*,#6361,.T.);
#6363=ORIENTED_EDGE('',*,*,#5918,.F.);
#6364=ORIENTED_EDGE('',*,*,#6348,.F.);
#6365=EDGE_LOOP('',(#6360,#6362,#6363,#6364));
#6366=FACE_OUTER_BOUND('',#6365,.F.);
#6367=ADVANCED_FACE('',(#6366),#6359,.F.);
#6368=CARTESIAN_POINT('',(9.749999999992E-1,-2.5E-2,-5.849999999991E-1));
#6369=DIRECTION('',(0.E0,0.E0,1.E0));
#6370=DIRECTION('',(1.E0,0.E0,0.E0));
#6371=AXIS2_PLACEMENT_3D('',#6368,#6369,#6370);
#6372=PLANE('',#6371);
#6373=ORIENTED_EDGE('',*,*,#5646,.F.);
#6374=ORIENTED_EDGE('',*,*,#6284,.T.);
#6375=ORIENTED_EDGE('',*,*,#5920,.F.);
#6376=ORIENTED_EDGE('',*,*,#6361,.F.);
#6377=EDGE_LOOP('',(#6373,#6374,#6375,#6376));
#6378=FACE_OUTER_BOUND('',#6377,.F.);
#6379=ADVANCED_FACE('',(#6378),#6372,.F.);
#6380=CARTESIAN_POINT('',(1.279999999999E0,-2.5E-2,-3.349999999991E-1));
#6381=DIRECTION('',(0.E0,0.E0,-1.E0));
#6382=DIRECTION('',(-1.E0,0.E0,0.E0));
#6383=AXIS2_PLACEMENT_3D('',#6380,#6381,#6382);
#6384=PLANE('',#6383);
#6385=ORIENTED_EDGE('',*,*,#5642,.T.);
#6387=ORIENTED_EDGE('',*,*,#6386,.T.);
#6388=ORIENTED_EDGE('',*,*,#5900,.F.);
#6389=ORIENTED_EDGE('',*,*,#6287,.F.);
#6390=EDGE_LOOP('',(#6385,#6387,#6388,#6389));
#6391=FACE_OUTER_BOUND('',#6390,.F.);
#6392=ADVANCED_FACE('',(#6391),#6384,.F.);
#6393=CARTESIAN_POINT('',(9.749999999992E-1,-2.5E-2,-2.099999999991E-1));
#6394=DIRECTION('',(0.E0,1.E0,0.E0));
#6395=DIRECTION('',(1.E0,0.E0,0.E0));
#6396=AXIS2_PLACEMENT_3D('',#6393,#6394,#6395);
#6397=CYLINDRICAL_SURFACE('',#6396,1.25E-1);
#6398=ORIENTED_EDGE('',*,*,#5640,.T.);
#6400=ORIENTED_EDGE('',*,*,#6399,.T.);
#6401=ORIENTED_EDGE('',*,*,#5902,.F.);
#6402=ORIENTED_EDGE('',*,*,#6386,.F.);
#6403=EDGE_LOOP('',(#6398,#6400,#6401,#6402));
#6404=FACE_OUTER_BOUND('',#6403,.F.);
#6405=ADVANCED_FACE('',(#6404),#6397,.F.);
#6406=CARTESIAN_POINT('',(9.749999999992E-1,-2.5E-2,-8.499999999914E-2));
#6407=DIRECTION('',(0.E0,0.E0,1.E0));
#6408=DIRECTION('',(1.E0,0.E0,0.E0));
#6409=AXIS2_PLACEMENT_3D('',#6406,#6407,#6408);
#6410=PLANE('',#6409);
#6411=ORIENTED_EDGE('',*,*,#5638,.F.);
#6412=ORIENTED_EDGE('',*,*,#6290,.T.);
#6413=ORIENTED_EDGE('',*,*,#5904,.F.);
#6414=ORIENTED_EDGE('',*,*,#6399,.F.);
#6415=EDGE_LOOP('',(#6411,#6412,#6413,#6414));
#6416=FACE_OUTER_BOUND('',#6415,.F.);
#6417=ADVANCED_FACE('',(#6416),#6410,.F.);
#6418=CARTESIAN_POINT('',(1.279999999999E0,-2.5E-2,1.650000000009E-1));
#6419=DIRECTION('',(0.E0,0.E0,-1.E0));
#6420=DIRECTION('',(-1.E0,0.E0,0.E0));
#6421=AXIS2_PLACEMENT_3D('',#6418,#6419,#6420);
#6422=PLANE('',#6421);
#6423=ORIENTED_EDGE('',*,*,#5634,.T.);
#6425=ORIENTED_EDGE('',*,*,#6424,.T.);
#6426=ORIENTED_EDGE('',*,*,#5884,.F.);
#6427=ORIENTED_EDGE('',*,*,#6293,.F.);
#6428=EDGE_LOOP('',(#6423,#6425,#6426,#6427));
#6429=FACE_OUTER_BOUND('',#6428,.F.);
#6430=ADVANCED_FACE('',(#6429),#6422,.F.);
#6431=CARTESIAN_POINT('',(9.749999999992E-1,-2.5E-2,2.900000000009E-1));
#6432=DIRECTION('',(0.E0,1.E0,0.E0));
#6433=DIRECTION('',(1.E0,0.E0,0.E0));
#6434=AXIS2_PLACEMENT_3D('',#6431,#6432,#6433);
#6435=CYLINDRICAL_SURFACE('',#6434,1.25E-1);
#6436=ORIENTED_EDGE('',*,*,#5632,.T.);
#6438=ORIENTED_EDGE('',*,*,#6437,.T.);
#6439=ORIENTED_EDGE('',*,*,#5886,.F.);
#6440=ORIENTED_EDGE('',*,*,#6424,.F.);
#6441=EDGE_LOOP('',(#6436,#6438,#6439,#6440));
#6442=FACE_OUTER_BOUND('',#6441,.F.);
#6443=ADVANCED_FACE('',(#6442),#6435,.F.);
#6444=CARTESIAN_POINT('',(9.749999999992E-1,-2.5E-2,4.150000000009E-1));
#6445=DIRECTION('',(0.E0,0.E0,1.E0));
#6446=DIRECTION('',(1.E0,0.E0,0.E0));
#6447=AXIS2_PLACEMENT_3D('',#6444,#6445,#6446);
#6448=PLANE('',#6447);
#6449=ORIENTED_EDGE('',*,*,#5630,.F.);
#6450=ORIENTED_EDGE('',*,*,#6296,.T.);
#6451=ORIENTED_EDGE('',*,*,#5888,.F.);
#6452=ORIENTED_EDGE('',*,*,#6437,.F.);
#6453=EDGE_LOOP('',(#6449,#6450,#6451,#6452));
#6454=FACE_OUTER_BOUND('',#6453,.F.);
#6455=ADVANCED_FACE('',(#6454),#6448,.F.);
#6456=CARTESIAN_POINT('',(-1.025000000001E0,-2.5E-2,-1.529999999992E0));
#6457=DIRECTION('',(-1.E0,0.E0,0.E0));
#6458=DIRECTION('',(0.E0,0.E0,1.E0));
#6459=AXIS2_PLACEMENT_3D('',#6456,#6457,#6458);
#6460=PLANE('',#6459);
#6461=ORIENTED_EDGE('',*,*,#5700,.T.);
#6463=ORIENTED_EDGE('',*,*,#6462,.T.);
#6464=ORIENTED_EDGE('',*,*,#5996,.F.);
#6465=ORIENTED_EDGE('',*,*,#6207,.F.);
#6466=EDGE_LOOP('',(#6461,#6463,#6464,#6465));
#6467=FACE_OUTER_BOUND('',#6466,.F.);
#6468=ADVANCED_FACE('',(#6467),#6460,.F.);
#6469=CARTESIAN_POINT('',(-8.250000000008E-1,-2.5E-2,-1.299999999999E0));
#6470=DIRECTION('',(0.E0,1.E0,0.E0));
#6471=DIRECTION('',(1.E0,0.E0,0.E0));
#6472=AXIS2_PLACEMENT_3D('',#6469,#6470,#6471);
#6473=CYLINDRICAL_SURFACE('',#6472,2.E-1);
#6474=ORIENTED_EDGE('',*,*,#5698,.T.);
#6476=ORIENTED_EDGE('',*,*,#6475,.T.);
#6477=ORIENTED_EDGE('',*,*,#5998,.F.);
#6478=ORIENTED_EDGE('',*,*,#6462,.F.);
#6479=EDGE_LOOP('',(#6474,#6476,#6477,#6478));
#6480=FACE_OUTER_BOUND('',#6479,.F.);
#6481=ADVANCED_FACE('',(#6480),#6473,.F.);
#6482=CARTESIAN_POINT('',(-6.250000000008E-1,-2.5E-2,-1.299999999999E0));
#6483=DIRECTION('',(1.E0,0.E0,0.E0));
#6484=DIRECTION('',(0.E0,0.E0,-1.E0));
#6485=AXIS2_PLACEMENT_3D('',#6482,#6483,#6484);
#6486=PLANE('',#6485);
#6487=ORIENTED_EDGE('',*,*,#5696,.F.);
#6488=ORIENTED_EDGE('',*,*,#6210,.T.);
#6489=ORIENTED_EDGE('',*,*,#6000,.F.);
#6490=ORIENTED_EDGE('',*,*,#6475,.F.);
#6491=EDGE_LOOP('',(#6487,#6488,#6489,#6490));
#6492=FACE_OUTER_BOUND('',#6491,.F.);
#6493=ADVANCED_FACE('',(#6492),#6486,.F.);
#6494=CARTESIAN_POINT('',(-3.650000000008E-1,-2.5E-2,-1.674999999999E0));
#6495=DIRECTION('',(-1.E0,0.E0,0.E0));
#6496=DIRECTION('',(0.E0,0.E0,1.E0));
#6497=AXIS2_PLACEMENT_3D('',#6494,#6495,#6496);
#6498=PLANE('',#6497);
#6499=ORIENTED_EDGE('',*,*,#5692,.T.);
#6501=ORIENTED_EDGE('',*,*,#6500,.T.);
#6502=ORIENTED_EDGE('',*,*,#5972,.F.);
#6503=ORIENTED_EDGE('',*,*,#6213,.F.);
#6504=EDGE_LOOP('',(#6499,#6501,#6502,#6503));
#6505=FACE_OUTER_BOUND('',#6504,.F.);
#6506=ADVANCED_FACE('',(#6505),#6498,.F.);
#6507=CARTESIAN_POINT('',(-3.650000000008E-1,-2.5E-2,-1.419999999999E0));
#6508=DIRECTION('',(-8.944271909999E-1,0.E0,-4.472135955E-1));
#6509=DIRECTION('',(-4.472135955E-1,0.E0,8.944271909999E-1));
#6510=AXIS2_PLACEMENT_3D('',#6507,#6508,#6509);
#6511=PLANE('',#6510);
#6512=ORIENTED_EDGE('',*,*,#5690,.T.);
#6514=ORIENTED_EDGE('',*,*,#6513,.T.);
#6515=ORIENTED_EDGE('',*,*,#5974,.F.);
#6516=ORIENTED_EDGE('',*,*,#6500,.F.);
#6517=EDGE_LOOP('',(#6512,#6514,#6515,#6516));
#6518=FACE_OUTER_BOUND('',#6517,.F.);
#6519=ADVANCED_FACE('',(#6518),#6511,.F.);
#6520=CARTESIAN_POINT('',(-3.750000000008E-1,-2.5E-2,-1.399999999999E0));
#6521=DIRECTION('',(-1.E0,0.E0,0.E0));
#6522=DIRECTION('',(0.E0,0.E0,1.E0));
#6523=AXIS2_PLACEMENT_3D('',#6520,#6521,#6522);
#6524=PLANE('',#6523);
#6525=ORIENTED_EDGE('',*,*,#5688,.T.);
#6527=ORIENTED_EDGE('',*,*,#6526,.T.);
#6528=ORIENTED_EDGE('',*,*,#5976,.F.);
#6529=ORIENTED_EDGE('',*,*,#6513,.F.);
#6530=EDGE_LOOP('',(#6525,#6527,#6528,#6529));
#6531=FACE_OUTER_BOUND('',#6530,.F.);
#6532=ADVANCED_FACE('',(#6531),#6524,.F.);
#6533=CARTESIAN_POINT('',(-2.500000000008E-1,-2.5E-2,-1.224999999999E0));
#6534=DIRECTION('',(0.E0,1.E0,0.E0));
#6535=DIRECTION('',(1.E0,0.E0,0.E0));
#6536=AXIS2_PLACEMENT_3D('',#6533,#6534,#6535);
#6537=CYLINDRICAL_SURFACE('',#6536,1.25E-1);
#6538=ORIENTED_EDGE('',*,*,#5686,.T.);
#6540=ORIENTED_EDGE('',*,*,#6539,.T.);
#6541=ORIENTED_EDGE('',*,*,#5978,.F.);
#6542=ORIENTED_EDGE('',*,*,#6526,.F.);
#6543=EDGE_LOOP('',(#6538,#6540,#6541,#6542));
#6544=FACE_OUTER_BOUND('',#6543,.F.);
#6545=ADVANCED_FACE('',(#6544),#6537,.F.);
#6546=CARTESIAN_POINT('',(-1.250000000008E-1,-2.5E-2,-1.224999999999E0));
#6547=DIRECTION('',(1.E0,0.E0,0.E0));
#6548=DIRECTION('',(0.E0,0.E0,-1.E0));
#6549=AXIS2_PLACEMENT_3D('',#6546,#6547,#6548);
#6550=PLANE('',#6549);
#6551=ORIENTED_EDGE('',*,*,#5684,.T.);
#6553=ORIENTED_EDGE('',*,*,#6552,.T.);
#6554=ORIENTED_EDGE('',*,*,#5980,.F.);
#6555=ORIENTED_EDGE('',*,*,#6539,.F.);
#6556=EDGE_LOOP('',(#6551,#6553,#6554,#6555));
#6557=FACE_OUTER_BOUND('',#6556,.F.);
#6558=ADVANCED_FACE('',(#6557),#6550,.F.);
#6559=CARTESIAN_POINT('',(-1.250000000008E-1,-2.5E-2,-1.399999999999E0));
#6560=DIRECTION('',(8.944271909999E-1,0.E0,-4.472135955E-1));
#6561=DIRECTION('',(-4.472135955E-1,0.E0,-8.944271909999E-1));
#6562=AXIS2_PLACEMENT_3D('',#6559,#6560,#6561);
#6563=PLANE('',#6562);
#6564=ORIENTED_EDGE('',*,*,#5682,.T.);
#6566=ORIENTED_EDGE('',*,*,#6565,.T.);
#6567=ORIENTED_EDGE('',*,*,#5982,.F.);
#6568=ORIENTED_EDGE('',*,*,#6552,.F.);
#6569=EDGE_LOOP('',(#6564,#6566,#6567,#6568));
#6570=FACE_OUTER_BOUND('',#6569,.F.);
#6571=ADVANCED_FACE('',(#6570),#6563,.F.);
#6572=CARTESIAN_POINT('',(-1.350000000008E-1,-2.5E-2,-1.419999999999E0));
#6573=DIRECTION('',(1.E0,0.E0,0.E0));
#6574=DIRECTION('',(0.E0,0.E0,-1.E0));
#6575=AXIS2_PLACEMENT_3D('',#6572,#6573,#6574);
#6576=PLANE('',#6575);
#6577=ORIENTED_EDGE('',*,*,#5680,.F.);
#6578=ORIENTED_EDGE('',*,*,#6216,.T.);
#6579=ORIENTED_EDGE('',*,*,#5984,.F.);
#6580=ORIENTED_EDGE('',*,*,#6565,.F.);
#6581=EDGE_LOOP('',(#6577,#6578,#6579,#6580));
#6582=FACE_OUTER_BOUND('',#6581,.F.);
#6583=ADVANCED_FACE('',(#6582),#6576,.F.);
#6584=CARTESIAN_POINT('',(1.349999999992E-1,-2.5E-2,-1.674999999999E0));
#6585=DIRECTION('',(-1.E0,0.E0,0.E0));
#6586=DIRECTION('',(0.E0,0.E0,1.E0));
#6587=AXIS2_PLACEMENT_3D('',#6584,#6585,#6586);
#6588=PLANE('',#6587);
#6589=ORIENTED_EDGE('',*,*,#5676,.T.);
#6591=ORIENTED_EDGE('',*,*,#6590,.T.);
#6592=ORIENTED_EDGE('',*,*,#5948,.F.);
#6593=ORIENTED_EDGE('',*,*,#6219,.F.);
#6594=EDGE_LOOP('',(#6589,#6591,#6592,#6593));
#6595=FACE_OUTER_BOUND('',#6594,.F.);
#6596=ADVANCED_FACE('',(#6595),#6588,.F.);
#6597=CARTESIAN_POINT('',(1.349999999992E-1,-2.5E-2,-1.419999999999E0));
#6598=DIRECTION('',(-8.944271909999E-1,0.E0,-4.472135955E-1));
#6599=DIRECTION('',(-4.472135955E-1,0.E0,8.944271909999E-1));
#6600=AXIS2_PLACEMENT_3D('',#6597,#6598,#6599);
#6601=PLANE('',#6600);
#6602=ORIENTED_EDGE('',*,*,#5674,.T.);
#6604=ORIENTED_EDGE('',*,*,#6603,.T.);
#6605=ORIENTED_EDGE('',*,*,#5950,.F.);
#6606=ORIENTED_EDGE('',*,*,#6590,.F.);
#6607=EDGE_LOOP('',(#6602,#6604,#6605,#6606));
#6608=FACE_OUTER_BOUND('',#6607,.F.);
#6609=ADVANCED_FACE('',(#6608),#6601,.F.);
#6610=CARTESIAN_POINT('',(1.249999999992E-1,-2.5E-2,-1.399999999999E0));
#6611=DIRECTION('',(-1.E0,0.E0,0.E0));
#6612=DIRECTION('',(0.E0,0.E0,1.E0));
#6613=AXIS2_PLACEMENT_3D('',#6610,#6611,#6612);
#6614=PLANE('',#6613);
#6615=ORIENTED_EDGE('',*,*,#5672,.T.);
#6617=ORIENTED_EDGE('',*,*,#6616,.T.);
#6618=ORIENTED_EDGE('',*,*,#5952,.F.);
#6619=ORIENTED_EDGE('',*,*,#6603,.F.);
#6620=EDGE_LOOP('',(#6615,#6617,#6618,#6619));
#6621=FACE_OUTER_BOUND('',#6620,.F.);
#6622=ADVANCED_FACE('',(#6621),#6614,.F.);
#6623=CARTESIAN_POINT('',(2.499999999992E-1,-2.5E-2,-1.224999999999E0));
#6624=DIRECTION('',(0.E0,1.E0,0.E0));
#6625=DIRECTION('',(1.E0,0.E0,0.E0));
#6626=AXIS2_PLACEMENT_3D('',#6623,#6624,#6625);
#6627=CYLINDRICAL_SURFACE('',#6626,1.25E-1);
#6628=ORIENTED_EDGE('',*,*,#5670,.T.);
#6630=ORIENTED_EDGE('',*,*,#6629,.T.);
#6631=ORIENTED_EDGE('',*,*,#5954,.F.);
#6632=ORIENTED_EDGE('',*,*,#6616,.F.);
#6633=EDGE_LOOP('',(#6628,#6630,#6631,#6632));
#6634=FACE_OUTER_BOUND('',#6633,.F.);
#6635=ADVANCED_FACE('',(#6634),#6627,.F.);
#6636=CARTESIAN_POINT('',(3.749999999992E-1,-2.5E-2,-1.224999999999E0));
#6637=DIRECTION('',(1.E0,0.E0,0.E0));
#6638=DIRECTION('',(0.E0,0.E0,-1.E0));
#6639=AXIS2_PLACEMENT_3D('',#6636,#6637,#6638);
#6640=PLANE('',#6639);
#6641=ORIENTED_EDGE('',*,*,#5668,.T.);
#6643=ORIENTED_EDGE('',*,*,#6642,.T.);
#6644=ORIENTED_EDGE('',*,*,#5956,.F.);
#6645=ORIENTED_EDGE('',*,*,#6629,.F.);
#6646=EDGE_LOOP('',(#6641,#6643,#6644,#6645));
#6647=FACE_OUTER_BOUND('',#6646,.F.);
#6648=ADVANCED_FACE('',(#6647),#6640,.F.);
#6649=CARTESIAN_POINT('',(3.749999999992E-1,-2.5E-2,-1.399999999999E0));
#6650=DIRECTION('',(8.944271909991E-1,0.E0,-4.472135955016E-1));
#6651=DIRECTION('',(-4.472135955016E-1,0.E0,-8.944271909991E-1));
#6652=AXIS2_PLACEMENT_3D('',#6649,#6650,#6651);
#6653=PLANE('',#6652);
#6654=ORIENTED_EDGE('',*,*,#5666,.T.);
#6656=ORIENTED_EDGE('',*,*,#6655,.T.);
#6657=ORIENTED_EDGE('',*,*,#5958,.F.);
#6658=ORIENTED_EDGE('',*,*,#6642,.F.);
#6659=EDGE_LOOP('',(#6654,#6656,#6657,#6658));
#6660=FACE_OUTER_BOUND('',#6659,.F.);
#6661=ADVANCED_FACE('',(#6660),#6653,.F.);
#6662=CARTESIAN_POINT('',(3.649999999992E-1,-2.5E-2,-1.419999999999E0));
#6663=DIRECTION('',(1.E0,0.E0,0.E0));
#6664=DIRECTION('',(0.E0,0.E0,-1.E0));
#6665=AXIS2_PLACEMENT_3D('',#6662,#6663,#6664);
#6666=PLANE('',#6665);
#6667=ORIENTED_EDGE('',*,*,#5664,.F.);
#6668=ORIENTED_EDGE('',*,*,#6222,.T.);
#6669=ORIENTED_EDGE('',*,*,#5960,.F.);
#6670=ORIENTED_EDGE('',*,*,#6655,.F.);
#6671=EDGE_LOOP('',(#6667,#6668,#6669,#6670));
#6672=FACE_OUTER_BOUND('',#6671,.F.);
#6673=ADVANCED_FACE('',(#6672),#6666,.F.);
#6674=CARTESIAN_POINT('',(3.649999999992E-1,-2.5E-2,1.675000000001E0));
#6675=DIRECTION('',(1.E0,0.E0,0.E0));
#6676=DIRECTION('',(0.E0,0.E0,-1.E0));
#6677=AXIS2_PLACEMENT_3D('',#6674,#6675,#6676);
#6678=PLANE('',#6677);
#6679=ORIENTED_EDGE('',*,*,#5616,.T.);
#6681=ORIENTED_EDGE('',*,*,#6680,.T.);
#6682=ORIENTED_EDGE('',*,*,#5844,.F.);
#6683=ORIENTED_EDGE('',*,*,#6078,.F.);
#6684=EDGE_LOOP('',(#6679,#6681,#6682,#6683));
#6685=FACE_OUTER_BOUND('',#6684,.F.);
#6686=ADVANCED_FACE('',(#6685),#6678,.F.);
#6687=CARTESIAN_POINT('',(3.649999999992E-1,-2.5E-2,1.420000000001E0));
#6688=DIRECTION('',(8.944271909991E-1,0.E0,4.472135955016E-1));
#6689=DIRECTION('',(4.472135955016E-1,0.E0,-8.944271909991E-1));
#6690=AXIS2_PLACEMENT_3D('',#6687,#6688,#6689);
#6691=PLANE('',#6690);
#6692=ORIENTED_EDGE('',*,*,#5614,.T.);
#6694=ORIENTED_EDGE('',*,*,#6693,.T.);
#6695=ORIENTED_EDGE('',*,*,#5846,.F.);
#6696=ORIENTED_EDGE('',*,*,#6680,.F.);
#6697=EDGE_LOOP('',(#6692,#6694,#6695,#6696));
#6698=FACE_OUTER_BOUND('',#6697,.F.);
#6699=ADVANCED_FACE('',(#6698),#6691,.F.);
#6700=CARTESIAN_POINT('',(3.749999999992E-1,-2.5E-2,1.400000000001E0));
#6701=DIRECTION('',(1.E0,0.E0,0.E0));
#6702=DIRECTION('',(0.E0,0.E0,-1.E0));
#6703=AXIS2_PLACEMENT_3D('',#6700,#6701,#6702);
#6704=PLANE('',#6703);
#6705=ORIENTED_EDGE('',*,*,#5612,.T.);
#6707=ORIENTED_EDGE('',*,*,#6706,.T.);
#6708=ORIENTED_EDGE('',*,*,#5848,.F.);
#6709=ORIENTED_EDGE('',*,*,#6693,.F.);
#6710=EDGE_LOOP('',(#6705,#6707,#6708,#6709));
#6711=FACE_OUTER_BOUND('',#6710,.F.);
#6712=ADVANCED_FACE('',(#6711),#6704,.F.);
#6713=CARTESIAN_POINT('',(3.749999999992E-1,-2.5E-2,-1.999999999991E-1));
#6714=DIRECTION('',(0.E0,0.E0,-1.E0));
#6715=DIRECTION('',(-1.E0,0.E0,0.E0));
#6716=AXIS2_PLACEMENT_3D('',#6713,#6714,#6715);
#6717=PLANE('',#6716);
#6718=ORIENTED_EDGE('',*,*,#5610,.T.);
#6720=ORIENTED_EDGE('',*,*,#6719,.T.);
#6721=ORIENTED_EDGE('',*,*,#5850,.F.);
#6722=ORIENTED_EDGE('',*,*,#6706,.F.);
#6723=EDGE_LOOP('',(#6718,#6720,#6721,#6722));
#6724=FACE_OUTER_BOUND('',#6723,.F.);
#6725=ADVANCED_FACE('',(#6724),#6717,.F.);
#6726=CARTESIAN_POINT('',(1.249999999992E-1,-2.5E-2,-1.999999999991E-1));
#6727=DIRECTION('',(-1.E0,0.E0,0.E0));
#6728=DIRECTION('',(0.E0,0.E0,1.E0));
#6729=AXIS2_PLACEMENT_3D('',#6726,#6727,#6728);
#6730=PLANE('',#6729);
#6731=ORIENTED_EDGE('',*,*,#5608,.T.);
#6733=ORIENTED_EDGE('',*,*,#6732,.T.);
#6734=ORIENTED_EDGE('',*,*,#5852,.F.);
#6735=ORIENTED_EDGE('',*,*,#6719,.F.);
#6736=EDGE_LOOP('',(#6731,#6733,#6734,#6735));
#6737=FACE_OUTER_BOUND('',#6736,.F.);
#6738=ADVANCED_FACE('',(#6737),#6730,.F.);
#6739=CARTESIAN_POINT('',(1.249999999992E-1,-2.5E-2,1.400000000001E0));
#6740=DIRECTION('',(-8.944271909999E-1,0.E0,4.472135954999E-1));
#6741=DIRECTION('',(4.472135954999E-1,0.E0,8.944271909999E-1));
#6742=AXIS2_PLACEMENT_3D('',#6739,#6740,#6741);
#6743=PLANE('',#6742);
#6744=ORIENTED_EDGE('',*,*,#5606,.T.);
#6746=ORIENTED_EDGE('',*,*,#6745,.T.);
#6747=ORIENTED_EDGE('',*,*,#5854,.F.);
#6748=ORIENTED_EDGE('',*,*,#6732,.F.);
#6749=EDGE_LOOP('',(#6744,#6746,#6747,#6748));
#6750=FACE_OUTER_BOUND('',#6749,.F.);
#6751=ADVANCED_FACE('',(#6750),#6743,.F.);
#6752=CARTESIAN_POINT('',(1.349999999992E-1,-2.5E-2,1.420000000001E0));
#6753=DIRECTION('',(-1.E0,0.E0,0.E0));
#6754=DIRECTION('',(0.E0,0.E0,1.E0));
#6755=AXIS2_PLACEMENT_3D('',#6752,#6753,#6754);
#6756=PLANE('',#6755);
#6757=ORIENTED_EDGE('',*,*,#5604,.F.);
#6758=ORIENTED_EDGE('',*,*,#6081,.T.);
#6759=ORIENTED_EDGE('',*,*,#5856,.F.);
#6760=ORIENTED_EDGE('',*,*,#6745,.F.);
#6761=EDGE_LOOP('',(#6757,#6758,#6759,#6760));
#6762=FACE_OUTER_BOUND('',#6761,.F.);
#6763=ADVANCED_FACE('',(#6762),#6756,.F.);
#6764=CARTESIAN_POINT('',(-1.280000000001E0,-2.5E-2,-8.499999999914E-2));
#6765=DIRECTION('',(0.E0,0.E0,1.E0));
#6766=DIRECTION('',(1.E0,0.E0,0.E0));
#6767=AXIS2_PLACEMENT_3D('',#6764,#6765,#6766);
#6768=PLANE('',#6767);
#6769=ORIENTED_EDGE('',*,*,#5566,.T.);
#6771=ORIENTED_EDGE('',*,*,#6770,.T.);
#6772=ORIENTED_EDGE('',*,*,#6024,.F.);
#6773=ORIENTED_EDGE('',*,*,#5802,.F.);
#6774=EDGE_LOOP('',(#6769,#6771,#6772,#6773));
#6775=FACE_OUTER_BOUND('',#6774,.F.);
#6776=ADVANCED_FACE('',(#6775),#6768,.F.);
#6777=CARTESIAN_POINT('',(-9.750000000008E-1,-2.5E-2,-2.099999999991E-1));
#6778=DIRECTION('',(0.E0,1.E0,0.E0));
#6779=DIRECTION('',(1.E0,0.E0,0.E0));
#6780=AXIS2_PLACEMENT_3D('',#6777,#6778,#6779);
#6781=CYLINDRICAL_SURFACE('',#6780,1.25E-1);
#6782=ORIENTED_EDGE('',*,*,#5564,.T.);
#6784=ORIENTED_EDGE('',*,*,#6783,.T.);
#6785=ORIENTED_EDGE('',*,*,#6026,.F.);
#6786=ORIENTED_EDGE('',*,*,#6770,.F.);
#6787=EDGE_LOOP('',(#6782,#6784,#6785,#6786));
#6788=FACE_OUTER_BOUND('',#6787,.F.);
#6789=ADVANCED_FACE('',(#6788),#6781,.F.);
#6790=CARTESIAN_POINT('',(-9.750000000008E-1,-2.5E-2,-3.349999999991E-1));
#6791=DIRECTION('',(0.E0,0.E0,-1.E0));
#6792=DIRECTION('',(-1.E0,0.E0,0.E0));
#6793=AXIS2_PLACEMENT_3D('',#6790,#6791,#6792);
#6794=PLANE('',#6793);
#6795=ORIENTED_EDGE('',*,*,#5562,.F.);
#6796=ORIENTED_EDGE('',*,*,#5806,.T.);
#6797=ORIENTED_EDGE('',*,*,#6028,.F.);
#6798=ORIENTED_EDGE('',*,*,#6783,.F.);
#6799=EDGE_LOOP('',(#6795,#6796,#6797,#6798));
#6800=FACE_OUTER_BOUND('',#6799,.F.);
#6801=ADVANCED_FACE('',(#6800),#6794,.F.);
#6802=CARTESIAN_POINT('',(-1.280000000001E0,-2.5E-2,4.150000000009E-1));
#6803=DIRECTION('',(0.E0,0.E0,1.E0));
#6804=DIRECTION('',(1.E0,0.E0,0.E0));
#6805=AXIS2_PLACEMENT_3D('',#6802,#6803,#6804);
#6806=PLANE('',#6805);
#6807=ORIENTED_EDGE('',*,*,#5574,.T.);
#6809=ORIENTED_EDGE('',*,*,#6808,.T.);
#6810=ORIENTED_EDGE('',*,*,#6039,.F.);
#6811=ORIENTED_EDGE('',*,*,#5795,.F.);
#6812=EDGE_LOOP('',(#6807,#6809,#6810,#6811));
#6813=FACE_OUTER_BOUND('',#6812,.F.);
#6814=ADVANCED_FACE('',(#6813),#6806,.F.);
#6815=CARTESIAN_POINT('',(-9.750000000008E-1,-2.5E-2,2.900000000009E-1));
#6816=DIRECTION('',(0.E0,1.E0,0.E0));
#6817=DIRECTION('',(1.E0,0.E0,0.E0));
#6818=AXIS2_PLACEMENT_3D('',#6815,#6816,#6817);
#6819=CYLINDRICAL_SURFACE('',#6818,1.25E-1);
#6820=ORIENTED_EDGE('',*,*,#5572,.T.);
#6822=ORIENTED_EDGE('',*,*,#6821,.T.);
#6823=ORIENTED_EDGE('',*,*,#6041,.F.);
#6824=ORIENTED_EDGE('',*,*,#6808,.F.);
#6825=EDGE_LOOP('',(#6820,#6822,#6823,#6824));
#6826=FACE_OUTER_BOUND('',#6825,.F.);
#6827=ADVANCED_FACE('',(#6826),#6819,.F.);
#6828=CARTESIAN_POINT('',(-9.750000000008E-1,-2.5E-2,1.650000000009E-1));
#6829=DIRECTION('',(0.E0,0.E0,-1.E0));
#6830=DIRECTION('',(-1.E0,0.E0,0.E0));
#6831=AXIS2_PLACEMENT_3D('',#6828,#6829,#6830);
#6832=PLANE('',#6831);
#6833=ORIENTED_EDGE('',*,*,#5570,.F.);
#6834=ORIENTED_EDGE('',*,*,#5799,.T.);
#6835=ORIENTED_EDGE('',*,*,#6043,.F.);
#6836=ORIENTED_EDGE('',*,*,#6821,.F.);
#6837=EDGE_LOOP('',(#6833,#6834,#6835,#6836));
#6838=FACE_OUTER_BOUND('',#6837,.F.);
#6839=ADVANCED_FACE('',(#6838),#6832,.F.);
#6840=CARTESIAN_POINT('',(-1.280000000001E0,-2.5E-2,1.065000000001E0));
#6841=DIRECTION('',(0.E0,0.E0,1.E0));
#6842=DIRECTION('',(1.E0,0.E0,0.E0));
#6843=AXIS2_PLACEMENT_3D('',#6840,#6841,#6842);
#6844=PLANE('',#6843);
#6845=ORIENTED_EDGE('',*,*,#5582,.T.);
#6847=ORIENTED_EDGE('',*,*,#6846,.T.);
#6848=ORIENTED_EDGE('',*,*,#6054,.F.);
#6849=ORIENTED_EDGE('',*,*,#5788,.F.);
#6850=EDGE_LOOP('',(#6845,#6847,#6848,#6849));
#6851=FACE_OUTER_BOUND('',#6850,.F.);
#6852=ADVANCED_FACE('',(#6851),#6844,.F.);
#6853=CARTESIAN_POINT('',(-1.050000000001E0,-2.5E-2,8.650000000009E-1));
#6854=DIRECTION('',(0.E0,1.E0,0.E0));
#6855=DIRECTION('',(1.E0,0.E0,0.E0));
#6856=AXIS2_PLACEMENT_3D('',#6853,#6854,#6855);
#6857=CYLINDRICAL_SURFACE('',#6856,2.E-1);
#6858=ORIENTED_EDGE('',*,*,#5580,.T.);
#6860=ORIENTED_EDGE('',*,*,#6859,.T.);
#6861=ORIENTED_EDGE('',*,*,#6056,.F.);
#6862=ORIENTED_EDGE('',*,*,#6846,.F.);
#6863=EDGE_LOOP('',(#6858,#6860,#6861,#6862));
#6864=FACE_OUTER_BOUND('',#6863,.F.);
#6865=ADVANCED_FACE('',(#6864),#6857,.F.);
#6866=CARTESIAN_POINT('',(-1.050000000001E0,-2.5E-2,6.650000000009E-1));
#6867=DIRECTION('',(0.E0,0.E0,-1.E0));
#6868=DIRECTION('',(-1.E0,0.E0,0.E0));
#6869=AXIS2_PLACEMENT_3D('',#6866,#6867,#6868);
#6870=PLANE('',#6869);
#6871=ORIENTED_EDGE('',*,*,#5578,.F.);
#6872=ORIENTED_EDGE('',*,*,#5792,.T.);
#6873=ORIENTED_EDGE('',*,*,#6058,.F.);
#6874=ORIENTED_EDGE('',*,*,#6859,.F.);
#6875=EDGE_LOOP('',(#6871,#6872,#6873,#6874));
#6876=FACE_OUTER_BOUND('',#6875,.F.);
#6877=ADVANCED_FACE('',(#6876),#6870,.F.);
#6878=CLOSED_SHELL('',(#5714,#5729,#5743,#5757,#5771,#5812,#5836,#5860,#5876,
#5892,#5908,#5924,#5940,#5964,#5988,#6004,#6017,#6032,#6047,#6062,#6088,#6101,
#6114,#6127,#6140,#6153,#6166,#6178,#6192,#6229,#6242,#6255,#6267,#6303,#6316,
#6329,#6341,#6354,#6367,#6379,#6392,#6405,#6417,#6430,#6443,#6455,#6468,#6481,
#6493,#6506,#6519,#6532,#6545,#6558,#6571,#6583,#6596,#6609,#6622,#6635,#6648,
#6661,#6673,#6686,#6699,#6712,#6725,#6738,#6751,#6763,#6776,#6789,#6801,#6814,
#6827,#6839,#6852,#6865,#6877));
#6879=MANIFOLD_SOLID_BREP('',#6878);
#6880=FILL_AREA_STYLE_COLOUR('',#3);
#6881=FILL_AREA_STYLE('',(#6880));
#6882=SURFACE_STYLE_FILL_AREA(#6881);
#6883=SURFACE_SIDE_STYLE('',(#6882));
#6884=SURFACE_STYLE_USAGE(.BOTH.,#6883);
#6885=PRESENTATION_STYLE_ASSIGNMENT((#6884));
#3605=STYLED_ITEM('',(#6885),#6879);
#6887=DIMENSIONAL_EXPONENTS(0.E0,0.E0,0.E0,0.E0,0.E0,0.E0,0.E0);
#6889=PLANE_ANGLE_MEASURE_WITH_UNIT(PLANE_ANGLE_MEASURE(1.745329251994E-2),
#6888);
#6890=(CONVERSION_BASED_UNIT('DEGREE',#6889)NAMED_UNIT(*)PLANE_ANGLE_UNIT());
#6892=UNCERTAINTY_MEASURE_WITH_UNIT(LENGTH_MEASURE(4.435518684379E-4),#6886,
'closure',
'Maximum model space distance between geometric entities at asserted connectivities');
#6893=(GEOMETRIC_REPRESENTATION_CONTEXT(3)GLOBAL_UNCERTAINTY_ASSIGNED_CONTEXT((
#6892))GLOBAL_UNIT_ASSIGNED_CONTEXT((#6886,#6890,#6891))REPRESENTATION_CONTEXT(
'ID2','3'));
#6894=CARTESIAN_POINT('',(0.E0,0.E0,0.E0));
#6895=DIRECTION('',(0.E0,0.E0,1.E0));
#6896=DIRECTION('',(1.E0,0.E0,0.E0));
#6899=MECHANICAL_CONTEXT('',#3584,'mechanical');
#6900=PRODUCT('MOLD','MOLD','NOT SPECIFIED',(#6899));
#6901=PRODUCT_DEFINITION_FORMATION_WITH_SPECIFIED_SOURCE('2','LAST_VERSION',
#6900,.MADE.);
#6907=CARTESIAN_POINT('',(0.E0,0.E0,2.5E-2));
#6908=DIRECTION('',(0.E0,-1.E0,0.E0));
#6909=DIRECTION('',(1.E0,0.E0,0.E0));
#6910=AXIS2_PLACEMENT_3D('',#6907,#6908,#6909);
#6911=ITEM_DEFINED_TRANSFORMATION('','',#6897,#6910);
#6912=(REPRESENTATION_RELATIONSHIP('','',#6898,#3595)REPRESENTATION_RELATIONSHIP_WITH_TRANSFORMATION(#6911)SHAPE_REPRESENTATION_RELATIONSHIP());
#6913=CONTEXT_DEPENDENT_SHAPE_REPRESENTATION(#6912,#6906);
#6915=DIMENSIONAL_EXPONENTS(0.E0,0.E0,0.E0,0.E0,0.E0,0.E0,0.E0);
#6917=PLANE_ANGLE_MEASURE_WITH_UNIT(PLANE_ANGLE_MEASURE(1.745329251994E-2),
#6916);
#6918=(CONVERSION_BASED_UNIT('DEGREE',#6917)NAMED_UNIT(*)PLANE_ANGLE_UNIT());
#6920=UNCERTAINTY_MEASURE_WITH_UNIT(LENGTH_MEASURE(4.435518684379E-4),#6914,
'closure',
'Maximum model space distance between geometric entities at asserted connectivities');
#6921=(GEOMETRIC_REPRESENTATION_CONTEXT(3)GLOBAL_UNCERTAINTY_ASSIGNED_CONTEXT((
#6920))GLOBAL_UNIT_ASSIGNED_CONTEXT((#6914,#6918,#6919))REPRESENTATION_CONTEXT(
'ID3','3'));
#6922=CARTESIAN_POINT('',(0.E0,0.E0,0.E0));
#6923=DIRECTION('',(0.E0,0.E0,1.E0));
#6924=DIRECTION('',(1.E0,0.E0,0.E0));
#6926=MECHANICAL_DESIGN_GEOMETRIC_PRESENTATION_REPRESENTATION('',(#37,#44,#51,
#58,#65,#72,#79,#86,#93,#100,#107,#114,#121,#128,#135,#200,#29,#284,#291,#299,
#306,#313,#320,#327,#334,#341,#348,#356,#363,#417,#277,#486,#493,#501,#508,#515,
#522,#529,#536,#543,#550,#558,#565,#619,#479,#688,#695,#703,#710,#717,#724,#731,
#738,#745,#752,#760,#767,#821,#681,#890,#897,#904,#911,#918,#925,#932,#939,#946,
#953,#960,#967,#974,#981,#988,#995,#1002,#1009,#1016,#1023,#1030,#1037,#1044,
#1051,#1106,#883,#1258,#1265,#1272,#1279,#1286,#1293,#1300,#1307,#1314,#1321,
#1328,#1335,#1342,#1349,#1356,#1363,#1370,#1377,#1384,#1391,#1398,#1405,#1412,
#1419,#1474,#1251,#1626,#1633,#1641,#1648,#1655,#1662,#1669,#1676,#1683,#1690,
#1698,#1705,#1759,#1619,#1828,#1835,#1843,#1850,#1857,#1864,#1871,#1878,#1885,
#1892,#1900,#1907,#1961,#1821,#2030,#2037,#2045,#2052,#2059,#2066,#2073,#2080,
#2087,#2094,#2102,#2109,#2163,#2023,#2232,#2239,#2247,#2254,#2261,#2268,#2275,
#2282,#2289,#2296,#2304,#2311,#2365,#2225,#2434,#2441,#2449,#2456,#2463,#2470,
#2477,#2484,#2491,#2498,#2506,#2513,#2567,#2427,#2636,#2643,#2650,#2657,#2665,
#2672,#2679,#2686,#2693,#2700,#2707,#2714,#2721,#2729,#2736,#2743,#2750,#2757,
#2764,#2771,#2778,#2785,#2792,#2799,#2854,#2629,#3006,#3013,#3020,#3027,#3035,
#3042,#3049,#3056,#3063,#3070,#3077,#3084,#3091,#3099,#3106,#3113,#3120,#3127,
#3134,#3141,#3148,#3155,#3162,#3169,#3224,#2999,#3376,#3383,#3391,#3398,#3405,
#3412,#3419,#3426,#3433,#3440,#3448,#3455,#3509,#3369,#3612,#3619,#3626,#3634,
#3641,#3648,#3655,#3663,#3670,#3677,#3684,#3692,#3699,#3706,#3713,#3720,#3727,
#3734,#3741,#3748,#3755,#3762,#3769,#3776,#3783,#3790,#3797,#3804,#3811,#3818,
#3825,#3832,#3839,#3847,#3854,#3861,#3868,#3876,#3883,#3890,#3897,#3905,#3912,
#3919,#3926,#3934,#3941,#3948,#3955,#3962,#3970,#3977,#3984,#3991,#3998,#4005,
#4013,#4020,#4027,#4034,#4041,#4048,#4055,#4062,#4070,#4077,#4084,#4091,#4098,
#4105,#4113,#4120,#4127,#4134,#4141,#4148,#4155,#4162,#4169,#4176,#4183,#4190,
#4197,#4204,#4211,#4218,#4225,#4232,#4239,#4246,#4253,#4260,#4267,#4274,#4281,
#4288,#4295,#4302,#4309,#4316,#4323,#4330,#4337,#4344,#4351,#4358,#4365,#4372,
#4380,#4387,#4394,#4402,#4409,#4416,#4424,#4431,#4438,#4446,#4453,#4460,#4468,
#4475,#4482,#4489,#4496,#4504,#4511,#4518,#4525,#4532,#4539,#4546,#4554,#4561,
#4568,#4575,#4582,#4590,#4597,#4604,#4611,#4618,#4625,#4632,#4640,#4647,#4654,
#4662,#4669,#4676,#4684,#4691,#4698,#4705,#4712,#4719,#4726,#4733,#4740,#4747,
#4754,#4761,#4768,#4775,#4782,#4789,#4796,#4803,#4810,#4817,#4824,#4831,#4838,
#4845,#4852,#4859,#4866,#4873,#4880,#4887,#4894,#4901,#4908,#4915,#4922,#4929,
#4936,#4943,#4950,#4957,#4964,#4971,#4978,#4985,#4992,#4999,#5006,#5013,#5020,
#5027,#5034,#5041,#5048,#5055,#5062,#5069,#5076,#5083,#5090,#5097,#5104,#5111,
#5118,#5125,#5132,#5139,#5146,#5153,#5160,#5167,#5174,#5181,#5188,#5195,#5202,
#5209,#5216,#5223,#5230,#5237,#5244,#3605),#6921);
#6927=DESIGN_CONTEXT('',#3584,'design');
#6928=MECHANICAL_CONTEXT('',#3584,'mechanical');
#6929=PRODUCT('RZP0014A_ASM','RZP0014A_ASM','NOT SPECIFIED',(#6928));
#6930=PRODUCT_DEFINITION_FORMATION_WITH_SPECIFIED_SOURCE('1','LAST_VERSION',
#6929,.MADE.);
#6932=PRODUCT_CATEGORY('part','');
#6933=PRODUCT_RELATED_PRODUCT_CATEGORY('assembly','',(#6929));
#6934=PRODUCT_CATEGORY_RELATIONSHIP('','',#6932,#6933);
#6935=PRODUCT_CATEGORY('part','');
#6936=PRODUCT_RELATED_PRODUCT_CATEGORY('detail','',(#3588,#6900));
#6937=PRODUCT_CATEGORY_RELATIONSHIP('','',#6935,#6936);
#6938=SECURITY_CLASSIFICATION_LEVEL('unclassified');
#6939=SECURITY_CLASSIFICATION('','',#6938);
#6940=CC_DESIGN_SECURITY_CLASSIFICATION(#6939,(#3589,#6901,#6930,#3596,#6905));
#6941=APPROVAL_STATUS('approved');
#6942=APPROVAL(#6941,'');
#6943=CC_DESIGN_APPROVAL(#6942,(#6939,#3589,#6901,#6930,#3590,#6902,#6931));
#6944=CALENDAR_DATE(122,2,3);
#6945=COORDINATED_UNIVERSAL_TIME_OFFSET(8,0,.BEHIND.);
#6946=LOCAL_TIME(8,24,4.7E1,#6945);
#6947=DATE_AND_TIME(#6944,#6946);
#6948=APPROVAL_DATE_TIME(#6947,#6942);
#6949=DATE_TIME_ROLE('creation_date');
#6950=CC_DESIGN_DATE_AND_TIME_ASSIGNMENT(#6947,#6949,(#3590,#6902,#6931));
#6951=DATE_TIME_ROLE('classification_date');
#6952=CC_DESIGN_DATE_AND_TIME_ASSIGNMENT(#6947,#6951,(#6939));
#6953=PERSON('UNSPECIFIED','UNSPECIFIED',$,$,$,$);
#6954=ORGANIZATION('UNSPECIFIED','UNSPECIFIED','UNSPECIFIED');
#6955=PERSON_AND_ORGANIZATION(#6953,#6954);
#6956=APPROVAL_ROLE('approver');
#6957=APPROVAL_PERSON_ORGANIZATION(#6955,#6942,#6956);
#6958=PERSON_AND_ORGANIZATION_ROLE('creator');
#6959=CC_DESIGN_PERSON_AND_ORGANIZATION_ASSIGNMENT(#6955,#6958,(#3589,#6901,
#6930,#3590,#6902,#6931));
#6960=PERSON_AND_ORGANIZATION_ROLE('design_supplier');
#6961=CC_DESIGN_PERSON_AND_ORGANIZATION_ASSIGNMENT(#6955,#6960,(#3589,#6901,
#6930));
#6962=PERSON_AND_ORGANIZATION_ROLE('classification_officer');
#6963=CC_DESIGN_PERSON_AND_ORGANIZATION_ASSIGNMENT(#6955,#6962,(#6939));
#6964=PERSON_AND_ORGANIZATION_ROLE('design_owner');
#6965=CC_DESIGN_PERSON_AND_ORGANIZATION_ASSIGNMENT(#6955,#6964,(#6929,#3588,
#6900));
#1=COLOUR_RGB('',0.E0,4.3E-1,1.E0);
#2=COLOUR_RGB('',0.E0,6.6E-1,0.E0);
#3=COLOUR_RGB('',9.8039E-2,9.8039E-2,9.8039E-2);
#4=COLOUR_RGB('',1.80392E-1,2.7451E-1,9.8039E-2);
#5=COLOUR_RGB('',3.E-1,1.29412E-1,2.5098E-1);
#6=COLOUR_RGB('',3.13725E-1,3.13725E-1,3.13725E-1);
#7=COLOUR_RGB('',3.2E-1,4.9E-1,1.76471E-1);
#8=COLOUR_RGB('',3.5E-1,3.5E-1,3.5E-1);
#9=COLOUR_RGB('',3.92157E-1,3.92157E-1,3.92157E-1);
#10=COLOUR_RGB('',5.7E-1,0.E0,1.E0);
#11=COLOUR_RGB('',5.9E-1,3.E-1,0.E0);
#12=COLOUR_RGB('',6.E-1,6.E-1,6.E-1);
#13=COLOUR_RGB('',6.2E-1,3.3E-1,2.3E-1);
#14=COLOUR_RGB('',6.35294E-1,6.86275E-1,7.4902E-1);
#15=COLOUR_RGB('',6.66667E-1,6.66667E-1,6.66667E-1);
#16=COLOUR_RGB('',6.9E-1,0.E0,0.E0);
#17=COLOUR_RGB('',7.E-1,7.E-1,7.E-1);
#18=COLOUR_RGB('',8.23529E-1,7.05882E-1,4.31373E-1);
#19=COLOUR_RGB('',8.39216E-1,8.90196E-1,7.68627E-1);
#20=COLOUR_RGB('',8.62745E-1,4.98039E-1,3.92157E-1);
#21=COLOUR_RGB('',8.7E-1,7.5E-1,4.9E-1);
#22=COLOUR_RGB('',8.82353E-1,8.82353E-1,8.82353E-1);
#23=COLOUR_RGB('',9.80392E-1,9.80392E-1,9.80392E-1);
#24=COLOUR_RGB('',9.9E-1,1.E0,0.E0);
#25=DRAUGHTING_PRE_DEFINED_COLOUR('magenta');
#26=COLOUR_RGB('',1.E0,5.E-1,0.E0);
#27=COLOUR_RGB('',1.E0,6.19608E-1,5.17647E-1);
#28=DRAUGHTING_PRE_DEFINED_COLOUR('white');
#161=EDGE_CURVE('',#150,#151,#33,.T.);
#163=EDGE_CURVE('',#150,#138,#41,.T.);
#165=EDGE_CURVE('',#138,#139,#48,.T.);
#167=EDGE_CURVE('',#139,#141,#55,.T.);
#169=EDGE_CURVE('',#141,#151,#62,.T.);
#180=EDGE_CURVE('',#151,#155,#69,.T.);
#182=EDGE_CURVE('',#154,#155,#104,.T.);
#184=EDGE_CURVE('',#150,#154,#97,.T.);
#208=EDGE_CURVE('',#141,#147,#76,.T.);
#210=EDGE_CURVE('',#147,#155,#111,.T.);
#221=EDGE_CURVE('',#139,#145,#83,.T.);
#223=EDGE_CURVE('',#145,#147,#118,.T.);
#235=EDGE_CURVE('',#138,#144,#90,.T.);
#237=EDGE_CURVE('',#144,#145,#125,.T.);
#249=EDGE_CURVE('',#154,#144,#132,.T.);
#296=CIRCLE('',#295,1.25E-1);
#353=CIRCLE('',#352,1.25E-1);
#385=EDGE_CURVE('',#374,#375,#281,.T.);
#387=EDGE_CURVE('',#374,#366,#288,.T.);
#389=EDGE_CURVE('',#366,#367,#296,.T.);
#391=EDGE_CURVE('',#367,#375,#303,.T.);
#402=EDGE_CURVE('',#375,#379,#310,.T.);
#404=EDGE_CURVE('',#378,#379,#338,.T.);
#406=EDGE_CURVE('',#374,#378,#331,.T.);
#425=EDGE_CURVE('',#367,#371,#317,.T.);
#427=EDGE_CURVE('',#371,#379,#345,.T.);
#438=EDGE_CURVE('',#366,#370,#324,.T.);
#440=EDGE_CURVE('',#370,#371,#353,.T.);
#452=EDGE_CURVE('',#378,#370,#360,.T.);
#498=CIRCLE('',#497,1.25E-1);
#555=CIRCLE('',#554,1.25E-1);
#587=EDGE_CURVE('',#576,#577,#483,.T.);
#589=EDGE_CURVE('',#576,#568,#490,.T.);
#591=EDGE_CURVE('',#568,#569,#498,.T.);
#593=EDGE_CURVE('',#569,#577,#505,.T.);
#604=EDGE_CURVE('',#577,#581,#512,.T.);
#606=EDGE_CURVE('',#580,#581,#540,.T.);
#608=EDGE_CURVE('',#576,#580,#533,.T.);
#627=EDGE_CURVE('',#569,#573,#519,.T.);
#629=EDGE_CURVE('',#573,#581,#547,.T.);
#640=EDGE_CURVE('',#568,#572,#526,.T.);
#642=EDGE_CURVE('',#572,#573,#555,.T.);
#654=EDGE_CURVE('',#580,#572,#562,.T.);
#700=CIRCLE('',#699,2.E-1);
#757=CIRCLE('',#756,2.E-1);
#789=EDGE_CURVE('',#778,#779,#685,.T.);
#791=EDGE_CURVE('',#778,#770,#692,.T.);
#793=EDGE_CURVE('',#770,#771,#700,.T.);
#795=EDGE_CURVE('',#771,#779,#707,.T.);
#806=EDGE_CURVE('',#779,#783,#714,.T.);
#808=EDGE_CURVE('',#782,#783,#742,.T.);
#810=EDGE_CURVE('',#778,#782,#735,.T.);
#829=EDGE_CURVE('',#771,#775,#721,.T.);
#831=EDGE_CURVE('',#775,#783,#749,.T.);
#842=EDGE_CURVE('',#770,#774,#728,.T.);
#844=EDGE_CURVE('',#774,#775,#757,.T.);
#856=EDGE_CURVE('',#782,#774,#764,.T.);
#1089=EDGE_CURVE('',#1078,#1079,#887,.T.);
#1091=EDGE_CURVE('',#1079,#1083,#1006,.T.);
#1093=EDGE_CURVE('',#1082,#1083,#950,.T.);
#1095=EDGE_CURVE('',#1078,#1082,#943,.T.);
#1113=EDGE_CURVE('',#1078,#1058,#894,.T.);
#1115=EDGE_CURVE('',#1058,#1059,#901,.T.);
#1117=EDGE_CURVE('',#1059,#1061,#908,.T.);
#1119=EDGE_CURVE('',#1061,#1063,#915,.T.);
#1121=EDGE_CURVE('',#1063,#1054,#922,.T.);
#1123=EDGE_CURVE('',#1054,#1055,#929,.T.);
#1125=EDGE_CURVE('',#1055,#1079,#936,.T.);
#1136=EDGE_CURVE('',#1082,#1070,#999,.T.);
#1138=EDGE_CURVE('',#1058,#1070,#1048,.T.);
#1150=EDGE_CURVE('',#1067,#1083,#957,.T.);
#1152=EDGE_CURVE('',#1066,#1067,#964,.T.);
#1154=EDGE_CURVE('',#1075,#1066,#971,.T.);
#1156=EDGE_CURVE('',#1073,#1075,#978,.T.);
#1158=EDGE_CURVE('',#1071,#1073,#985,.T.);
#1160=EDGE_CURVE('',#1070,#1071,#992,.T.);
#1173=EDGE_CURVE('',#1055,#1067,#1013,.T.);
#1185=EDGE_CURVE('',#1054,#1066,#1020,.T.);
#1198=EDGE_CURVE('',#1063,#1075,#1027,.T.);
#1211=EDGE_CURVE('',#1061,#1073,#1034,.T.);
#1224=EDGE_CURVE('',#1059,#1071,#1041,.T.);
#1457=EDGE_CURVE('',#1446,#1447,#1255,.T.);
#1459=EDGE_CURVE('',#1447,#1451,#1374,.T.);
#1461=EDGE_CURVE('',#1450,#1451,#1318,.T.);
#1463=EDGE_CURVE('',#1446,#1450,#1311,.T.);
#1481=EDGE_CURVE('',#1446,#1430,#1262,.T.);
#1483=EDGE_CURVE('',#1430,#1431,#1269,.T.);
#1485=EDGE_CURVE('',#1431,#1422,#1276,.T.);
#1487=EDGE_CURVE('',#1422,#1423,#1283,.T.);
#1489=EDGE_CURVE('',#1423,#1425,#1290,.T.);
#1491=EDGE_CURVE('',#1425,#1427,#1297,.T.);
#1493=EDGE_CURVE('',#1427,#1447,#1304,.T.);
#1504=EDGE_CURVE('',#1450,#1442,#1367,.T.);
#1506=EDGE_CURVE('',#1430,#1442,#1416,.T.);
#1518=EDGE_CURVE('',#1439,#1451,#1325,.T.);
#1520=EDGE_CURVE('',#1437,#1439,#1332,.T.);
#1522=EDGE_CURVE('',#1435,#1437,#1339,.T.);
#1524=EDGE_CURVE('',#1434,#1435,#1346,.T.);
#1526=EDGE_CURVE('',#1443,#1434,#1353,.T.);
#1528=EDGE_CURVE('',#1442,#1443,#1360,.T.);
#1541=EDGE_CURVE('',#1427,#1439,#1381,.T.);
#1553=EDGE_CURVE('',#1425,#1437,#1388,.T.);
#1566=EDGE_CURVE('',#1423,#1435,#1395,.T.);
#1579=EDGE_CURVE('',#1422,#1434,#1402,.T.);
#1592=EDGE_CURVE('',#1431,#1443,#1409,.T.);
#1638=CIRCLE('',#1637,2.E-1);
#1695=CIRCLE('',#1694,2.E-1);
#1727=EDGE_CURVE('',#1716,#1717,#1623,.T.);
#1729=EDGE_CURVE('',#1716,#1708,#1630,.T.);
#1731=EDGE_CURVE('',#1708,#1709,#1638,.T.);
#1733=EDGE_CURVE('',#1709,#1717,#1645,.T.);
#1744=EDGE_CURVE('',#1717,#1721,#1652,.T.);
#1746=EDGE_CURVE('',#1720,#1721,#1680,.T.);
#1748=EDGE_CURVE('',#1716,#1720,#1673,.T.);
#1767=EDGE_CURVE('',#1709,#1713,#1659,.T.);
#1769=EDGE_CURVE('',#1713,#1721,#1687,.T.);
#1780=EDGE_CURVE('',#1708,#1712,#1666,.T.);
#1782=EDGE_CURVE('',#1712,#1713,#1695,.T.);
#1794=EDGE_CURVE('',#1720,#1712,#1702,.T.);
#1840=CIRCLE('',#1839,1.25E-1);
#1897=CIRCLE('',#1896,1.25E-1);
#1929=EDGE_CURVE('',#1918,#1919,#1825,.T.);
#1931=EDGE_CURVE('',#1918,#1910,#1832,.T.);
#1933=EDGE_CURVE('',#1910,#1911,#1840,.T.);
#1935=EDGE_CURVE('',#1911,#1919,#1847,.T.);
#1946=EDGE_CURVE('',#1919,#1923,#1854,.T.);
#1948=EDGE_CURVE('',#1922,#1923,#1882,.T.);
#1950=EDGE_CURVE('',#1918,#1922,#1875,.T.);
#1969=EDGE_CURVE('',#1911,#1915,#1861,.T.);
#1971=EDGE_CURVE('',#1915,#1923,#1889,.T.);
#1982=EDGE_CURVE('',#1910,#1914,#1868,.T.);
#1984=EDGE_CURVE('',#1914,#1915,#1897,.T.);
#1996=EDGE_CURVE('',#1922,#1914,#1904,.T.);
#2042=CIRCLE('',#2041,1.25E-1);
#2099=CIRCLE('',#2098,1.25E-1);
#2131=EDGE_CURVE('',#2120,#2121,#2027,.T.);
#2133=EDGE_CURVE('',#2120,#2112,#2034,.T.);
#2135=EDGE_CURVE('',#2112,#2113,#2042,.T.);
#2137=EDGE_CURVE('',#2113,#2121,#2049,.T.);
#2148=EDGE_CURVE('',#2121,#2125,#2056,.T.);
#2150=EDGE_CURVE('',#2124,#2125,#2084,.T.);
#2152=EDGE_CURVE('',#2120,#2124,#2077,.T.);
#2171=EDGE_CURVE('',#2113,#2117,#2063,.T.);
#2173=EDGE_CURVE('',#2117,#2125,#2091,.T.);
#2184=EDGE_CURVE('',#2112,#2116,#2070,.T.);
#2186=EDGE_CURVE('',#2116,#2117,#2099,.T.);
#2198=EDGE_CURVE('',#2124,#2116,#2106,.T.);
#2244=CIRCLE('',#2243,1.25E-1);
#2301=CIRCLE('',#2300,1.25E-1);
#2333=EDGE_CURVE('',#2322,#2323,#2229,.T.);
#2335=EDGE_CURVE('',#2322,#2314,#2236,.T.);
#2337=EDGE_CURVE('',#2314,#2315,#2244,.T.);
#2339=EDGE_CURVE('',#2315,#2323,#2251,.T.);
#2350=EDGE_CURVE('',#2323,#2327,#2258,.T.);
#2352=EDGE_CURVE('',#2326,#2327,#2286,.T.);
#2354=EDGE_CURVE('',#2322,#2326,#2279,.T.);
#2373=EDGE_CURVE('',#2315,#2319,#2265,.T.);
#2375=EDGE_CURVE('',#2319,#2327,#2293,.T.);
#2386=EDGE_CURVE('',#2314,#2318,#2272,.T.);
#2388=EDGE_CURVE('',#2318,#2319,#2301,.T.);
#2400=EDGE_CURVE('',#2326,#2318,#2308,.T.);
#2446=CIRCLE('',#2445,2.E-1);
#2503=CIRCLE('',#2502,2.E-1);
#2535=EDGE_CURVE('',#2524,#2525,#2431,.T.);
#2537=EDGE_CURVE('',#2524,#2516,#2438,.T.);
#2539=EDGE_CURVE('',#2516,#2517,#2446,.T.);
#2541=EDGE_CURVE('',#2517,#2525,#2453,.T.);
#2552=EDGE_CURVE('',#2525,#2529,#2460,.T.);
#2554=EDGE_CURVE('',#2528,#2529,#2488,.T.);
#2556=EDGE_CURVE('',#2524,#2528,#2481,.T.);
#2575=EDGE_CURVE('',#2517,#2521,#2467,.T.);
#2577=EDGE_CURVE('',#2521,#2529,#2495,.T.);
#2588=EDGE_CURVE('',#2516,#2520,#2474,.T.);
#2590=EDGE_CURVE('',#2520,#2521,#2503,.T.);
#2602=EDGE_CURVE('',#2528,#2520,#2510,.T.);
#2662=CIRCLE('',#2661,1.25E-1);
#2726=CIRCLE('',#2725,1.25E-1);
#2837=EDGE_CURVE('',#2826,#2827,#2633,.T.);
#2839=EDGE_CURVE('',#2827,#2831,#2754,.T.);
#2841=EDGE_CURVE('',#2830,#2831,#2697,.T.);
#2843=EDGE_CURVE('',#2826,#2830,#2690,.T.);
#2861=EDGE_CURVE('',#2826,#2802,#2640,.T.);
#2863=EDGE_CURVE('',#2802,#2803,#2647,.T.);
#2865=EDGE_CURVE('',#2803,#2805,#2654,.T.);
#2867=EDGE_CURVE('',#2805,#2807,#2662,.T.);
#2869=EDGE_CURVE('',#2807,#2809,#2669,.T.);
#2871=EDGE_CURVE('',#2809,#2811,#2676,.T.);
#2873=EDGE_CURVE('',#2811,#2827,#2683,.T.);
#2884=EDGE_CURVE('',#2830,#2814,#2747,.T.);
#2886=EDGE_CURVE('',#2802,#2814,#2796,.T.);
#2898=EDGE_CURVE('',#2823,#2831,#2704,.T.);
#2900=EDGE_CURVE('',#2821,#2823,#2711,.T.);
#2902=EDGE_CURVE('',#2819,#2821,#2718,.T.);
#2904=EDGE_CURVE('',#2817,#2819,#2726,.T.);
#2906=EDGE_CURVE('',#2815,#2817,#2733,.T.);
#2908=EDGE_CURVE('',#2814,#2815,#2740,.T.);
#2921=EDGE_CURVE('',#2811,#2823,#2761,.T.);
#2933=EDGE_CURVE('',#2809,#2821,#2768,.T.);
#2946=EDGE_CURVE('',#2807,#2819,#2775,.T.);
#2959=EDGE_CURVE('',#2805,#2817,#2782,.T.);
#2972=EDGE_CURVE('',#2803,#2815,#2789,.T.);
#3032=CIRCLE('',#3031,1.25E-1);
#3096=CIRCLE('',#3095,1.25E-1);
#3207=EDGE_CURVE('',#3196,#3197,#3003,.T.);
#3209=EDGE_CURVE('',#3197,#3201,#3124,.T.);
#3211=EDGE_CURVE('',#3200,#3201,#3067,.T.);
#3213=EDGE_CURVE('',#3196,#3200,#3060,.T.);
#3231=EDGE_CURVE('',#3196,#3172,#3010,.T.);
#3233=EDGE_CURVE('',#3172,#3173,#3017,.T.);
#3235=EDGE_CURVE('',#3173,#3175,#3024,.T.);
#3237=EDGE_CURVE('',#3175,#3177,#3032,.T.);
#3239=EDGE_CURVE('',#3177,#3179,#3039,.T.);
#3241=EDGE_CURVE('',#3179,#3181,#3046,.T.);
#3243=EDGE_CURVE('',#3181,#3197,#3053,.T.);
#3254=EDGE_CURVE('',#3200,#3184,#3117,.T.);
#3256=EDGE_CURVE('',#3172,#3184,#3166,.T.);
#3268=EDGE_CURVE('',#3193,#3201,#3074,.T.);
#3270=EDGE_CURVE('',#3191,#3193,#3081,.T.);
#3272=EDGE_CURVE('',#3189,#3191,#3088,.T.);
#3274=EDGE_CURVE('',#3187,#3189,#3096,.T.);
#3276=EDGE_CURVE('',#3185,#3187,#3103,.T.);
#3278=EDGE_CURVE('',#3184,#3185,#3110,.T.);
#3291=EDGE_CURVE('',#3181,#3193,#3131,.T.);
#3303=EDGE_CURVE('',#3179,#3191,#3138,.T.);
#3316=EDGE_CURVE('',#3177,#3189,#3145,.T.);
#3329=EDGE_CURVE('',#3175,#3187,#3152,.T.);
#3342=EDGE_CURVE('',#3173,#3185,#3159,.T.);
#3388=CIRCLE('',#3387,2.E-1);
#3445=CIRCLE('',#3444,2.E-1);
#3477=EDGE_CURVE('',#3466,#3467,#3373,.T.);
#3479=EDGE_CURVE('',#3466,#3458,#3380,.T.);
#3481=EDGE_CURVE('',#3458,#3459,#3388,.T.);
#3483=EDGE_CURVE('',#3459,#3467,#3395,.T.);
#3494=EDGE_CURVE('',#3467,#3471,#3402,.T.);
#3496=EDGE_CURVE('',#3470,#3471,#3430,.T.);
#3498=EDGE_CURVE('',#3466,#3470,#3423,.T.);
#3517=EDGE_CURVE('',#3459,#3463,#3409,.T.);
#3519=EDGE_CURVE('',#3463,#3471,#3437,.T.);
#3530=EDGE_CURVE('',#3458,#3462,#3416,.T.);
#3532=EDGE_CURVE('',#3462,#3463,#3445,.T.);
#3544=EDGE_CURVE('',#3470,#3462,#3452,.T.);
#3571=(LENGTH_UNIT()NAMED_UNIT(*)SI_UNIT(.MILLI.,.METRE.));
#3573=(NAMED_UNIT(*)PLANE_ANGLE_UNIT()SI_UNIT($,.RADIAN.));
#3576=(NAMED_UNIT(*)SI_UNIT($,.STERADIAN.)SOLID_ANGLE_UNIT());
#3582=AXIS2_PLACEMENT_3D('',#3579,#3580,#3581);
#3583=ADVANCED_BREP_SHAPE_REPRESENTATION('',(#3582,#270,#472,#674,#876,#1244,
#1612,#1814,#2016,#2218,#2420,#2622,#2992,#3362,#3564),#3578);
#3590=PRODUCT_DEFINITION('design','',#3589,#3586);
#3591=PRODUCT_DEFINITION_SHAPE('','SHAPE FOR FRAME.',#3590);
#3592=SHAPE_DEFINITION_REPRESENTATION(#3591,#3583);
#3593=SHAPE_DEFINITION_REPRESENTATION(#3594,#3595);
#3594=PRODUCT_DEFINITION_SHAPE('','SHAPE FOR RZP0014A_ASM.',#6931);
#3595=SHAPE_REPRESENTATION('',(#3601,#6910,#6925),#6921);
#3596=NEXT_ASSEMBLY_USAGE_OCCURRENCE('0','Next assembly relationship','FRAME',
#6931,#3590,$);
#3597=PRODUCT_DEFINITION_SHAPE('Placement #0',
'Placement of FRAME with respect to RZP0014A_ASM',#3596);
#3631=CIRCLE('',#3630,1.25E-1);
#3660=CIRCLE('',#3659,1.25E-1);
#3689=CIRCLE('',#3688,2.E-1);
#3844=CIRCLE('',#3843,2.E-1);
#3873=CIRCLE('',#3872,1.25E-1);
#3902=CIRCLE('',#3901,1.25E-1);
#3931=CIRCLE('',#3930,1.25E-1);
#3967=CIRCLE('',#3966,2.E-1);
#4010=CIRCLE('',#4009,1.25E-1);
#4067=CIRCLE('',#4066,1.25E-1);
#4110=CIRCLE('',#4109,2.E-1);
#4377=CIRCLE('',#4376,2.E-1);
#4399=CIRCLE('',#4398,1.25E-1);
#4421=CIRCLE('',#4420,1.25E-1);
#4443=CIRCLE('',#4442,1.25E-1);
#4465=CIRCLE('',#4464,2.E-1);
#4501=CIRCLE('',#4500,1.25E-1);
#4551=CIRCLE('',#4550,1.25E-1);
#4587=CIRCLE('',#4586,2.E-1);
#4637=CIRCLE('',#4636,1.25E-1);
#4659=CIRCLE('',#4658,1.25E-1);
#4681=CIRCLE('',#4680,2.E-1);
#5558=EDGE_CURVE('',#5353,#5354,#3609,.T.);
#5560=EDGE_CURVE('',#5353,#5368,#3616,.T.);
#5562=EDGE_CURVE('',#5368,#5366,#3623,.T.);
#5564=EDGE_CURVE('',#5364,#5366,#3631,.T.);
#5566=EDGE_CURVE('',#5363,#5364,#3638,.T.);
#5568=EDGE_CURVE('',#5363,#5376,#3645,.T.);
#5570=EDGE_CURVE('',#5376,#5374,#3652,.T.);
#5572=EDGE_CURVE('',#5372,#5374,#3660,.T.);
#5574=EDGE_CURVE('',#5371,#5372,#3667,.T.);
#5576=EDGE_CURVE('',#5371,#5384,#3674,.T.);
#5578=EDGE_CURVE('',#5384,#5382,#3681,.T.);
#5580=EDGE_CURVE('',#5380,#5382,#3689,.T.);
#5582=EDGE_CURVE('',#5379,#5380,#3696,.T.);
#5584=EDGE_CURVE('',#5379,#5254,#3703,.T.);
#5586=EDGE_CURVE('',#5254,#5390,#3710,.T.);
#5588=EDGE_CURVE('',#5390,#5388,#3717,.T.);
#5590=EDGE_CURVE('',#5387,#5388,#3724,.T.);
#5592=EDGE_CURVE('',#5400,#5387,#3731,.T.);
#5594=EDGE_CURVE('',#5398,#5400,#3738,.T.);
#5596=EDGE_CURVE('',#5396,#5398,#3745,.T.);
#5598=EDGE_CURVE('',#5394,#5396,#3752,.T.);
#5600=EDGE_CURVE('',#5393,#5394,#3759,.T.);
#5602=EDGE_CURVE('',#5393,#5410,#3766,.T.);
#5604=EDGE_CURVE('',#5410,#5408,#3773,.T.);
#5606=EDGE_CURVE('',#5406,#5408,#3780,.T.);
#5608=EDGE_CURVE('',#5404,#5406,#3787,.T.);
#5610=EDGE_CURVE('',#5403,#5404,#3794,.T.);
#5612=EDGE_CURVE('',#5416,#5403,#3801,.T.);
#5614=EDGE_CURVE('',#5414,#5416,#3808,.T.);
#5616=EDGE_CURVE('',#5413,#5414,#3815,.T.);
#5618=EDGE_CURVE('',#5413,#5256,#3822,.T.);
#5620=EDGE_CURVE('',#5256,#5424,#3829,.T.);
#5622=EDGE_CURVE('',#5424,#5422,#3836,.T.);
#5624=EDGE_CURVE('',#5420,#5422,#3844,.T.);
#5626=EDGE_CURVE('',#5419,#5420,#3851,.T.);
#5628=EDGE_CURVE('',#5419,#5432,#3858,.T.);
#5630=EDGE_CURVE('',#5432,#5430,#3865,.T.);
#5632=EDGE_CURVE('',#5428,#5430,#3873,.T.);
#5634=EDGE_CURVE('',#5427,#5428,#3880,.T.);
#5636=EDGE_CURVE('',#5427,#5440,#3887,.T.);
#5638=EDGE_CURVE('',#5440,#5438,#3894,.T.);
#5640=EDGE_CURVE('',#5436,#5438,#3902,.T.);
#5642=EDGE_CURVE('',#5435,#5436,#3909,.T.);
#5644=EDGE_CURVE('',#5435,#5448,#3916,.T.);
#5646=EDGE_CURVE('',#5448,#5446,#3923,.T.);
#5648=EDGE_CURVE('',#5444,#5446,#3931,.T.);
#5650=EDGE_CURVE('',#5443,#5444,#3938,.T.);
#5652=EDGE_CURVE('',#5443,#5258,#3945,.T.);
#5654=EDGE_CURVE('',#5258,#5456,#3952,.T.);
#5656=EDGE_CURVE('',#5456,#5454,#3959,.T.);
#5658=EDGE_CURVE('',#5452,#5454,#3967,.T.);
#5660=EDGE_CURVE('',#5451,#5452,#3974,.T.);
#5662=EDGE_CURVE('',#5451,#5470,#3981,.T.);
#5664=EDGE_CURVE('',#5470,#5468,#3988,.T.);
#5666=EDGE_CURVE('',#5466,#5468,#3995,.T.);
#5668=EDGE_CURVE('',#5464,#5466,#4002,.T.);
#5670=EDGE_CURVE('',#5462,#5464,#4010,.T.);
#5672=EDGE_CURVE('',#5460,#5462,#4017,.T.);
#5674=EDGE_CURVE('',#5459,#5460,#4024,.T.);
#5676=EDGE_CURVE('',#5472,#5459,#4031,.T.);
#5678=EDGE_CURVE('',#5472,#5486,#4038,.T.);
#5680=EDGE_CURVE('',#5486,#5484,#4045,.T.);
#5682=EDGE_CURVE('',#5482,#5484,#4052,.T.);
#5684=EDGE_CURVE('',#5480,#5482,#4059,.T.);
#5686=EDGE_CURVE('',#5478,#5480,#4067,.T.);
#5688=EDGE_CURVE('',#5476,#5478,#4074,.T.);
#5690=EDGE_CURVE('',#5475,#5476,#4081,.T.);
#5692=EDGE_CURVE('',#5488,#5475,#4088,.T.);
#5694=EDGE_CURVE('',#5488,#5496,#4095,.T.);
#5696=EDGE_CURVE('',#5496,#5494,#4102,.T.);
#5698=EDGE_CURVE('',#5492,#5494,#4110,.T.);
#5700=EDGE_CURVE('',#5491,#5492,#4117,.T.);
#5702=EDGE_CURVE('',#5491,#5260,#4124,.T.);
#5704=EDGE_CURVE('',#5260,#5360,#4131,.T.);
#5706=EDGE_CURVE('',#5360,#5358,#4138,.T.);
#5708=EDGE_CURVE('',#5356,#5358,#4145,.T.);
#5710=EDGE_CURVE('',#5354,#5356,#4152,.T.);
#5721=EDGE_CURVE('',#5354,#5263,#4159,.T.);
#5723=EDGE_CURVE('',#5540,#5263,#4601,.T.);
#5725=EDGE_CURVE('',#5353,#5540,#4264,.T.);
#5736=EDGE_CURVE('',#5356,#5264,#4166,.T.);
#5738=EDGE_CURVE('',#5263,#5264,#4608,.T.);
#5750=EDGE_CURVE('',#5358,#5266,#4173,.T.);
#5752=EDGE_CURVE('',#5264,#5266,#4615,.T.);
#5764=EDGE_CURVE('',#5360,#5539,#4187,.T.);
#5766=EDGE_CURVE('',#5266,#5539,#4622,.T.);
#5777=EDGE_CURVE('',#5539,#5540,#4180,.T.);
#5781=EDGE_CURVE('',#5260,#5252,#4194,.T.);
#5783=EDGE_CURVE('',#5252,#5247,#4793,.T.);
#5785=EDGE_CURVE('',#5254,#5247,#4709,.T.);
#5788=EDGE_CURVE('',#5379,#5552,#4201,.T.);
#5790=EDGE_CURVE('',#5551,#5552,#4208,.T.);
#5792=EDGE_CURVE('',#5384,#5551,#4215,.T.);
#5795=EDGE_CURVE('',#5371,#5548,#4222,.T.);
#5797=EDGE_CURVE('',#5547,#5548,#4229,.T.);
#5799=EDGE_CURVE('',#5376,#5547,#4236,.T.);
#5802=EDGE_CURVE('',#5363,#5544,#4243,.T.);
#5804=EDGE_CURVE('',#5543,#5544,#4250,.T.);
#5806=EDGE_CURVE('',#5368,#5543,#4257,.T.);
#5818=EDGE_CURVE('',#5499,#5500,#4695,.T.);
#5820=EDGE_CURVE('',#5500,#5285,#4271,.T.);
#5822=EDGE_CURVE('',#5285,#5286,#4278,.T.);
#5824=EDGE_CURVE('',#5286,#5288,#4285,.T.);
#5826=EDGE_CURVE('',#5288,#5290,#4292,.T.);
#5828=EDGE_CURVE('',#5290,#5281,#4299,.T.);
#5830=EDGE_CURVE('',#5281,#5282,#4306,.T.);
#5832=EDGE_CURVE('',#5282,#5499,#4313,.T.);
#5842=EDGE_CURVE('',#5503,#5504,#4723,.T.);
#5844=EDGE_CURVE('',#5504,#5301,#4320,.T.);
#5846=EDGE_CURVE('',#5301,#5302,#4327,.T.);
#5848=EDGE_CURVE('',#5302,#5293,#4334,.T.);
#5850=EDGE_CURVE('',#5293,#5294,#4341,.T.);
#5852=EDGE_CURVE('',#5294,#5296,#4348,.T.);
#5854=EDGE_CURVE('',#5296,#5298,#4355,.T.);
#5856=EDGE_CURVE('',#5298,#5503,#4362,.T.);
#5866=EDGE_CURVE('',#5507,#5508,#4919,.T.);
#5868=EDGE_CURVE('',#5508,#5305,#4369,.T.);
#5870=EDGE_CURVE('',#5305,#5306,#4377,.T.);
#5872=EDGE_CURVE('',#5306,#5507,#4384,.T.);
#5882=EDGE_CURVE('',#5511,#5512,#4989,.T.);
#5884=EDGE_CURVE('',#5512,#5309,#4391,.T.);
#5886=EDGE_CURVE('',#5309,#5310,#4399,.T.);
#5888=EDGE_CURVE('',#5310,#5511,#4406,.T.);
#5898=EDGE_CURVE('',#5515,#5516,#4968,.T.);
#5900=EDGE_CURVE('',#5516,#5313,#4413,.T.);
#5902=EDGE_CURVE('',#5313,#5314,#4421,.T.);
#5904=EDGE_CURVE('',#5314,#5515,#4428,.T.);
#5914=EDGE_CURVE('',#5519,#5520,#4947,.T.);
#5916=EDGE_CURVE('',#5520,#5317,#4435,.T.);
#5918=EDGE_CURVE('',#5317,#5318,#4443,.T.);
#5920=EDGE_CURVE('',#5318,#5519,#4450,.T.);
#5930=EDGE_CURVE('',#5523,#5524,#4814,.T.);
#5932=EDGE_CURVE('',#5524,#5321,#4457,.T.);
#5934=EDGE_CURVE('',#5321,#5322,#4465,.T.);
#5936=EDGE_CURVE('',#5322,#5523,#4472,.T.);
#5946=EDGE_CURVE('',#5527,#5528,#4884,.T.);
#5948=EDGE_CURVE('',#5528,#5325,#4479,.T.);
#5950=EDGE_CURVE('',#5325,#5326,#4486,.T.);
#5952=EDGE_CURVE('',#5326,#5328,#4493,.T.);
#5954=EDGE_CURVE('',#5328,#5330,#4501,.T.);
#5956=EDGE_CURVE('',#5330,#5332,#4508,.T.);
#5958=EDGE_CURVE('',#5332,#5334,#4515,.T.);
#5960=EDGE_CURVE('',#5334,#5527,#4522,.T.);
#5970=EDGE_CURVE('',#5531,#5532,#4863,.T.);
#5972=EDGE_CURVE('',#5532,#5337,#4529,.T.);
#5974=EDGE_CURVE('',#5337,#5338,#4536,.T.);
#5976=EDGE_CURVE('',#5338,#5340,#4543,.T.);
#5978=EDGE_CURVE('',#5340,#5342,#4551,.T.);
#5980=EDGE_CURVE('',#5342,#5344,#4558,.T.);
#5982=EDGE_CURVE('',#5344,#5346,#4565,.T.);
#5984=EDGE_CURVE('',#5346,#5531,#4572,.T.);
#5994=EDGE_CURVE('',#5535,#5536,#4842,.T.);
#5996=EDGE_CURVE('',#5536,#5349,#4579,.T.);
#5998=EDGE_CURVE('',#5349,#5350,#4587,.T.);
#6000=EDGE_CURVE('',#5350,#5535,#4594,.T.);
#6024=EDGE_CURVE('',#5544,#5269,#4629,.T.);
#6026=EDGE_CURVE('',#5269,#5270,#4637,.T.);
#6028=EDGE_CURVE('',#5270,#5543,#4644,.T.);
#6039=EDGE_CURVE('',#5548,#5273,#4651,.T.);
#6041=EDGE_CURVE('',#5273,#5274,#4659,.T.);
#6043=EDGE_CURVE('',#5274,#5547,#4666,.T.);
#6054=EDGE_CURVE('',#5552,#5277,#4673,.T.);
#6056=EDGE_CURVE('',#5277,#5278,#4681,.T.);
#6058=EDGE_CURVE('',#5278,#5551,#4688,.T.);
#6069=EDGE_CURVE('',#5390,#5499,#4702,.T.);
#6073=EDGE_CURVE('',#5247,#5248,#4786,.T.);
#6075=EDGE_CURVE('',#5256,#5248,#4933,.T.);
#6078=EDGE_CURVE('',#5413,#5504,#4716,.T.);
#6081=EDGE_CURVE('',#5410,#5503,#4730,.T.);
#6084=EDGE_CURVE('',#5393,#5500,#4737,.T.);
#6097=EDGE_CURVE('',#5388,#5282,#4744,.T.);
#6110=EDGE_CURVE('',#5387,#5281,#4751,.T.);
#6123=EDGE_CURVE('',#5400,#5290,#4758,.T.);
#6136=EDGE_CURVE('',#5398,#5288,#4765,.T.);
#6149=EDGE_CURVE('',#5396,#5286,#4772,.T.);
#6162=EDGE_CURVE('',#5394,#5285,#4779,.T.);
#6186=EDGE_CURVE('',#5250,#5252,#4800,.T.);
#6188=EDGE_CURVE('',#5248,#5250,#4807,.T.);
#6199=EDGE_CURVE('',#5456,#5523,#4821,.T.);
#6202=EDGE_CURVE('',#5258,#5250,#4828,.T.);
#6207=EDGE_CURVE('',#5491,#5536,#4835,.T.);
#6210=EDGE_CURVE('',#5496,#5535,#4849,.T.);
#6213=EDGE_CURVE('',#5488,#5532,#4856,.T.);
#6216=EDGE_CURVE('',#5486,#5531,#4870,.T.);
#6219=EDGE_CURVE('',#5472,#5528,#4877,.T.);
#6222=EDGE_CURVE('',#5470,#5527,#4891,.T.);
#6225=EDGE_CURVE('',#5451,#5524,#4898,.T.);
#6238=EDGE_CURVE('',#5454,#5322,#4905,.T.);
#6251=EDGE_CURVE('',#5452,#5321,#4912,.T.);
#6274=EDGE_CURVE('',#5424,#5507,#4926,.T.);
#6281=EDGE_CURVE('',#5443,#5520,#4940,.T.);
#6284=EDGE_CURVE('',#5448,#5519,#4954,.T.);
#6287=EDGE_CURVE('',#5435,#5516,#4961,.T.);
#6290=EDGE_CURVE('',#5440,#5515,#4975,.T.);
#6293=EDGE_CURVE('',#5427,#5512,#4982,.T.);
#6296=EDGE_CURVE('',#5432,#5511,#4996,.T.);
#6299=EDGE_CURVE('',#5419,#5508,#5003,.T.);
#6312=EDGE_CURVE('',#5422,#5306,#5010,.T.);
#6325=EDGE_CURVE('',#5420,#5305,#5017,.T.);
#6348=EDGE_CURVE('',#5444,#5317,#5024,.T.);
#6361=EDGE_CURVE('',#5446,#5318,#5031,.T.);
#6386=EDGE_CURVE('',#5436,#5313,#5038,.T.);
#6399=EDGE_CURVE('',#5438,#5314,#5045,.T.);
#6424=EDGE_CURVE('',#5428,#5309,#5052,.T.);
#6437=EDGE_CURVE('',#5430,#5310,#5059,.T.);
#6462=EDGE_CURVE('',#5492,#5349,#5066,.T.);
#6475=EDGE_CURVE('',#5494,#5350,#5073,.T.);
#6500=EDGE_CURVE('',#5475,#5337,#5080,.T.);
#6513=EDGE_CURVE('',#5476,#5338,#5087,.T.);
#6526=EDGE_CURVE('',#5478,#5340,#5094,.T.);
#6539=EDGE_CURVE('',#5480,#5342,#5101,.T.);
#6552=EDGE_CURVE('',#5482,#5344,#5108,.T.);
#6565=EDGE_CURVE('',#5484,#5346,#5115,.T.);
#6590=EDGE_CURVE('',#5459,#5325,#5122,.T.);
#6603=EDGE_CURVE('',#5460,#5326,#5129,.T.);
#6616=EDGE_CURVE('',#5462,#5328,#5136,.T.);
#6629=EDGE_CURVE('',#5464,#5330,#5143,.T.);
#6642=EDGE_CURVE('',#5466,#5332,#5150,.T.);
#6655=EDGE_CURVE('',#5468,#5334,#5157,.T.);
#6680=EDGE_CURVE('',#5414,#5301,#5164,.T.);
#6693=EDGE_CURVE('',#5416,#5302,#5171,.T.);
#6706=EDGE_CURVE('',#5403,#5293,#5178,.T.);
#6719=EDGE_CURVE('',#5404,#5294,#5185,.T.);
#6732=EDGE_CURVE('',#5406,#5296,#5192,.T.);
#6745=EDGE_CURVE('',#5408,#5298,#5199,.T.);
#6770=EDGE_CURVE('',#5364,#5269,#5206,.T.);
#6783=EDGE_CURVE('',#5366,#5270,#5213,.T.);
#6808=EDGE_CURVE('',#5372,#5273,#5220,.T.);
#6821=EDGE_CURVE('',#5374,#5274,#5227,.T.);
#6846=EDGE_CURVE('',#5380,#5277,#5234,.T.);
#6859=EDGE_CURVE('',#5382,#5278,#5241,.T.);
#6886=(LENGTH_UNIT()NAMED_UNIT(*)SI_UNIT(.MILLI.,.METRE.));
#6888=(NAMED_UNIT(*)PLANE_ANGLE_UNIT()SI_UNIT($,.RADIAN.));
#6891=(NAMED_UNIT(*)SI_UNIT($,.STERADIAN.)SOLID_ANGLE_UNIT());
#6897=AXIS2_PLACEMENT_3D('',#6894,#6895,#6896);
#6898=ADVANCED_BREP_SHAPE_REPRESENTATION('',(#6897,#6879),#6893);
#6902=PRODUCT_DEFINITION('design','',#6901,#3586);
#6903=PRODUCT_DEFINITION_SHAPE('','SHAPE FOR MOLD.',#6902);
#6904=SHAPE_DEFINITION_REPRESENTATION(#6903,#6898);
#6905=NEXT_ASSEMBLY_USAGE_OCCURRENCE('1','Next assembly relationship','MOLD',
#6931,#6902,$);
#6906=PRODUCT_DEFINITION_SHAPE('Placement #1',
'Placement of MOLD with respect to RZP0014A_ASM',#6905);
#6914=(LENGTH_UNIT()NAMED_UNIT(*)SI_UNIT(.MILLI.,.METRE.));
#6916=(NAMED_UNIT(*)PLANE_ANGLE_UNIT()SI_UNIT($,.RADIAN.));
#6919=(NAMED_UNIT(*)SI_UNIT($,.STERADIAN.)SOLID_ANGLE_UNIT());
#6925=AXIS2_PLACEMENT_3D('',#6922,#6923,#6924);
#6931=PRODUCT_DEFINITION('design','',#6930,#6927);
ENDSEC;
END-ISO-10303-21;
